cell,batch,channel,policy,cycle_life_official,n_summary_rows,first_cycle,last_cycle
b1c0,1,0,3.6C(80%)-3.6C,1190.0,1189,1.0,1189.0
b1c1,1,1,3.6C(80%)-3.6C,1179.0,1178,1.0,1178.0
b1c2,1,2,3.6C(80%)-3.6C,1177.0,1176,1.0,1176.0
b1c3,1,3,4C(80%)-4C,1226.0,1225,1.0,1225.0
b1c4,1,4,4C(80%)-4C,1227.0,1226,1.0,1226.0
b1c5,1,5,4.4C(80%)-4.4C,1074.0,1073,1.0,1073.0
b1c6,1,6,4.8C(80%)-4.8C,636.0,635,1.0,635.0
b1c7,1,7,4.8C(80%)-4.8C,870.0,869,1.0,869.0
b1c8,1,8,5.4C(40%)-3.6C,879.0,878,1.0,878.0
b1c9,1,9,5.4C(40%)-3.6C,1054.0,1053,1.0,1053.0
b1c10,1,10,5.4C(50%)-3C,906.0,905,1.0,905.0
b1c11,1,11,5.4C(50%)-3C,788.0,787,1.0,787.0
b1c12,1,12,5.4C(50%)-3.6C,902.0,901,1.0,901.0
b1c13,1,13,5.4C(50%)-3.6C,897.0,896,1.0,896.0
b1c14,1,14,5.4C(60%)-3C,880.0,879,1.0,879.0
b1c15,1,15,5.4C(60%)-3C,719.0,718,1.0,718.0
b1c16,1,16,5.4C(60%)-3.6C,862.0,861,1.0,861.0
b1c17,1,17,5.4C(60%)-3.6C,857.0,856,1.0,856.0
b1c18,1,18,5.4C(70%)-3C,691.0,690,1.0,690.0
b1c19,1,19,5.4C(70%)-3C,788.0,787,1.0,787.0
b1c20,1,20,5.4C(80%)-5.4C,534.0,533,1.0,533.0
b1c21,1,21,5.4C(80%)-5.4C,559.0,558,1.0,558.0
b1c22,1,22,6C(30%)-3.6C,891.0,890,1.0,890.0
b1c23,1,23,6C(30%)-3.6C,1014.0,1013,1.0,1013.0
b1c24,1,24,6C(40%)-3C,1017.0,1016,1.0,1016.0
b1c25,1,25,6C(40%)-3C,854.0,853,1.0,853.0
b1c26,1,26,6C(40%)-3.6C,870.0,869,1.0,869.0
b1c27,1,27,6C(40%)-3.6C,842.0,841,1.0,841.0
b1c28,1,28,6C(50%)-3C,860.0,859,1.0,859.0
b1c29,1,29,6C(50%)-3C,917.0,916,1.0,916.0
b1c30,1,30,6C(50%)-3.6C,709.0,708,1.0,708.0
b1c31,1,31,6C(50%)-3.6C,876.0,875,1.0,875.0
b1c32,1,32,6C(60%)-3C,731.0,730,1.0,730.0
b1c33,1,33,6C(60%)-3C,757.0,756,1.0,756.0
b1c34,1,34,7C(30%)-3.6C,742.0,741,1.0,741.0
b1c35,1,35,7C(30%)-3.6C,703.0,702,1.0,702.0
b1c36,1,36,7C(40%)-3C,704.0,703,1.0,703.0
b1c37,1,37,7C(40%)-3C,648.0,647,1.0,647.0
b1c38,1,38,7C(40%)-3.6C,617.0,616,1.0,616.0
b1c39,1,39,7C(40%)-3.6C,625.0,624,1.0,624.0
b1c40,1,40,8C(15%)-3.6C,966.0,965,1.0,965.0
b1c41,1,41,8C(15%)-3.6C,1051.0,1050,1.0,1050.0
b1c42,1,42,8C(25%)-3.6C,702.0,701,1.0,701.0
b1c43,1,43,8C(25%)-3.6C,651.0,650,1.0,650.0
b1c44,1,44,8C(35%)-3.6C,616.0,615,1.0,615.0
b1c45,1,45,8C(35%)-3.6C,599.0,598,1.0,598.0
b2c0,2,0,1C(4%)-6C,300.0,326,1.0,326.0
b2c1,2,1,2C(10%)-6C,148.0,170,1.0,170.0
b2c2,2,2,2C(2%)-5C,438.0,464,1.0,464.0
b2c3,2,3,2C(7%)-5.5C,335.0,361,1.0,361.0
b2c4,2,4,3.6C(22%)-5.5C,444.0,471,1.0,471.0
b2c5,2,5,3.6C(2%)-4.85C,480.0,507,1.0,507.0
b2c6,2,6,3.6C(30%)-6C,511.0,545,1.0,545.0
b2c7,2,7,80%)-3.6C,663.0,662,1.0,662.0
b2c8,2,8,80%)-3.6C,982.0,981,1.0,981.0
b2c9,2,9,80%)-3.6C,1061.0,1060,1.0,1060.0
b2c10,2,10,3.6C(9%)-5C,561.0,596,1.0,596.0
b2c11,2,11,4C(13%)-5C,477.0,505,1.0,505.0
b2c12,2,12,4C(31%)-5,458.0,491,1.0,491.0
b2c13,2,13,4C(40%)-6C,483.0,520,1.0,520.0
b2c14,2,14,4C(4%)-4.85C,485.0,509,1.0,509.0
b2c15,2,15,80%)-4C,209.0,208,1.0,208.0
b2c16,2,16,80%)-4C,483.0,482,1.0,482.0
b2c17,2,17,4.4C(24%)-5C,494.0,525,1.0,525.0
b2c18,2,18,4.4C(47%)-5.5C,487.0,523,1.0,523.0
b2c19,2,19,4.4C(55%)-6C,461.0,489,1.0,489.0
b2c20,2,20,4.4C(8%)-4.85C,502.0,531,1.0,531.0
b2c21,2,21,4.65C(19%)-4.85C,489.0,520,1.0,520.0
b2c22,2,22,4.65C(44%)-5C,513.0,540,1.0,540.0
b2c23,2,23,4.65C(69%)-6C,527.0,562,1.0,562.0
b2c24,2,24,4.8C(80%)-4.8C,495.0,524,1.0,524.0
b2c25,2,25,4.8C(80%)-4.8C,461.0,487,1.0,487.0
b2c26,2,26,4.8C(80%)-4.8C,471.0,498,1.0,498.0
b2c27,2,27,4.9C(27%)-4.75C,468.0,495,1.0,495.0
b2c28,2,28,4.9C(61%)-4.5C,509.0,541,1.0,541.0
b2c29,2,29,4.9C(69%)-4.25C,498.0,522,1.0,522.0
b2c30,2,30,5.2C(10%)-4.75C,481.0,507,1.0,507.0
b2c31,2,31,5.2C(37%)-4.5C,492.0,519,1.0,519.0
b2c32,2,32,5.2C(50%)-4.25C,519.0,544,1.0,544.0
b2c33,2,33,5.2C(58%)-4C,520.0,546,1.0,546.0
b2c34,2,34,5.2C(66%)-3.5C,499.0,526,1.0,526.0
b2c35,2,35,5.2C(71%)-3C,463.0,486,1.0,486.0
b2c36,2,36,5.6C(25%)-4.5C,535.0,560,1.0,560.0
b2c37,2,37,5.6C(38%)-4.25C,478.0,502,1.0,502.0
b2c38,2,38,5.6C(47%)-4C,465.0,487,1.0,487.0
b2c39,2,39,5.6C(58%)-3.5C,459.0,480,1.0,480.0
b2c40,2,40,5.6C(5%)-4.75C,499.0,530,1.0,530.0
b2c41,2,41,5.6C(65%)-3C,429.0,452,1.0,452.0
b2c42,2,42,6C(20%)-4.5C,466.0,492,1.0,492.0
b2c43,2,43,6C(31%)-4.25C,462.0,487,1.0,487.0
b2c44,2,44,6C(40%)-4C,457.0,479,1.0,479.0
b2c45,2,45,6C(4%)-4.75C,487.0,514,1.0,514.0
b2c46,2,46,6C(52%)-3.5C,429.0,449,1.0,449.0
b2c47,2,47,6C(60%)-3C,713.0,745,1.0,745.0
b3c0,3,0,5C(67%)-4C-newstructure,1009.0,1008,1.0,1008.0
b3c1,3,1,5.3C(54%)-4C-newstructure,1063.0,1062,1.0,1062.0
b3c2,3,2,5.6C(19%)-4.6C-newstructure,1267.0,1266,1.0,1266.0
b3c3,3,3,5.6C(36%)-4.3C-newstructure,1115.0,1114,1.0,1114.0
b3c4,3,4,5.6C(19%)-4.6C-newstructure,1048.0,1047,1.0,1047.0
b3c5,3,5,5.6C(36%)-4.3C-newstructure,828.0,827,1.0,827.0
b3c6,3,6,3.7C(31%)-5.9C-newstructure,667.0,666,1.0,666.0
b3c7,3,7,4.8C(80%)-4.8C-newstructure,1836.0,1835,1.0,1835.0
b3c8,3,8,5C(67%)-4C-newstructure,828.0,827,1.0,827.0
b3c9,3,9,5.3C(54%)-4C-newstructure,1039.0,1038,1.0,1038.0
b3c10,3,10,4.8C(80%)-4.8C-newstructure,1078.0,1077,1.0,1077.0
b3c11,3,11,5.6C(19%)-4.6C-newstructure,817.0,816,1.0,816.0
b3c12,3,12,5.6C(36%)-4.3C-newstructure,932.0,931,1.0,931.0
b3c13,3,13,5.6C(19%)-4.6C-newstructure,816.0,815,1.0,815.0
b3c14,3,14,5.6C(36%)-4.3C-newstructure,858.0,857,1.0,857.0
b3c15,3,15,5.9C(15%)-4.6C-newstructure,876.0,875,1.0,875.0
b3c16,3,16,4.8C(80%)-4.8C-newstructure,1638.0,1637,1.0,1637.0
b3c17,3,17,5.3C(54%)-4C-newstructure,1315.0,1314,1.0,1314.0
b3c18,3,18,5.6C(19%)-4.6C-newstructure,1146.0,1145,1.0,1145.0
b3c19,3,19,5.6C(36%)-4.3C-newstructure,1155.0,1154,1.0,1154.0
b3c20,3,20,5C(67%)-4C-newstructure,813.0,812,1.0,812.0
b3c21,3,21,3.7C(31%)-5.9C-newstructure,772.0,771,1.0,771.0
b3c22,3,22,5.9C(60%)-3.1C-newstructure,1002.0,1001,1.0,1001.0
b3c23,3,23,4.8C(80%)-4.8C-newstructure,,2189,1.0,2189.0
b3c24,3,24,5C(67%)-4C-newstructure,825.0,824,1.0,824.0
b3c25,3,25,5.3C(54%)-4C-newstructure,989.0,988,1.0,988.0
b3c26,3,26,5.6C(19%)-4.6C-newstructure,1028.0,1027,1.0,1027.0
b3c27,3,27,5.6C(36%)-4.3C-newstructure,850.0,849,1.0,849.0
b3c28,3,28,3.7C(31%)-5.9C-newstructure,541.0,540,1.0,540.0
b3c29,3,29,5.9C(15%)-4.6C-newstructure,858.0,857,1.0,857.0
b3c30,3,30,5.3C(54%)-4C-newstructure,935.0,934,1.0,934.0
b3c31,3,31,5.9C(60%)-3.1C-newstructure,731.0,730,1.0,730.0
b3c32,3,32,4.8C(80%)-4.8C-newstructure,,2237,1.0,2237.0
b3c33,3,33,5C(67%)-4C-newstructure,1284.0,1283,1.0,1283.0
b3c34,3,34,5.3C(54%)-4C-newstructure,1158.0,1157,1.0,1157.0
b3c35,3,35,5.6C(19%)-4.6C-newstructure,1093.0,1092,1.0,1092.0
b3c36,3,36,5.6C(36%)-4.3C-newstructure,923.0,922,1.0,922.0
b3c37,3,37,4.8C(80%)-4.8C-newstructure,1390.0,1389,1.0,1389.0
b3c38,3,38,5C(67%)-4C-newstructure,1935.0,1934,1.0,1934.0
b3c39,3,39,5.3C(54%)-4C-newstructure,1156.0,1155,1.0,1155.0
b3c40,3,40,5.6C(19%)-4.6C-newstructure,796.0,795,1.0,795.0
b3c41,3,41,5.6C(36%)-4.3C-newstructure,786.0,785,1.0,785.0
b3c42,3,42,4.8C(80%)-4.8C-newstructure,1642.0,1641,1.0,1641.0
b3c43,3,43,5C(67%)-4C-newstructure,1046.0,1045,1.0,1045.0
b3c44,3,44,5.3C(54%)-4C-newstructure,940.0,939,1.0,939.0
b3c45,3,45,4.8C(80%)-4.8C-newstructure,1801.0,1800,1.0,1800.0
