mech,method,mean,std,count,se,ok
CAR,CC,0.0821215,0.02509959626401006,2000,0.0005612440345412625,True
CAR,E2_G1,0.013554499999999999,0.0038775697961173964,2000,8.670509651618498e-05,True
CAR,E2_G4,0.0133595,0.003975948167659626,2000,8.890490377902654e-05,True
CAR,E2_Ginf,0.012846999999999999,0.004690265482373846,2000,0.0001048775245110876,True
CAR,E2base_G1,0.013509,0.0037464565883624287,2000,8.377331606330338e-05,True
CAR,E2base_G4,0.013307000000000001,0.00405758339304268,2000,9.07303229121768e-05,True
CAR,E2base_Ginf,0.012846999999999999,0.004690265482373846,2000,0.0001048775245110876,True
CAR,IPCW,0.09479749999999999,0.026343566301712945,2000,0.0005890600502040287,True
CAR,ORACLE,0.0998945,0.022660783863596965,2000,0.0005067105314243314,True
CAR,T2,0.012846999999999999,0.004690265482373846,2000,0.0001048775245110876,True
CARX,CC,0.0866845,0.026502795302183028,2000,0.0005926205188944333,True
CARX,E2_G1,0.013504500000000001,0.0037628525455616533,2000,8.413994081183981e-05,True
CARX,E2_G4,0.0132245,0.0041639847663707055,2000,9.310952994878477e-05,True
CARX,E2_Ginf,0.012749,0.0047634382720977975,2000,0.00010651371783034814,True
CARX,E2base_G1,0.013502,0.003758864260686349,2000,8.405076005089166e-05,True
CARX,E2base_G4,0.0132135,0.004186607408247806,2000,9.361538759946308e-05,True
CARX,E2base_Ginf,0.012749,0.0047634382720977975,2000,0.00010651371783034814,True
CARX,IPCW,0.092184,0.02670398276189667,2000,0.0005971192072558353,True
CARX,ORACLE,0.0998945,0.022660783863596965,2000,0.0005067105314243314,True
CARX,T2,0.012749,0.0047634382720977975,2000,0.00010651371783034814,True
INF4,CC,0.104072,0.033282212499087534,2000,0.0007442128958955288,False
INF4,E2_G1,0.0133875,0.003938159252639435,2000,8.805991795121544e-05,True
INF4,E2_G4,0.0127425,0.004772167279158407,2000,0.00010670890436198414,True
INF4,E2_Ginf,0.0115605,0.005829093318386421,2000,0.0001303424890710186,True
INF4,E2base_G1,0.0134305,0.0038779748702831044,2000,8.67141542498895e-05,True
INF4,E2base_G4,0.012786500000000001,0.004720493541955096,2000,0.00010555344447160351,True
INF4,E2base_Ginf,0.0115605,0.005829093318386421,2000,0.0001303424890710186,True
INF4,IPCW,0.1307205,0.03609580076915575,2000,0.0008071266422212145,False
INF4,ORACLE,0.0998945,0.022660783863596965,2000,0.0005067105314243314,True
INF4,T2,0.0115605,0.005829093318386421,2000,0.0001303424890710186,True
