lam,p_horizon,alpha,method,fail,first_row,inf_level
100.0,0.6321205588285577,0.31606027941427883,CC,0.2769933333333333,0.013591666666666665,0.0
100.0,0.6321205588285577,0.31606027941427883,E2_G1,0.19043,0.017163333333333333,0.0
100.0,0.6321205588285577,0.31606027941427883,E2_G4,0.13118833333333332,0.02042333333333333,0.0
100.0,0.6321205588285577,0.31606027941427883,IPCW,0.312835,0.012331666666666666,0.0
100.0,0.6321205588285577,0.31606027941427883,ORACLE,0.314455,0.012288333333333333,0.0
100.0,0.6321205588285577,0.31606027941427883,T2,0.012238333333333334,0.09412833333333333,0.0
200.0,0.22119921692859512,0.11059960846429756,CC,0.086935,0.00385,0.0
200.0,0.22119921692859512,0.11059960846429756,E2_G1,0.061023333333333325,0.00466,0.0
200.0,0.22119921692859512,0.11059960846429756,E2_G4,0.008563333333333333,0.012951666666666667,0.0
200.0,0.22119921692859512,0.11059960846429756,IPCW,0.11003666666666667,0.0032283333333333335,0.0
200.0,0.22119921692859512,0.11059960846429756,ORACLE,0.110495,0.0032083333333333334,0.0
200.0,0.22119921692859512,0.11059960846429756,T2,0.003155,0.28128333333333333,0.0
400.0,0.06058693718652419,0.030293468593262096,CC,0.021951666666666664,0.0010566666666666667,0.0
400.0,0.06058693718652419,0.030293468593262096,E2_G1,0.015951666666666666,0.0013366666666666668,0.0
400.0,0.06058693718652419,0.030293468593262096,E2_G4,0.0012983333333333334,0.02292,0.0
400.0,0.06058693718652419,0.030293468593262096,IPCW,0.02892666666666667,0.0008316666666666666,0.0
400.0,0.06058693718652419,0.030293468593262096,ORACLE,0.029793333333333335,0.0008166666666666666,0.0
400.0,0.06058693718652419,0.030293468593262096,T2,0.0,1.0,1.0
800.0,0.015503562994591547,0.007751781497295773,CC,0.004638333333333333,0.003663333333333333,0.0033333333333333335
800.0,0.015503562994591547,0.007751781497295773,E2_G1,0.003538333333333334,0.0012383333333333333,0.006666666666666667
800.0,0.015503562994591547,0.007751781497295773,E2_G4,0.0005383333333333334,0.11560333333333332,0.02666666666666667
800.0,0.015503562994591547,0.007751781497295773,IPCW,0.006445,0.000255,0.006666666666666667
800.0,0.015503562994591547,0.007751781497295773,ORACLE,0.007056666666666667,0.00023666666666666668,0.0033333333333333335
800.0,0.015503562994591547,0.007751781497295773,T2,0.0,1.0,1.0
