dataset,policy,n,fail,crit_exceed,crit_miss,p_fail_given_exceed,prod_indep,prod_mdep,m_lag,pooled_miss_target,pathwise
BATTERY,LBall,123,0.44715447154471544,0.44715447154471544,0.4959349593495935,1.0,0.23671483278321748,0.44715447154471544,22.0,0.11316894412104787,True
BATTERY,LBnear,123,0.032520325203252036,0.032520325203252036,0.032520325203252036,1.0,0.0003218970974809984,0.03252032520325203,22.0,0.02074083355674352,True
FD001,LBall,100,0.24,0.24,0.24,1.0,0.01015376557890198,0.24,20.0,0.10018625638033002,True
FD001,LBnear,100,0.03,0.04,0.04,0.75,2.1631044912046992e-08,0.039999999999999994,20.0,0.02656239329766292,True
FD002,LBall,260,0.25,0.25384615384615383,0.25384615384615383,0.9848484848484849,0.008952141816616582,0.2538461538461538,18.0,0.09289954422132521,True
FD002,LBnear,260,0.015384615384615385,0.015384615384615385,0.015384615384615385,1.0,9.597957738660404e-09,0.015088757396449682,18.0,0.027201722840340982,True
FD003,LBall,100,0.3,0.31,0.31,0.967741935483871,0.030878610410852686,0.31,18.0,0.09347967941852303,True
FD003,LBnear,100,0.06,0.07,0.07,0.8571428571428571,2.3546172015097162e-07,0.069,18.0,0.02295233207193032,True
FD004,LBall,249,0.4497991967871486,0.46987951807228917,0.46987951807228917,0.9572649572649573,0.06332490318752491,0.46240963855421685,21.0,0.11208167668240139,True
FD004,LBnear,249,0.09236947791164658,0.10040160642570281,0.10040160642570281,0.92,3.409888792739415e-06,0.09647924464989298,21.0,0.029877249191293927,True
NCMAPSS,LBall,99,0.1717171717171717,0.18181818181818182,0.18181818181818182,0.9444444444444444,0.00011273117856415569,0.14033611740675445,14.0,0.10993867496450929,True
NCMAPSS,LBnear,99,0.13131313131313133,0.15151515151515152,0.15151515151515152,0.8666666666666667,2.3128553526085183e-05,0.09884985589971734,14.0,0.09333199921659535,True
PHM08,LBall,218,0.3577981651376147,0.3761467889908257,0.3761467889908257,0.9512195121951219,0.04103026794286161,0.3761467889908256,20.0,0.11431406207249496,True
PHM08,LBnear,218,0.045871559633027525,0.05045871559633028,0.05045871559633028,0.9090909090909091,3.559942179252439e-06,0.05045871559633023,20.0,0.03630602327113187,True
