dataset,lead,rho,n,failures,rate,p
BATTERY,15,5,123,3,0.024390243902439025,0.9997474116057181
BATTERY,15,10,123,3,0.024390243902439025,0.9997474116057181
BATTERY,15,20,123,3,0.024390243902439025,0.9997474116057181
BATTERY,15,50,123,3,0.024390243902439025,0.9997474116057181
BATTERY,30,5,123,2,0.016260162601626018,0.9999654729015756
BATTERY,30,10,123,2,0.016260162601626018,0.9999654729015756
BATTERY,30,20,123,2,0.016260162601626018,0.9999654729015756
BATTERY,30,50,123,2,0.016260162601626018,0.9999654729015756
BATTERY,45,5,123,1,0.008130081300813009,0.9999976458796529
BATTERY,45,10,123,1,0.008130081300813009,0.9999976458796529
BATTERY,45,20,123,1,0.008130081300813009,0.9999976458796529
BATTERY,45,50,123,1,0.008130081300813009,0.9999976458796529
FD001,5,5,100,3,0.03,0.99805511534812
FD001,5,10,100,3,0.03,0.99805511534812
FD001,5,20,100,3,0.03,0.99805511534812
FD001,5,50,100,3,0.03,0.99805511534812
FD001,10,5,100,2,0.02,0.9996783119468059
FD001,10,10,100,2,0.02,0.9996783119468059
FD001,10,20,100,2,0.02,0.9996783119468059
FD001,10,50,100,2,0.02,0.9996783119468059
FD001,15,5,100,5,0.05,0.9762889173365231
FD001,15,10,100,5,0.05,0.9762889173365231
FD001,15,20,100,5,0.05,0.9762889173365231
FD001,15,50,100,5,0.05,0.9762889173365231
FD002,5,5,260,3,0.011538461538461539,0.9999999994351068
FD002,5,10,260,3,0.011538461538461539,0.9999999994351068
FD002,5,20,260,3,0.011538461538461539,0.9999999994351068
FD002,5,50,260,3,0.011538461538461539,0.9999999994351068
FD002,10,5,260,2,0.007692307692307693,0.9999999999621068
FD002,10,10,260,2,0.007692307692307693,0.9999999999621068
FD002,10,20,260,2,0.007692307692307693,0.9999999999621068
FD002,10,50,260,2,0.007692307692307693,0.9999999999621068
FD002,15,5,260,2,0.007692307692307693,0.9999999999621068
FD002,15,10,260,2,0.007692307692307693,0.9999999999621068
FD002,15,20,260,2,0.007692307692307693,0.9999999999621068
FD002,15,50,260,2,0.007692307692307693,0.9999999999621068
FD003,5,5,100,5,0.05,0.9762889173365231
FD003,5,10,100,5,0.05,0.9762889173365231
FD003,5,20,100,5,0.05,0.9762889173365231
FD003,5,50,100,5,0.05,0.9762889173365231
FD003,10,5,100,5,0.05,0.9762889173365231
FD003,10,10,100,5,0.05,0.9762889173365231
FD003,10,20,100,5,0.05,0.9762889173365231
FD003,10,50,100,5,0.05,0.9762889173365231
FD003,15,5,100,5,0.05,0.9762889173365231
FD003,15,10,100,5,0.05,0.9762889173365231
FD003,15,20,100,5,0.05,0.9762889173365231
FD003,15,50,100,5,0.05,0.9762889173365231
FD004,5,5,249,5,0.020080321285140562,0.9999998879869885
FD004,5,10,249,3,0.012048192771084338,0.9999999983441852
FD004,5,20,249,3,0.012048192771084338,0.9999999983441852
FD004,5,50,249,3,0.012048192771084338,0.9999999983441852
FD004,10,5,249,3,0.012048192771084338,0.9999999983441852
FD004,10,10,249,3,0.012048192771084338,0.9999999983441852
FD004,10,20,249,3,0.012048192771084338,0.9999999983441852
FD004,10,50,249,3,0.012048192771084338,0.9999999983441852
FD004,15,5,249,3,0.012048192771084338,0.9999999983441852
FD004,15,10,249,3,0.012048192771084338,0.9999999983441852
FD004,15,20,249,3,0.012048192771084338,0.9999999983441852
FD004,15,50,249,3,0.012048192771084338,0.9999999983441852
NCMAPSS,5,5,99,6,0.06060606060606061,0.938848389776035
NCMAPSS,5,10,99,6,0.06060606060606061,0.938848389776035
NCMAPSS,5,20,99,6,0.06060606060606061,0.938848389776035
NCMAPSS,5,50,99,6,0.06060606060606061,0.938848389776035
NCMAPSS,10,5,99,6,0.06060606060606061,0.938848389776035
NCMAPSS,10,10,99,6,0.06060606060606061,0.938848389776035
NCMAPSS,10,20,99,3,0.030303030303030304,0.9978783672740409
NCMAPSS,10,50,99,3,0.030303030303030304,0.9978783672740409
NCMAPSS,15,5,99,4,0.04040404040404041,0.9915285290571239
NCMAPSS,15,10,99,3,0.030303030303030304,0.9978783672740409
NCMAPSS,15,20,99,2,0.020202020202020204,0.9996458480148321
NCMAPSS,15,50,99,2,0.020202020202020204,0.9996458480148321
PHM08,5,5,218,1,0.0045871559633027525,0.999999999894107
PHM08,5,10,218,1,0.0045871559633027525,0.999999999894107
PHM08,5,20,218,1,0.0045871559633027525,0.999999999894107
PHM08,5,50,218,1,0.0045871559633027525,0.999999999894107
PHM08,10,5,218,3,0.013761467889908258,0.999999966407095
PHM08,10,10,218,3,0.013761467889908258,0.999999966407095
PHM08,10,20,218,3,0.013761467889908258,0.999999966407095
PHM08,10,50,218,3,0.013761467889908258,0.999999966407095
PHM08,15,5,218,0,0.0,1.0
PHM08,15,10,218,0,0.0,1.0
PHM08,15,20,218,0,0.0,1.0
PHM08,15,50,218,0,0.0,1.0
