n_cal,alpha,attainable,q,mean_pi,pi_q90,pi_q95,P_pi_above_alpha_plus_005,q_conditional,marginal_rate_conditional
10,0.05,False,,,,,,,
10,0.1,True,10.0,0.09090909090909091,0.2056717652757185,0.2588655508930522,0.19687440434072268,,
10,0.2,True,9.0,0.18181818181818182,0.33684772330672474,0.39416330243650466,0.24402523040771484,,
32,0.05,True,32.0,0.030303030303030304,0.06942795907030103,0.08936819898626475,0.0343368382029251,,
32,0.1,True,30.0,0.09090909090909091,0.15787489808104344,0.18394346817692872,0.12180600003182718,32.0,0.030303030303030304
32,0.2,True,27.0,0.18181818181818182,0.2706695848010624,0.300841694265448,0.15300309944443602,29.0,0.12121212121212122
39,0.05,True,38.0,0.05,0.09611330469884567,0.1159521487579241,0.0875904174307236,,
39,0.1,True,36.0,0.1,0.1633416560228693,0.1869795051004589,0.14348388025088255,38.0,0.05
39,0.2,True,32.0,0.2,0.28336010760331704,0.3108413670959409,0.2055297831434394,35.0,0.125
70,0.05,True,68.0,0.04225352112676056,0.07424685917782532,0.08721949015198319,0.024181298357146108,70.0,0.014084507042253521
70,0.1,True,64.0,0.09859154929577464,0.14560154559764144,0.16217651680834802,0.08379870511736065,67.0,0.056338028169014086
70,0.2,True,57.0,0.19718309859154928,0.25912486445082417,0.2789606357400199,0.13336234626594057,61.0,0.14084507042253522
80,0.05,True,77.0,0.04938271604938271,0.08160315536493765,0.09407454652521369,0.035306258481137776,79.0,0.024691358024691357
80,0.1,True,73.0,0.09876543209876543,0.14275174187002754,0.1580720382083767,0.07271749286180884,76.0,0.06172839506172839
80,0.2,True,65.0,0.19753086419753085,0.25549496163532087,0.2739325791664344,0.1207576421078923,70.0,0.13580246913580246
83,0.05,True,80.0,0.047619047619047616,0.0787195873374229,0.09077230961004383,0.028392946088669935,82.0,0.023809523809523808
83,0.1,True,76.0,0.09523809523809523,0.13774477349731257,0.15257623666126263,0.05669678999436245,79.0,0.05952380952380952
83,0.2,True,68.0,0.19047619047619047,0.24663907293357332,0.264553372351856,0.08842284599366645,72.0,0.14285714285714285
150,0.05,True,144.0,0.046357615894039736,0.06915463924397038,0.0774179971598718,0.005601734095916022,147.0,0.026490066225165563
150,0.1,True,136.0,0.09933774834437085,0.13142439635566042,0.1420573851788291,0.028271132812940802,141.0,0.06622516556291391
150,0.2,True,121.0,0.1986754966887417,0.24101221241193937,0.25411287989831793,0.06280049931117704,127.0,0.15894039735099338
300,0.05,True,286.0,0.04983388704318937,0.06640556354781933,0.07199405714629507,0.0005668938682371616,291.0,0.03322259136212625
300,0.1,True,271.0,0.09966777408637874,0.12227718632001523,0.129460694055819,0.004310431283654048,278.0,0.07641196013289037
300,0.2,True,241.0,0.19933554817275748,0.22922650573856948,0.2382610366745362,0.01751956040648972,250.0,0.16943521594684385
