dataset,analysis,comparator,cells,cna_better,cna_worse,ratio_median,ratio_min,ratio_max,verdict
BATTERY,cv,CNAtrend_DA,16,0,0,1.033754609415713,0.8091840903415186,1.6271156171820296,mixed
BATTERY,cv,KAM_P1_heur,16,6,4,0.7997007417323142,0.21623220110706806,1.2567612008574163,mixed
BATTERY,cv,KAM_P1_opt,16,8,0,0.9937143299141009,0.9875072180517923,1.2193554226370624,CNA_DA cheaper
BATTERY,cv,LBnear_a0.10,16,11,0,0.7060686066284733,0.25079661740055426,0.9384105479984711,CNA_DA cheaper
BATTERY,cv,STW_cost_1se,16,0,0,1.1011000021497837,0.983630054396755,2.103714159577713,mixed
BATTERY,cv,STW_cost_plain,16,0,0,0.8656021056492655,0.5519921822946742,0.9977268353938793,mixed
BATTERY,cv,STW_window,16,0,4,1.0011916635591582,0.783579270685584,1.389973056217925,mixed
BATTERY,cv,age,16,16,0,0.5060406404662423,0.3199064116692055,0.5765543626090515,CNA_DA cheaper
BATTERY,cv,trend_cost_1se,16,0,4,1.1453840185586515,1.016307650972392,2.193350106081474,mixed
BATTERY,cv,trend_window,16,0,12,1.1740233020012385,1.0381500444729495,2.2305588539802734,CNA_DA dearer
BATTERY,group,CNAtrend_DA,16,0,16,3.7601673970185745,1.8243807739026474,9.325980289200336,CNA_DA dearer
BATTERY,group,KAM_P1_heur,16,7,8,1.1163384823391576,0.5746165417089704,3.8754869242001115,mixed
BATTERY,group,KAM_P1_opt,16,0,16,2.407440447269427,1.5232970390377323,3.8754869242001115,CNA_DA dearer
BATTERY,group,LBnear_a0.10,16,8,4,0.9218246008877624,0.5396642854976923,1.2630751812993886,mixed
BATTERY,group,STW_cost_1se,16,0,16,4.171848936706624,1.869934543702706,10.93302633577435,CNA_DA dearer
BATTERY,group,STW_cost_plain,16,8,0,0.8991822588473084,0.6497904897842042,1.0190980393473172,CNA_DA cheaper
BATTERY,group,STW_window,16,0,16,2.5777510926725355,1.1992165763796356,6.1101058957997445,CNA_DA dearer
BATTERY,group,age,16,15,0,0.5662507212446374,0.3847249036240648,0.7991215080417922,CNA_DA cheaper
BATTERY,group,trend_cost_1se,16,0,16,5.407351838456014,1.9728240836572748,23.302363789079667,CNA_DA dearer
BATTERY,group,trend_window,16,0,16,5.476595990070989,1.9872454086120777,23.89758179966893,CNA_DA dearer
FD001,cv,KAM_P1_heur,16,7,0,0.794805606250189,0.25047753945770945,1.7341257093907272,mixed
FD001,cv,KAM_P1_opt,16,8,0,1.0013224359714896,0.9827909095510452,1.3765897483583927,CNA_DA cheaper
FD001,cv,LBnear_a0.10,16,4,0,0.8422640339982551,0.45316090489884175,0.9733717575488571,mixed
FD001,cv,STW_cost_1se,16,0,8,1.3734161905723594,1.0448176108954568,3.35,CNA_DA dearer
FD001,cv,STW_cost_plain,16,4,0,0.8806592610894827,0.561541236177571,0.9727063483957571,mixed
FD001,cv,STW_window,16,0,0,1.1153896108577106,0.82381595165039,1.724002213556038,mixed
FD001,cv,age,16,6,0,0.8603407444993703,0.6704006594977895,1.521806151730026,mixed
FD002,cv,KAM_P1_heur,16,13,0,0.6876424688432642,0.3627257117496592,0.8931217959839556,CNA_DA cheaper
FD002,cv,KAM_P1_opt,16,8,3,1.0009942234386937,0.9714043206757877,1.3068400462386165,mixed
FD002,cv,LBnear_a0.10,16,11,0,0.8138017108459605,0.34931953198207594,0.9600480513477923,CNA_DA cheaper
FD002,cv,STW_cost_1se,16,1,5,1.0399905366343782,0.9809146632701798,1.5454502574969964,mixed
FD002,cv,STW_cost_plain,16,0,0,0.9712318743360329,0.7421673669557076,1.0049796509373492,mixed
FD002,cv,STW_window,16,4,0,1.0395789186823352,0.9681193401938506,1.549013255208805,mixed
FD002,cv,age,16,12,0,0.6929050372447206,0.6679923805117449,0.8547377436804812,CNA_DA cheaper
FD003,cv,KAM_P1_heur,16,9,2,0.6854424259560197,0.23672694626138258,3.3893867725314637,mixed
FD003,cv,KAM_P1_opt,16,0,4,1.1527511169108513,1.0251797768166167,2.283948342725754,mixed
FD003,cv,LBnear_a0.10,16,0,0,0.8774773431524507,0.6420997533217578,0.9792675383982409,mixed
FD003,cv,STW_cost_1se,16,0,11,1.4544587470297596,1.0705382412038817,3.350669220175589,CNA_DA dearer
FD003,cv,STW_cost_plain,16,0,0,0.8708530449489039,0.642044082193958,1.0238853503184713,mixed
FD003,cv,STW_window,16,0,3,1.1489160696134184,1.0214381963777965,3.2975927020863245,mixed
FD003,cv,age,16,5,0,0.8226427932239526,0.6647724469963793,1.4388269879763063,mixed
FD004,cv,KAM_P1_heur,16,13,0,0.6359861452283709,0.32998910021011313,1.0159854742238679,CNA_DA cheaper
FD004,cv,KAM_P1_opt,16,3,1,1.025026638838555,0.8878775886039959,1.1311138644539969,mixed
FD004,cv,LBnear_a0.10,16,16,0,0.5829454924142361,0.24811989445596067,0.86216277809949,CNA_DA cheaper
FD004,cv,STW_cost_1se,16,0,4,1.1280653074662186,1.0133957111752758,1.5499487137966717,mixed
FD004,cv,STW_cost_plain,16,7,0,0.8271684779145481,0.5485872035041506,0.9553325162502563,mixed
FD004,cv,STW_window,16,0,1,1.033904522172504,0.874306903283796,1.31589596646398,mixed
FD004,cv,age,16,12,0,0.6257570026156303,0.5596601442195167,1.0165312207222867,CNA_DA cheaper
NCMAPSS,cv,KAM_P1_heur,16,12,1,0.6682467291153871,0.3153483226153052,1.090872857712236,mixed
NCMAPSS,cv,KAM_P1_opt,16,0,3,1.1203410123026774,0.9033521932226074,2.4477094580721523,mixed
NCMAPSS,cv,LBnear_a0.10,16,13,0,0.6307026562706306,0.27728552309751253,0.9130194607160531,CNA_DA cheaper
NCMAPSS,cv,STW_cost_1se,16,1,0,1.0642388661460958,0.6167448724926329,1.3186579754137515,mixed
NCMAPSS,cv,STW_cost_plain,16,3,0,0.909636271216783,0.442249334746929,1.0741990072202166,mixed
NCMAPSS,cv,STW_window,16,0,2,1.1009079976280307,0.9415896487985213,1.586623126137636,mixed
NCMAPSS,cv,age,16,0,0,1.1666159068728343,0.9272793190054119,2.2215218250715933,mixed
NCMAPSS,group,KAM_P1_heur,16,14,0,0.5564526534437628,0.4007071755255775,0.7974015228062917,CNA_DA cheaper
NCMAPSS,group,KAM_P1_opt,16,1,0,1.0558501044005058,0.7943295924394567,1.8744767453313373,mixed
NCMAPSS,group,LBnear_a0.10,16,13,1,0.5290059928688247,0.2681030889072347,1.0870655080213905,mixed
NCMAPSS,group,STW_cost_1se,16,0,5,1.0202448210922785,0.6543002243935138,1.320987879854784,mixed
NCMAPSS,group,STW_cost_plain,16,7,1,0.9132246265942898,0.5898736613096781,1.173718375200043,mixed
NCMAPSS,group,STW_window,16,2,4,1.0862070456626225,0.6890685311611423,2.660533910533911,mixed
NCMAPSS,group,age,16,2,0,1.0337869808177897,0.8009783657158605,1.3532101653044597,mixed
PHM08,cv,KAM_P1_heur,16,12,0,0.6160091637905488,0.3311159278166507,1.3660123634455288,CNA_DA cheaper
PHM08,cv,KAM_P1_opt,16,8,0,0.9932646043820748,0.8414371303023721,1.6573962136086466,CNA_DA cheaper
PHM08,cv,LBnear_a0.10,16,16,0,0.46648187591709944,0.12594359729169144,0.8119728785721139,CNA_DA cheaper
PHM08,cv,STW_cost_1se,16,4,0,0.9955857130448338,0.9833189203950662,1.6426951989274041,mixed
PHM08,cv,STW_cost_plain,16,12,0,0.868551481623257,0.39296395188533023,0.9869184845238484,CNA_DA cheaper
PHM08,cv,STW_window,16,4,0,0.9924673433161896,0.973546807134276,1.5976375435407386,mixed
PHM08,cv,age,16,15,0,0.6107700213876792,0.445300189855871,0.7359814197030479,CNA_DA cheaper
