dataset,analysis,policy,mean_excess,max_excess
BATTERY,cv,CNA_DA,0.30405971546820254,1.2305588539802734
BATTERY,cv,CNAplus_DA,0.19540161936452805,0.4754933817772933
BATTERY,cv,CNAtrend_DA,0.1880112616559104,0.7772399626786664
BATTERY,cv,KAM_P1_heur,0.8486125558099737,3.91075548470993
BATTERY,cv,KAM_P1_opt,0.2706678989976254,0.8292934222216459
BATTERY,cv,STW_cost_1se,0.06119596385546194,0.07700269095425405
BATTERY,cv,STW_cost_plain,0.636533029583944,1.9145220450534155
BATTERY,cv,STW_window,0.29793424666614254,1.193617412527792
BATTERY,cv,age,1.7966651472914132,3.4954219423579156
BATTERY,cv,trend_cost_1se,0.018974354150660455,0.029176144792800285
BATTERY,cv,trend_window,0.0,0.0
BATTERY,group,CNA_DA,7.075932980448172,22.89758179966893
BATTERY,group,CNAplus_DA,1.5726648324340002,4.907709738039265
BATTERY,group,CNAtrend_DA,0.7443717346482464,2.3143740110837494
BATTERY,group,KAM_P1_heur,3.6378644595578247,5.994293799768344
BATTERY,group,KAM_P1_opt,1.8804458617786393,5.166343034327569
BATTERY,group,STW_cost_1se,0.5313452824032006,2.5264595638854255
BATTERY,group,STW_cost_plain,8.323949737524805,22.4497377847711
BATTERY,group,STW_window,2.139307548359524,10.122494290120855
BATTERY,group,age,13.397905865583283,34.97323926664296
BATTERY,group,trend_cost_1se,0.00973592364992415,0.0255432459975673
BATTERY,group,trend_window,0.11496915922010335,1.1451248541916277
FD001,cv,CNA_DA,0.6433797042520937,2.3641342756183743
FD001,cv,CNAplus_DA,0.08956545183015394,0.46112580744386356
FD001,cv,KAM_P1_heur,1.127399273139219,3.742240362811792
FD001,cv,KAM_P1_opt,0.5193957949801146,1.9084543072892592
FD001,cv,STW_cost_1se,0.006975369314212165,0.02154632721201999
FD001,cv,STW_cost_plain,1.026877153504373,3.7329390464695233
FD001,cv,STW_window,0.3626279678424794,0.9943177536649526
FD001,cv,age,0.7288509997987848,1.220719962599346
FD002,cv,CNA_DA,0.13574085244663575,0.5612380232200105
FD002,cv,CNAplus_DA,0.004159680437992433,0.028797433131302785
FD002,cv,KAM_P1_heur,0.7911272075042833,1.9382607346636735
FD002,cv,KAM_P1_opt,0.0832425055185725,0.3795739710066963
FD002,cv,STW_cost_1se,0.04627811429482148,0.20471303486329417
FD002,cv,STW_cost_plain,0.22621271680199087,1.1036198743472707
FD002,cv,STW_window,0.04086958044882562,0.2035744034690934
FD002,cv,age,0.5761085293089544,0.8327505721781849
FD003,cv,CNA_DA,0.8564352963174411,2.4189648618971193
FD003,cv,CNAplus_DA,0.130501842195488,0.45549432949528157
FD003,cv,KAM_P1_heur,1.4610641601735808,4.513110711748234
FD003,cv,KAM_P1_opt,0.42663584469797866,1.879673146396009
FD003,cv,STW_cost_1se,0.062103602557295745,0.5468918679762853
FD003,cv,STW_cost_plain,1.268955478190533,4.325124795503166
FD003,cv,STW_window,0.3861710421072543,1.911490214880355
FD003,cv,age,0.8948806617494285,1.4214176882055543
FD004,cv,CNA_DA,0.19880248018595664,0.8304664989305348
FD004,cv,CNAplus_DA,0.018956157928021952,0.1807953555226327
FD004,cv,KAM_P1_heur,1.0505162373889432,2.575209921448748
FD004,cv,KAM_P1_opt,0.16777707020687024,0.6661932516606961
FD004,cv,STW_cost_1se,0.02769592147738638,0.18098520463088197
FD004,cv,STW_cost_plain,0.5708471168626008,1.748386201399219
FD004,cv,STW_window,0.13923425262727324,0.5159325770761622
FD004,cv,age,0.8077546271308095,0.9297411531117232
NCMAPSS,cv,CNA_DA,0.5039764167327334,2.350803792473432
NCMAPSS,cv,CNAplus_DA,0.05551875787169416,0.1732187929568425
NCMAPSS,cv,KAM_P1_heur,1.2887084883837239,3.7335119555234844
NCMAPSS,cv,KAM_P1_opt,0.1289424684861301,0.5110021854367297
NCMAPSS,cv,STW_cost_1se,0.5121959574980905,2.009452393947304
NCMAPSS,cv,STW_cost_plain,0.8248379528240497,3.1968730920528934
NCMAPSS,cv,STW_window,0.29322257249612077,1.4139402648948947
NCMAPSS,cv,age,0.1875546029880279,0.575593892011802
NCMAPSS,group,CNA_DA,0.3629272332212971,1.6605339105339105
NCMAPSS,group,CNAplus_DA,0.16206109628205523,0.7064424265219493
NCMAPSS,group,KAM_P1_heur,1.5691922334092905,4.001291002320338
NCMAPSS,group,KAM_P1_opt,0.2440331064857172,0.6237997361720404
NCMAPSS,group,STW_cost_1se,0.3787793271820137,1.3939443983089235
NCMAPSS,group,STW_cost_plain,0.5529446167153347,1.8870776742364206
NCMAPSS,group,STW_window,0.15710255680971025,0.6701938974274935
NCMAPSS,group,age,0.2836348811816898,1.0829961654571783
PHM08,cv,CNA_DA,0.08530678087871153,0.6573962136086466
PHM08,cv,CNAplus_DA,0.06936284352883136,0.2319144023671189
PHM08,cv,KAM_P1_heur,0.769665163817886,2.094664412259616
PHM08,cv,KAM_P1_opt,0.043588677902859904,0.21299184924754577
PHM08,cv,STW_cost_1se,0.00924639092650656,0.016964058413756478
PHM08,cv,STW_cost_plain,0.43230547215379084,1.5447626816716444
PHM08,cv,STW_window,0.02025955090863832,0.037404397705545156
PHM08,cv,age,0.8064588398985113,1.2519538798647516
