dataset,analysis,policy,mean_excess,max_excess,failures,cells
BATTERY,cv,CNA_DA,0.30405971546820243,1.2305588539802734,28,16
BATTERY,cv,CNAtrend_DA,0.18801126165591028,0.7772399626786661,20,16
BATTERY,cv,KAM_P1_heur,0.8486125558099734,3.910755484709929,221,16
BATTERY,cv,KAM_P1_opt,0.2706678989976253,0.8292934222216459,24,16
BATTERY,cv,STW_cost_1se,0.06119596385546183,0.07700269095425383,0,16
BATTERY,cv,STW_cost_plain,0.6365330295839439,1.9145220450534155,64,16
BATTERY,cv,STW_window,0.2979342466661424,1.193617412527792,28,16
BATTERY,cv,age,1.7966651472914128,3.4954219423579147,56,16
BATTERY,cv,trend_cost_1se,0.018974354150660344,0.029176144792800063,0,16
BATTERY,cv,trend_window,0.0,0.0,0,16
BATTERY,group,CNA_DA,7.075932980448172,22.89758179966893,708,16
BATTERY,group,CNAtrend_DA,0.7443717346482462,2.3143740110837494,76,16
BATTERY,group,KAM_P1_heur,3.6378644595578242,5.994293799768344,712,16
BATTERY,group,KAM_P1_opt,1.880445861778639,5.166343034327569,188,16
BATTERY,group,STW_cost_1se,0.5313452824032004,2.5264595638854255,48,16
BATTERY,group,STW_cost_plain,8.323949737524805,22.4497377847711,836,16
BATTERY,group,STW_window,2.139307548359524,10.122494290120855,212,16
BATTERY,group,age,13.397905865583283,34.97323926664297,640,16
BATTERY,group,trend_cost_1se,0.009735923649924094,0.0255432459975673,0,16
BATTERY,group,trend_window,0.1149691592201034,1.1451248541916281,12,16
FD001,cv,CNA_DA,0.633877483046643,2.3500000000000005,60,16
FD001,cv,KAM_P1_heur,1.1153958476918895,3.742240362811792,230,16
FD001,cv,KAM_P1_opt,0.5101978305888205,1.9084543072892592,48,16
FD001,cv,STW_cost_1se,0.0,0.0,4,16
FD001,cv,STW_cost_plain,1.01404684262546,3.7329390464695233,96,16
FD001,cv,STW_window,0.35285541884104465,0.9803133241903157,36,16
FD001,cv,age,0.7180622858172111,1.2207199625993455,24,16
FD002,cv,CNA_DA,0.12065089624504714,0.5490132552088052,36,16
FD002,cv,KAM_P1_heur,0.7657023851682716,1.8780563765584692,388,16
FD002,cv,KAM_P1_opt,0.06828746958796918,0.35130678409463556,24,16
FD002,cv,STW_cost_1se,0.031942874728401904,0.1800287125670228,16,16
FD002,cv,STW_cost_plain,0.2101133165106452,1.0871481611522404,60,16
FD002,cv,STW_window,0.02714834756842044,0.2035744034690934,12,16
FD002,cv,age,0.5549947086891782,0.8122672909456292,40,16
FD003,cv,CNA_DA,0.844472319081188,2.3893867725314633,72,16
FD003,cv,KAM_P1_heur,1.4487276154811108,4.513110711748234,273,16
FD003,cv,KAM_P1_opt,0.4184258825897409,1.879673146396009,36,16
FD003,cv,STW_cost_1se,0.05361975710114142,0.5335094239447835,4,16
FD003,cv,STW_cost_plain,1.2532347317246577,4.279056168463441,108,16
FD003,cv,STW_window,0.378709262326413,1.911490214880355,32,16
FD003,cv,age,0.8816005263522402,1.4004695616039888,16,16
FD004,cv,CNA_DA,0.16236433347379012,0.5499487137966719,62,16
FD004,cv,KAM_P1_heur,0.9788552973177574,2.406267456860289,488,16
FD004,cv,KAM_P1_opt,0.13325924149627566,0.48396544110839135,52,16
FD004,cv,STW_cost_1se,0.0,0.0,20,16
FD004,cv,STW_cost_plain,0.5209776128598899,1.4017688509808903,152,16
FD004,cv,STW_window,0.10698580744887598,0.5088344025324532,45,16
FD004,cv,age,0.7619298100403169,0.8952345074268206,56,16
NCMAPSS,cv,CNA_DA,0.4101909950685164,1.4477094580721523,67,16
NCMAPSS,cv,KAM_P1_heur,1.1904075530547762,3.7335119555234844,320,16
NCMAPSS,cv,KAM_P1_opt,0.07507165662250871,0.38621148029750185,29,16
NCMAPSS,cv,STW_cost_1se,0.41307109425619465,1.7382675988364773,60,16
NCMAPSS,cv,STW_cost_plain,0.6929498011192944,2.104349759093447,98,16
NCMAPSS,cv,STW_window,0.22404260846814666,1.1336378974123007,40,16
NCMAPSS,cv,age,0.13316156117108158,0.5755938920118022,20,16
NCMAPSS,group,CNA_DA,0.33106908242933464,1.6605339105339105,83,16
NCMAPSS,group,KAM_P1_heur,1.5052644589135324,4.001291002320338,372,16
NCMAPSS,group,KAM_P1_opt,0.21629112141896567,0.6237997361720404,70,16
NCMAPSS,group,STW_cost_1se,0.34747595457801733,1.3939443983089235,68,16
NCMAPSS,group,STW_cost_plain,0.5175133057522214,1.8870776742364206,112,16
NCMAPSS,group,STW_window,0.12766935045579186,0.6701938974274935,54,16
NCMAPSS,group,age,0.25378647307607316,1.0829961654571783,48,16
PHM08,cv,CNA_DA,0.08530678087871153,0.6573962136086466,20,16
PHM08,cv,KAM_P1_heur,0.769665163817886,2.094664412259616,330,16
PHM08,cv,KAM_P1_opt,0.043588677902859904,0.21299184924754577,12,16
PHM08,cv,STW_cost_1se,0.009246390926506504,0.016964058413756478,4,16
PHM08,cv,STW_cost_plain,0.4323054721537908,1.5447626816716444,84,16
PHM08,cv,STW_window,0.020259550908638374,0.037404397705545156,4,16
PHM08,cv,age,0.8064588398985113,1.2519538798647516,52,16
