dataset,analysis,comparator,better,worse,ratio_median,verdict
BATTERY,cv,CNA_DA,4,4,0.9652723396942325,mixed
BATTERY,cv,KAM_P1_opt,7,4,0.9607318897554395,mixed
BATTERY,cv,STW_cost_1se,0,0,1.0804134552813247,mixed
BATTERY,cv,STW_window,4,2,0.9348732369071568,mixed
BATTERY,cv,age,16,0,0.4822327176892699,CNA+-DA cheaper
BATTERY,cv,trend_cost_1se,0,9,1.1246722206025574,CNA+-DA dearer
BATTERY,cv,trend_window,0,11,1.1529839765022483,CNA+-DA dearer
BATTERY,group,CNA_DA,16,0,0.41088466733617024,CNA+-DA cheaper
BATTERY,group,KAM_P1_opt,3,4,1.0343136703593319,mixed
BATTERY,group,STW_cost_1se,0,10,1.5591013521088666,CNA+-DA dearer
BATTERY,group,STW_window,6,5,0.9379555428490829,mixed
BATTERY,group,age,16,0,0.23018967683670866,CNA+-DA cheaper
BATTERY,group,trend_cost_1se,0,16,1.829103275781899,CNA+-DA dearer
BATTERY,group,trend_window,0,16,1.7380200373630275,CNA+-DA dearer
FD001,cv,CNA_DA,8,0,0.7632978473521158,CNA+-DA cheaper
FD001,cv,KAM_P1_opt,12,0,0.7978528586499497,CNA+-DA cheaper
FD001,cv,STW_cost_1se,1,0,1.0077650590640463,mixed
FD001,cv,STW_window,8,0,0.8788668919248707,CNA+-DA cheaper
FD001,cv,age,12,0,0.6554312854297533,CNA+-DA cheaper
FD002,cv,CNA_DA,5,0,0.9284679362677738,mixed
FD002,cv,KAM_P1_opt,11,2,0.9474886609748071,mixed
FD002,cv,STW_cost_1se,10,2,0.9807253043679659,mixed
FD002,cv,STW_window,14,0,0.9795102056822416,CNA+-DA cheaper
FD002,cv,age,14,0,0.6579580056102561,CNA+-DA cheaper
FD003,cv,CNA_DA,12,0,0.7259949033151465,CNA+-DA cheaper
FD003,cv,KAM_P1_opt,8,3,0.8750762340953154,mixed
FD003,cv,STW_cost_1se,4,0,1.0586850568828003,mixed
FD003,cv,STW_window,8,0,0.9146292187266385,CNA+-DA cheaper
FD003,cv,age,13,0,0.6219832914453811,CNA+-DA cheaper
FD004,cv,CNA_DA,9,0,0.906253745949475,CNA+-DA cheaper
FD004,cv,KAM_P1_opt,9,2,0.9341470115527393,mixed
FD004,cv,STW_cost_1se,12,2,0.9863251764210231,mixed
FD004,cv,STW_window,11,2,0.9206670476803391,mixed
FD004,cv,age,15,0,0.5586357817658358,CNA+-DA cheaper
NCMAPSS,cv,CNA_DA,2,0,0.8729666911668523,mixed
NCMAPSS,cv,KAM_P1_opt,0,2,0.9635643024536571,mixed
NCMAPSS,cv,STW_cost_1se,7,0,0.8422661987937592,mixed
NCMAPSS,cv,STW_window,1,0,0.8999105784487622,mixed
NCMAPSS,cv,age,1,0,0.9285711538924928,mixed
NCMAPSS,group,CNA_DA,0,0,0.927748657283725,mixed
NCMAPSS,group,KAM_P1_opt,1,0,0.9704118417753331,mixed
NCMAPSS,group,STW_cost_1se,0,2,0.841740064029847,mixed
NCMAPSS,group,STW_window,0,3,0.978681304942258,mixed
NCMAPSS,group,age,5,0,0.8900128210837901,mixed
PHM08,cv,CNA_DA,0,4,1.0043493206914902,mixed
PHM08,cv,KAM_P1_opt,0,3,1.0055750092641265,mixed
PHM08,cv,STW_cost_1se,0,0,1.0315469182812205,mixed
PHM08,cv,STW_window,0,0,1.011499517917939,mixed
PHM08,cv,age,16,0,0.6066901892738784,CNA+-DA cheaper
