dataset,analysis,lead,rho,policy,rel_cost,failures
BATTERY,cv,0,5,CNAplus_DA,1.0620970623570851,1
BATTERY,cv,0,10,CNAplus_DA,1.1277754661415873,1
BATTERY,cv,0,20,CNAplus_DA,1.2386776396521613,1
BATTERY,cv,0,50,CNAplus_DA,1.5003700987336037,1
BATTERY,cv,15,5,CNAplus_DA,1.0583247207551452,1
BATTERY,cv,15,10,CNAplus_DA,1.1209475101748625,1
BATTERY,cv,15,20,CNAplus_DA,1.2567302434489298,1
BATTERY,cv,15,50,CNAplus_DA,1.5222366329099715,1
BATTERY,cv,30,5,CNAplus_DA,1.0626480080628673,1
BATTERY,cv,30,10,CNAplus_DA,1.1266192833895488,1
BATTERY,cv,30,20,CNAplus_DA,1.2658897262885422,1
BATTERY,cv,30,50,CNAplus_DA,1.5333312177579526,1
BATTERY,cv,45,5,CNAplus_DA,1.089674063366667,1
BATTERY,cv,45,10,CNAplus_DA,1.13257461704252,1
BATTERY,cv,45,20,CNAplus_DA,1.2588887331152379,1
BATTERY,cv,45,50,CNAplus_DA,1.5248511415198653,1
BATTERY,group,0,5,CNAplus_DA,1.6122327311520344,18
BATTERY,group,0,10,CNAplus_DA,1.375917305645696,4
BATTERY,group,0,20,CNAplus_DA,1.7220600240471289,4
BATTERY,group,0,50,CNAplus_DA,2.7604881792514275,4
BATTERY,group,15,5,CNAplus_DA,1.6017041223830486,17
BATTERY,group,15,10,CNAplus_DA,1.7823400960769409,9
BATTERY,group,15,20,CNAplus_DA,2.5686666090520616,9
BATTERY,group,15,50,CNAplus_DA,4.927646147977424,9
BATTERY,group,30,5,CNAplus_DA,1.7986017265090966,23
BATTERY,group,30,10,CNAplus_DA,2.0155315089781616,12
BATTERY,group,30,20,CNAplus_DA,3.062560864291492,12
BATTERY,group,30,50,CNAplus_DA,6.203648930231484,12
BATTERY,group,45,5,CNAplus_DA,1.701321266917355,20
BATTERY,group,45,10,CNAplus_DA,1.854756598176115,10
BATTERY,group,45,20,CNAplus_DA,2.7255343437987043,10
BATTERY,group,45,50,CNAplus_DA,5.3378675806664715,10
FD001,cv,0,5,CNAplus_DA,1.0946498513277965,1
FD001,cv,0,10,CNAplus_DA,1.1472772480262483,1
FD001,cv,0,20,CNAplus_DA,1.252532041423152,1
FD001,cv,0,50,CNAplus_DA,1.5682964216138624,1
FD001,cv,5,5,CNAplus_DA,1.0904570757366836,1
FD001,cv,5,10,CNAplus_DA,1.1428828966855626,1
FD001,cv,5,20,CNAplus_DA,1.2477345385833207,1
FD001,cv,5,50,CNAplus_DA,1.5622894642765948,1
FD001,cv,10,5,CNAplus_DA,1.0979708952537668,1
FD001,cv,10,10,CNAplus_DA,1.1507579575255824,1
FD001,cv,10,20,CNAplus_DA,1.2563320820692139,1
FD001,cv,10,50,CNAplus_DA,1.573054455700108,1
FD001,cv,15,5,CNAplus_DA,1.0691558610633756,0
FD001,cv,15,10,CNAplus_DA,1.0782521926369415,0
FD001,cv,15,20,CNAplus_DA,1.0782521926369415,0
FD001,cv,15,50,CNAplus_DA,1.0782521926369415,0
FD002,cv,0,5,CNAplus_DA,1.0489794317758474,0
FD002,cv,0,10,CNAplus_DA,1.0489794317758474,0
FD002,cv,0,20,CNAplus_DA,1.0489794317758474,0
FD002,cv,0,50,CNAplus_DA,1.0489794317758474,0
FD002,cv,5,5,CNAplus_DA,1.0525290680517028,0
FD002,cv,5,10,CNAplus_DA,1.0525290680517028,0
FD002,cv,5,20,CNAplus_DA,1.0525290680517028,0
FD002,cv,5,50,CNAplus_DA,1.0525290680517028,0
FD002,cv,10,5,CNAplus_DA,1.0905573523103087,2
FD002,cv,10,10,CNAplus_DA,1.1312497908293502,2
FD002,cv,10,20,CNAplus_DA,1.1559620302376479,1
FD002,cv,10,50,CNAplus_DA,1.2802590227363195,1
FD002,cv,15,5,CNAplus_DA,1.0843376157945892,1
FD002,cv,15,10,CNAplus_DA,1.1048743130634262,1
FD002,cv,15,20,CNAplus_DA,1.1708621547121678,1
FD002,cv,15,50,CNAplus_DA,1.296761311132831,1
FD003,cv,0,5,CNAplus_DA,1.132436115843271,2
FD003,cv,0,10,CNAplus_DA,1.1676877556348448,1
FD003,cv,0,20,CNAplus_DA,1.2748150726655645,1
FD003,cv,0,50,CNAplus_DA,1.5961970237577237,1
FD003,cv,5,5,CNAplus_DA,1.1401569400969085,2
FD003,cv,5,10,CNAplus_DA,1.161622370357545,1
FD003,cv,5,20,CNAplus_DA,1.2681932300233747,1
FD003,cv,5,50,CNAplus_DA,1.5879058090208642,1
FD003,cv,10,5,CNAplus_DA,1.097599451303155,1
FD003,cv,10,10,CNAplus_DA,1.15036865569273,1
FD003,cv,10,20,CNAplus_DA,1.2559070644718793,1
FD003,cv,10,50,CNAplus_DA,1.572522290809328,1
FD003,cv,15,5,CNAplus_DA,1.0492222458981464,0
FD003,cv,15,10,CNAplus_DA,1.0492222458981464,0
FD003,cv,15,20,CNAplus_DA,1.0492222458981464,0
FD003,cv,15,50,CNAplus_DA,1.0492222458981464,0
FD004,cv,0,5,CNAplus_DA,1.0774619233487737,1
FD004,cv,0,10,CNAplus_DA,1.1047862135484783,1
FD004,cv,0,20,CNAplus_DA,1.1476073846162487,1
FD004,cv,0,50,CNAplus_DA,1.27607089781956,1
FD004,cv,5,5,CNAplus_DA,1.0880160039096103,1
FD004,cv,5,10,CNAplus_DA,1.109518296476994,1
FD004,cv,5,20,CNAplus_DA,1.152522881611761,1
FD004,cv,5,50,CNAplus_DA,1.2815366370160628,1
FD004,cv,10,5,CNAplus_DA,1.0886084074596445,1
FD004,cv,10,10,CNAplus_DA,1.1252816421647278,1
FD004,cv,10,20,CNAplus_DA,1.1688972096904926,1
FD004,cv,10,50,CNAplus_DA,1.2997439122677865,1
FD004,cv,15,5,CNAplus_DA,1.1085064238855877,2
FD004,cv,15,10,CNAplus_DA,1.1746998770557249,2
FD004,cv,15,20,CNAplus_DA,1.2783730058326728,2
FD004,cv,15,50,CNAplus_DA,1.5456286864945556,2
NCMAPSS,cv,0,5,CNAplus_DA,1.4894286041827025,3
NCMAPSS,cv,0,10,CNAplus_DA,1.664386415723314,2
NCMAPSS,cv,0,20,CNAplus_DA,1.9488969141375556,2
NCMAPSS,cv,0,50,CNAplus_DA,2.201229547874915,1
NCMAPSS,cv,5,5,CNAplus_DA,1.5642362263983884,4
NCMAPSS,cv,5,10,CNAplus_DA,1.8463926818682603,4
NCMAPSS,cv,5,20,CNAplus_DA,2.023482895582836,2
NCMAPSS,cv,5,50,CNAplus_DA,1.5583262890955196,0
NCMAPSS,cv,10,5,CNAplus_DA,1.5648077412783294,4
NCMAPSS,cv,10,10,CNAplus_DA,1.5248138957816375,0
NCMAPSS,cv,10,20,CNAplus_DA,1.5940337224383916,0
NCMAPSS,cv,10,50,CNAplus_DA,1.5940337224383916,0
NCMAPSS,cv,15,5,CNAplus_DA,1.5212176967466755,3
NCMAPSS,cv,15,10,CNAplus_DA,1.5863466054749824,1
NCMAPSS,cv,15,20,CNAplus_DA,1.8387473056929122,1
NCMAPSS,cv,15,50,CNAplus_DA,1.6668173598553344,0
NCMAPSS,group,0,5,CNAplus_DA,1.8402762067888268,10
NCMAPSS,group,0,10,CNAplus_DA,2.2719912360281405,7
NCMAPSS,group,0,20,CNAplus_DA,2.310066871498283,3
NCMAPSS,group,0,50,CNAplus_DA,3.642797758901138,3
NCMAPSS,group,5,5,CNAplus_DA,1.7407631319848687,6
NCMAPSS,group,5,10,CNAplus_DA,1.6091945661859643,1
NCMAPSS,group,5,20,CNAplus_DA,1.758194063055035,1
NCMAPSS,group,5,50,CNAplus_DA,2.2051925536622474,1
NCMAPSS,group,10,5,CNAplus_DA,1.6207677532180842,4
NCMAPSS,group,10,10,CNAplus_DA,1.6467479296547873,1
NCMAPSS,group,10,20,CNAplus_DA,1.814078869187228,1
NCMAPSS,group,10,50,CNAplus_DA,2.2752853613534727,1
NCMAPSS,group,15,5,CNAplus_DA,1.554794925454309,2
NCMAPSS,group,15,10,CNAplus_DA,1.7998197589275655,2
NCMAPSS,group,15,20,CNAplus_DA,2.1992293625914314,2
NCMAPSS,group,15,50,CNAplus_DA,3.1623955067920586,2
PHM08,cv,0,5,CNAplus_DA,1.060393094014121,1
PHM08,cv,0,10,CNAplus_DA,1.0842758213567814,1
PHM08,cv,0,20,CNAplus_DA,1.1320412760421024,1
PHM08,cv,0,50,CNAplus_DA,1.2753376400980645,1
PHM08,cv,5,5,CNAplus_DA,1.0642243793755257,1
PHM08,cv,5,10,CNAplus_DA,1.0881933969290287,1
PHM08,cv,5,20,CNAplus_DA,1.1361314320360345,1
PHM08,cv,5,50,CNAplus_DA,1.2799455373570514,1
PHM08,cv,10,5,CNAplus_DA,1.0709838475190259,1
PHM08,cv,10,10,CNAplus_DA,1.0988984215709041,1
PHM08,cv,10,20,CNAplus_DA,1.1473080436665384,1
PHM08,cv,10,50,CNAplus_DA,1.292536909953442,1
PHM08,cv,15,5,CNAplus_DA,1.0779295898015413,1
PHM08,cv,15,10,CNAplus_DA,1.1058187262730097,1
PHM08,cv,15,20,CNAplus_DA,1.1545332076066224,1
PHM08,cv,15,50,CNAplus_DA,1.3006766516074608,1
