dataset,analysis,lead,rho,policy,rel_cost,failures,n,excess
BATTERY,cv,0,5,CNAplus_DA,1.0620970623570851,1,123,0.0
BATTERY,cv,0,5,STW_cost_1se_CF,1.131699887556036,1,123,0.06553339394846192
BATTERY,cv,0,5,STW_cost_plain_CF,1.0669372959286607,1,123,0.004557242217423818
BATTERY,cv,0,5,KAM_P1_opt_CF,1.075232456315815,1,123,0.012367413887370171
BATTERY,cv,0,5,KAM_P1_heur_CF,1.3981424316064797,12,123,0.3163979839127109
BATTERY,cv,0,5,age,2.1561597541107074,6,123,1.030096711995038
BATTERY,cv,0,10,CNAplus_DA,1.1277754661415873,1,123,0.0044360089161572525
BATTERY,cv,0,10,STW_cost_1se_CF,1.2031746970637125,1,123,0.07158918333470687
BATTERY,cv,0,10,STW_cost_plain_CF,1.1227947386698336,1,123,0.0
BATTERY,cv,0,10,KAM_P1_opt_CF,1.1305074863962803,1,123,0.0068692410650088576
BATTERY,cv,0,10,KAM_P1_heur_CF,1.8887187233982272,12,123,0.682158508896985
BATTERY,cv,0,10,age,2.2272942653481533,3,123,0.9837056486271141
BATTERY,cv,0,20,CNAplus_DA,1.2386776396521613,1,123,0.00517130657172804
BATTERY,cv,0,20,STW_cost_1se_CF,1.2870965654166024,1,123,0.044462655115897975
BATTERY,cv,0,20,STW_cost_plain_CF,1.2323050126419128,1,123,0.0
BATTERY,cv,0,20,KAM_P1_opt_CF,1.2383846431390648,1,123,0.0049335435908988146
BATTERY,cv,0,20,KAM_P1_heur_CF,2.8698713069817217,12,123,1.3288644268589516
BATTERY,cv,0,20,age,2.672753118417784,3,123,1.1689054990433942
BATTERY,cv,0,50,CNAplus_DA,1.5003700987336037,1,123,0.005171306571727818
BATTERY,cv,0,50,STW_cost_1se_CF,1.559018375011659,1,123,0.04446265511589775
BATTERY,cv,0,50,STW_cost_plain_CF,1.4926511420733029,1,123,0.0
BATTERY,cv,0,50,KAM_P1_opt_CF,1.5000152015487265,1,123,0.0049335435908988146
BATTERY,cv,0,50,KAM_P1_heur_CF,1.820664586697366,2,123,0.21975224845133634
BATTERY,cv,0,50,age,4.57121444718401,2,123,2.0624801189878577
BATTERY,cv,15,5,CNAplus_DA,1.0583247207551452,1,123,0.001517581341283547
BATTERY,cv,15,5,STW_cost_1se_CF,1.1458237173729993,1,123,0.08431994033746637
BATTERY,cv,15,5,STW_cost_plain_CF,1.0567210605906514,1,123,0.0
BATTERY,cv,15,5,KAM_P1_opt_CF,1.0570277681277216,1,123,0.0002902445579147095
BATTERY,cv,15,5,KAM_P1_heur_CF,1.9512852674950463,29,123,0.8465471544632417
BATTERY,cv,15,5,age,2.1561597541107074,6,123,1.0404247010138397
BATTERY,cv,15,10,CNAplus_DA,1.1209475101748625,1,123,0.0006251782306359033
BATTERY,cv,15,10,STW_cost_1se_CF,1.243263932323037,1,123,0.10981217459004444
BATTERY,cv,15,10,STW_cost_plain_CF,1.1202471560399745,1,123,0.0
BATTERY,cv,15,10,KAM_P1_opt_CF,1.1443685704828561,1,123,0.02153222555650114
BATTERY,cv,15,10,KAM_P1_heur_CF,1.6749993598327237,9,123,0.4952051882495059
BATTERY,cv,15,10,age,2.2272942653481533,3,123,0.9882168442377866
BATTERY,cv,15,20,CNAplus_DA,1.2567302434489298,1,123,0.0
BATTERY,cv,15,20,STW_cost_1se_CF,1.3119314179431067,1,123,0.04392444184575739
BATTERY,cv,15,20,STW_cost_plain_CF,1.2571613490279023,1,123,0.0003430374825621474
BATTERY,cv,15,20,KAM_P1_opt_CF,1.2614453069505165,1,123,0.003751850109572352
BATTERY,cv,15,20,KAM_P1_heur_CF,1.9519581702141016,6,123,0.5532037844949214
BATTERY,cv,15,20,age,2.672753118417784,3,123,1.1267516496481909
BATTERY,cv,15,50,CNAplus_DA,1.5222366329099715,1,123,0.0653262310822551
BATTERY,cv,15,50,STW_cost_1se_CF,1.5891000273677067,1,123,0.11212009116618726
BATTERY,cv,15,50,STW_cost_plain_CF,1.5227588171323887,1,123,0.06569167791067287
BATTERY,cv,15,50,KAM_P1_opt_CF,1.5279478365879495,1,123,0.06932317541907129
BATTERY,cv,15,50,KAM_P1_heur_CF,1.428892473025418,1,123,0.0
BATTERY,cv,15,50,age,4.57121444718401,2,123,2.199131168705299
BATTERY,cv,30,5,CNAplus_DA,1.0626480080628673,1,123,0.002950298812315566
BATTERY,cv,30,5,STW_cost_1se_CF,1.147066809725293,1,123,0.08262659962903762
BATTERY,cv,30,5,STW_cost_plain_CF,1.0595221012658804,1,123,0.0
BATTERY,cv,30,5,KAM_P1_opt_CF,1.0636825733704152,1,123,0.003926744047683339
BATTERY,cv,30,5,KAM_P1_heur_CF,1.66218789104704,20,123,0.5688090782260373
BATTERY,cv,30,5,age,2.1561597541107074,6,123,1.035030464711026
BATTERY,cv,30,10,CNAplus_DA,1.1266192833895488,1,123,0.0027117896709474287
BATTERY,cv,30,10,STW_cost_1se_CF,1.24571887926529,1,123,0.10871261061407567
BATTERY,cv,30,10,STW_cost_plain_CF,1.1235723913840319,1,123,0.0
BATTERY,cv,30,10,KAM_P1_opt_CF,1.1286722064349302,1,123,0.004538928768636152
BATTERY,cv,30,10,KAM_P1_heur_CF,1.4580086789026583,6,123,0.29765441913952984
BATTERY,cv,30,10,age,2.2272942653481533,3,123,0.9823326760499533
BATTERY,cv,30,20,CNAplus_DA,1.2658897262885422,1,123,0.005043119825908882
BATTERY,cv,30,20,STW_cost_1se_CF,1.3179231931371362,1,123,0.04635467862194642
BATTERY,cv,30,20,STW_cost_plain_CF,1.2595377266080052,1,123,0.0
BATTERY,cv,30,20,KAM_P1_opt_CF,1.2715997804546115,1,123,0.009576572096089642
BATTERY,cv,30,20,KAM_P1_heur_CF,1.3279490490654347,2,123,0.05431462751152716
BATTERY,cv,30,20,age,2.672753118417784,3,123,1.1220111648546127
BATTERY,cv,30,50,CNAplus_DA,1.5333312177579526,1,123,0.07395424347445645
BATTERY,cv,30,50,STW_cost_1se_CF,1.5963576705604747,1,123,0.11809834336266212
BATTERY,cv,30,50,STW_cost_plain_CF,1.5256372463139218,1,123,0.06856534042090057
BATTERY,cv,30,50,KAM_P1_opt_CF,1.5402476213957268,1,123,0.07879853344282406
BATTERY,cv,30,50,KAM_P1_heur_CF,1.4277435254572113,1,123,0.0
BATTERY,cv,30,50,age,4.57121444718401,2,123,2.2017056044573233
BATTERY,cv,45,5,CNAplus_DA,1.089674063366667,1,123,0.01030607947871176
BATTERY,cv,45,5,STW_cost_1se_CF,1.1600170838553348,1,123,0.07552556449519865
BATTERY,cv,45,5,STW_cost_plain_CF,1.083478503758306,1,123,0.004561782400775538
BATTERY,cv,45,5,KAM_P1_opt_CF,1.0785583552351845,1,123,0.0
BATTERY,cv,45,5,KAM_P1_heur_CF,1.5720268543056,17,123,0.4575260083751449
BATTERY,cv,45,5,age,2.1561597541107074,6,123,0.9991127449386334
BATTERY,cv,45,10,CNAplus_DA,1.13257461704252,1,123,0.0
BATTERY,cv,45,10,STW_cost_1se_CF,1.2122512756079913,1,123,0.07035003024659892
BATTERY,cv,45,10,STW_cost_plain_CF,1.159441254866109,1,123,0.023721737552043765
BATTERY,cv,45,10,KAM_P1_opt_CF,1.1552343027160432,1,123,0.020007234254193484
BATTERY,cv,45,10,KAM_P1_heur_CF,1.5402068218391298,7,123,0.35991642286762127
BATTERY,cv,45,10,age,2.2272942653481533,3,123,0.9665761812358671
BATTERY,cv,45,20,CNAplus_DA,1.2588887331152379,1,123,0.009309089243593416
BATTERY,cv,45,20,STW_cost_1se_CF,1.3040884934570816,1,123,0.04554781927953777
BATTERY,cv,45,20,STW_cost_plain_CF,1.2472777135680873,1,123,0.0
BATTERY,cv,45,20,KAM_P1_opt_CF,1.272041149794474,1,123,0.019853987573902776
BATTERY,cv,45,20,KAM_P1_heur_CF,1.965296101568155,6,123,0.575668417858628
BATTERY,cv,45,20,age,2.672753118417784,3,123,1.1428692979463566
BATTERY,cv,45,50,CNAplus_DA,1.5248511415198653,1,123,0.053484324547140805
BATTERY,cv,45,50,STW_cost_1se_CF,1.5796001470043524,1,123,0.09130914396194867
BATTERY,cv,45,50,STW_cost_plain_CF,1.510787089674021,1,123,0.04376779697550681
BATTERY,cv,45,50,KAM_P1_opt_CF,1.540782237779222,1,123,0.06449074984669867
BATTERY,cv,45,50,KAM_P1_heur_CF,1.4474360044942767,1,123,0.0
BATTERY,cv,45,50,age,4.57121444718401,2,123,2.158146151533075
BATTERY,group,0,5,CNAplus_DA,1.6122327311520344,18,123,0.4746309792508685
BATTERY,group,0,5,STW_cost_1se_CF,1.093312668618334,0,123,0.0
BATTERY,group,0,5,STW_cost_plain_CF,2.1036318994681413,33,123,0.9240899331447341
BATTERY,group,0,5,KAM_P1_opt_CF,1.4848782752572798,14,123,0.3581460435593269
BATTERY,group,0,5,KAM_P1_heur_CF,2.215278314255333,37,123,1.0262074865142417
BATTERY,group,0,5,age,4.029448034191254,40,123,2.685540422103989
BATTERY,group,0,10,CNAplus_DA,1.375917305645696,4,123,0.2416673754318015
BATTERY,group,0,10,STW_cost_1se_CF,1.1081206874483658,0,123,0.0
BATTERY,group,0,10,STW_cost_plain_CF,1.370632209612119,4,123,0.23689795266635638
BATTERY,group,0,10,KAM_P1_opt_CF,1.2218738005659553,2,123,0.10265408308505197
BATTERY,group,0,10,KAM_P1_heur_CF,3.7275531782303757,37,123,2.363851266790889
BATTERY,group,0,10,age,6.877114489450091,40,123,5.206106038220263
BATTERY,group,0,20,CNAplus_DA,1.7220600240471289,4,123,0.554036526483827
BATTERY,group,0,20,STW_cost_1se_CF,1.1081206874483658,0,123,0.0
BATTERY,group,0,20,STW_cost_plain_CF,1.715445344105734,4,123,0.5480672489346223
BATTERY,group,0,20,KAM_P1_opt_CF,1.3951892332703462,2,123,0.2590589175652014
BATTERY,group,0,20,KAM_P1_heur_CF,6.752102906180461,37,123,5.0932919876519165
BATTERY,group,0,20,age,12.572447399967766,40,123,10.3457383680093
BATTERY,group,0,50,CNAplus_DA,2.7604881792514275,4,123,1.4911439796399035
BATTERY,group,0,50,STW_cost_1se_CF,1.1081206874483658,0,123,0.0
BATTERY,group,0,50,STW_cost_plain_CF,2.7498847475865786,4,123,1.4815751377394197
BATTERY,group,0,50,KAM_P1_opt_CF,1.9151355313835188,2,123,0.7282734210056492
BATTERY,group,0,50,KAM_P1_heur_CF,15.82575209003072,37,123,13.281614150235004
BATTERY,group,0,50,age,36.605542324659254,40,123,32.03389489907428
BATTERY,group,15,5,CNAplus_DA,1.6017041223830486,17,123,0.4375022454409623
BATTERY,group,15,5,STW_cost_1se_CF,1.1142272142272143,0,123,0.0
BATTERY,group,15,5,STW_cost_plain_CF,1.6268953938650395,18,123,0.4601109837309012
BATTERY,group,15,5,KAM_P1_opt_CF,1.5791950174211065,17,123,0.41730070604708414
BATTERY,group,15,5,KAM_P1_heur_CF,3.097727391322558,64,123,1.7801577198695724
BATTERY,group,15,5,age,4.029448034191254,40,123,2.6163611718871236
BATTERY,group,15,10,CNAplus_DA,1.7823400960769409,9,123,0.5897942883376113
BATTERY,group,15,10,STW_cost_1se_CF,1.1211136617811526,0,123,0.0
BATTERY,group,15,10,STW_cost_plain_CF,1.7020172969298968,8,123,0.518148743478732
BATTERY,group,15,10,KAM_P1_opt_CF,1.549659743493425,6,123,0.38225034295936267
BATTERY,group,15,10,KAM_P1_heur_CF,5.731555951619882,64,123,4.112377225440245
BATTERY,group,15,10,age,6.877114489450091,40,123,5.134181326917538
BATTERY,group,15,20,CNAplus_DA,2.5686666090520616,9,123,1.2911741214277335
BATTERY,group,15,20,STW_cost_1se_CF,1.1211136617811526,0,123,0.0
BATTERY,group,15,20,STW_cost_plain_CF,2.400280803362675,8,123,1.1409789972135962
BATTERY,group,15,20,KAM_P1_opt_CF,2.074968131118315,6,123,0.8508097812506721
BATTERY,group,15,20,KAM_P1_heur_CF,10.869931323805378,63,123,8.695655038701373
BATTERY,group,15,20,age,12.572447399967766,40,123,10.214248678402043
BATTERY,group,15,50,CNAplus_DA,4.927646147977424,9,123,3.3953136206981016
BATTERY,group,15,50,STW_cost_1se_CF,1.1211136617811526,0,123,0.0
BATTERY,group,15,50,STW_cost_plain_CF,4.495071322661008,8,123,3.009469758418188
BATTERY,group,15,50,KAM_P1_opt_CF,3.6508932939929846,6,123,2.2564880961246003
BATTERY,group,15,50,KAM_P1_heur_CF,7.9042431238459585,17,123,6.050349481325748
BATTERY,group,15,50,age,36.605542324659254,40,123,31.651053655436456
BATTERY,group,30,5,CNAplus_DA,1.7986017265090966,23,123,0.6062822429157821
BATTERY,group,30,5,STW_cost_1se_CF,1.1197295708406818,0,123,0.0
BATTERY,group,30,5,STW_cost_plain_CF,1.7259891094016317,21,123,0.5414338911365681
BATTERY,group,30,5,KAM_P1_opt_CF,1.564804812499198,16,123,0.3974845831072926
BATTERY,group,30,5,KAM_P1_heur_CF,3.300963439361979,70,123,1.9480005934679823
BATTERY,group,30,5,age,4.029448034191254,40,123,2.598590355317654
BATTERY,group,30,10,CNAplus_DA,2.0155315089781616,12,123,0.7992544150060321
BATTERY,group,30,10,STW_cost_1se_CF,1.1202037311501634,0,123,0.0
BATTERY,group,30,10,STW_cost_plain_CF,2.0111346944506994,12,123,0.7953294017203256
BATTERY,group,30,10,KAM_P1_opt_CF,1.7116846702733792,8,123,0.5280119345040173
BATTERY,group,30,10,KAM_P1_heur_CF,6.114722121681442,69,123,4.458580391803537
BATTERY,group,30,10,age,6.877114489450091,40,123,5.139164062941523
BATTERY,group,30,20,CNAplus_DA,3.062560864291492,12,123,1.7339320331909835
BATTERY,group,30,20,STW_cost_1se_CF,1.1202037311501634,0,123,0.0
BATTERY,group,30,20,STW_cost_plain_CF,3.055879990269244,12,123,1.72796805196465
BATTERY,group,30,20,KAM_P1_opt_CF,2.413914278590663,8,123,1.1548886255825885
BATTERY,group,30,20,KAM_P1_heur_CF,7.924646721172643,44,123,6.074290596261497
BATTERY,group,30,20,age,12.572447399967766,40,123,10.223357903886885
BATTERY,group,30,50,CNAplus_DA,6.203648930231484,12,123,4.537964887745838
BATTERY,group,30,50,STW_cost_1se_CF,1.1202037311501634,0,123,0.0
BATTERY,group,30,50,STW_cost_plain_CF,6.190115877724879,12,123,4.525884002697625
BATTERY,group,30,50,KAM_P1_opt_CF,4.5206031035425145,8,123,3.0355186988183025
BATTERY,group,30,50,KAM_P1_heur_CF,7.530148550214834,16,123,5.722124146545462
BATTERY,group,30,50,age,36.605542324659254,40,123,31.677575789784868
BATTERY,group,45,5,CNAplus_DA,1.701321266917355,20,123,0.5122220512009519
BATTERY,group,45,5,STW_cost_1se_CF,1.125047254512806,0,123,0.0
BATTERY,group,45,5,STW_cost_plain_CF,1.73193899513397,21,123,0.5394366664927104
BATTERY,group,45,5,KAM_P1_opt_CF,1.5094769187829546,14,123,0.3417009043203463
BATTERY,group,45,5,KAM_P1_heur_CF,3.2795447989937125,69,123,1.9150284895489982
BATTERY,group,45,5,age,4.029448034191254,40,123,2.5815811451725894
BATTERY,group,45,10,CNAplus_DA,1.854756598176115,10,123,0.6611068669310098
BATTERY,group,45,10,STW_cost_1se_CF,1.1165787313870323,0,123,0.0
BATTERY,group,45,10,STW_cost_plain_CF,1.6924015955774399,8,123,0.5157028770153189
BATTERY,group,45,10,KAM_P1_opt_CF,1.7132579812702942,8,123,0.5343817082580975
BATTERY,group,45,10,KAM_P1_heur_CF,5.018460442594783,54,123,3.4944976126858247
BATTERY,group,45,10,age,6.877114489450091,40,123,5.159095007037459
BATTERY,group,45,20,CNAplus_DA,2.7255343437987043,10,123,1.4409692457718597
BATTERY,group,45,20,STW_cost_1se_CF,1.1165787313870323,0,123,0.0
BATTERY,group,45,20,STW_cost_plain_CF,2.386720198891261,8,123,1.1375296983549368
BATTERY,group,45,20,KAM_P1_opt_CF,2.4161330505093894,8,123,1.1638716398511635
BATTERY,group,45,20,KAM_P1_heur_CF,7.9555532849075545,44,123,6.124937150670098
BATTERY,group,45,20,age,12.572447399967766,40,123,10.259794805826246
BATTERY,group,45,50,CNAplus_DA,5.3378675806664715,10,123,3.7805563822944084
BATTERY,group,45,50,STW_cost_1se_CF,1.1165787313870323,0,123,0.0
BATTERY,group,45,50,STW_cost_plain_CF,4.469676008832726,8,123,3.0030101623737915
BATTERY,group,45,50,KAM_P1_opt_CF,4.524758258226675,8,123,3.0523414346303612
BATTERY,group,45,50,KAM_P1_heur_CF,14.169789248597047,32,123,11.69036284704716
BATTERY,group,45,50,age,36.605542324659254,40,123,31.783664327178478
FD001,cv,0,5,CNAplus_DA,1.0946498513277965,1,100,0.03184250999692373
FD001,cv,0,5,STW_cost_1se_CF,1.0732357553580762,0,100,0.011657083115525158
FD001,cv,0,5,STW_cost_plain_CF,1.0886224125624555,1,100,0.026160905475680618
FD001,cv,0,5,KAM_P1_opt_CF,1.060869115899344,0,100,0.0
FD001,cv,0,5,KAM_P1_heur_CF,2.294303778856051,32,100,1.1626643140714599
FD001,cv,0,5,age,1.6890495078595564,3,100,0.5921375055090345
FD001,cv,0,10,CNAplus_DA,1.1472772480262483,1,100,0.08145032297754518
FD001,cv,0,10,STW_cost_1se_CF,1.0732357553580762,0,100,0.011657083115525158
FD001,cv,0,10,STW_cost_plain_CF,1.1409600285510348,1,100,0.07549556439278038
FD001,cv,0,10,KAM_P1_opt_CF,1.060869115899344,0,100,0.0
FD001,cv,0,10,KAM_P1_heur_CF,3.5493895191788223,28,100,2.3457374392220416
FD001,cv,0,10,age,1.7437112357799596,1,100,0.6436629266012153
FD001,cv,0,20,CNAplus_DA,1.252532041423152,1,100,0.18066594893878807
FD001,cv,0,20,STW_cost_1se_CF,1.0732357553580762,0,100,0.011657083115525158
FD001,cv,0,20,STW_cost_plain_CF,1.2456352605281942,1,100,0.17416488222698057
FD001,cv,0,20,KAM_P1_opt_CF,1.060869115899344,0,100,0.0
FD001,cv,0,20,KAM_P1_heur_CF,3.718316591617596,14,100,2.5049720421594333
FD001,cv,0,20,age,1.9036847436496807,1,100,0.7944576905095837
FD001,cv,0,50,CNAplus_DA,1.5682964216138624,1,100,0.47831282682251586
FD001,cv,0,50,STW_cost_1se_CF,1.0732357553580762,0,100,0.011657083115525158
FD001,cv,0,50,STW_cost_plain_CF,1.5596609564596717,1,100,0.4701728357295807
FD001,cv,0,50,KAM_P1_opt_CF,1.060869115899344,0,100,0.0
FD001,cv,0,50,KAM_P1_heur_CF,5.052141642492748,8,100,3.762266680004
FD001,cv,0,50,age,2.3836052672588437,1,100,1.2468419822346886
FD001,cv,5,5,CNAplus_DA,1.0904570757366836,1,100,0.03293600939686425
FD001,cv,5,5,STW_cost_1se_CF,1.0704937692267584,0,100,0.014025757338755884
FD001,cv,5,5,STW_cost_plain_CF,1.0870705630791162,1,100,0.02972813359128401
FD001,cv,5,5,KAM_P1_opt_CF,1.0556869600987249,0,100,0.0
FD001,cv,5,5,KAM_P1_heur_CF,1.8205724419922165,20,100,0.724538154588896
FD001,cv,5,5,age,1.6890495078595564,3,100,0.5999529895695608
FD001,cv,5,10,CNAplus_DA,1.1428828966855626,1,100,0.08259639446402134
FD001,cv,5,10,STW_cost_1se_CF,1.0704937692267584,0,100,0.014025757338755884
FD001,cv,5,10,STW_cost_plain_CF,1.1393335709194583,1,100,0.07923429386009562
FD001,cv,5,10,KAM_P1_opt_CF,1.0556869600987249,0,100,0.0
FD001,cv,5,10,KAM_P1_heur_CF,1.4835276822644141,5,100,0.4052723376688092
FD001,cv,5,10,age,1.7437112357799596,1,100,0.6517313386317594
FD001,cv,5,20,CNAplus_DA,1.2477345385833207,1,100,0.1819171645983353
FD001,cv,5,20,STW_cost_1se_CF,1.0704937692267584,0,100,0.014025757338755884
FD001,cv,5,20,STW_cost_plain_CF,1.2438595866001427,1,100,0.17824661439771927
FD001,cv,5,20,KAM_P1_opt_CF,1.0556869600987249,0,100,0.0
FD001,cv,5,20,KAM_P1_heur_CF,1.427344080604534,2,100,0.35205239294710333
FD001,cv,5,20,age,1.9036847436496807,1,100,0.8032663238273337
FD001,cv,5,50,CNAplus_DA,1.5622894642765948,1,100,0.4798794750012767
FD001,cv,5,50,STW_cost_1se_CF,1.0704937692267584,0,100,0.014025757338755884
FD001,cv,5,50,STW_cost_plain_CF,1.5574376336421953,1,100,0.47528357601058957
FD001,cv,5,50,KAM_P1_opt_CF,1.0556869600987249,0,100,0.0
FD001,cv,5,50,KAM_P1_heur_CF,2.0579851161848834,2,100,0.9494274287450009
FD001,cv,5,50,age,2.3836052672588437,1,100,1.257871279414056
FD001,cv,10,5,CNAplus_DA,1.0979708952537668,1,100,0.023528564817195674
FD001,cv,10,5,STW_cost_1se_CF,1.0727310726788233,0,100,0.0
FD001,cv,10,5,STW_cost_plain_CF,1.091070005109862,1,100,0.017095554420030856
FD001,cv,10,5,KAM_P1_opt_CF,1.0982532661248843,1,100,0.02379179096800743
FD001,cv,10,5,KAM_P1_heur_CF,1.58674064899678,14,100,0.4791597721080012
FD001,cv,10,5,age,1.6890495078595564,3,100,0.5745320993095344
FD001,cv,10,10,CNAplus_DA,1.1507579575255824,1,100,0.07273666889494534
FD001,cv,10,10,STW_cost_1se_CF,1.0727310726788233,0,100,0.0
FD001,cv,10,10,STW_cost_plain_CF,1.143525293817067,1,100,0.06599437915176298
FD001,cv,10,10,KAM_P1_opt_CF,1.15105390391935,1,100,0.07301255014916164
FD001,cv,10,10,KAM_P1_heur_CF,1.6698533007334964,7,100,0.5566373933436457
FD001,cv,10,10,age,1.7437112357799596,1,100,0.6254877668692538
FD001,cv,10,20,CNAplus_DA,1.2563320820692139,1,100,0.1711528770504449
FD001,cv,10,20,STW_cost_1se_CF,1.0727310726788233,0,100,0.0
FD001,cv,10,20,STW_cost_plain_CF,1.2484358712314767,1,100,0.16379202861522746
FD001,cv,10,20,KAM_P1_opt_CF,1.256655179508281,1,100,0.17145406851147005
FD001,cv,10,20,KAM_P1_heur_CF,1.8118010429201765,4,100,0.688961091054954
FD001,cv,10,20,age,1.9036847436496807,1,100,0.7746150849306532
FD001,cv,10,50,CNAplus_DA,1.573054455700108,1,100,0.4664015015169436
FD001,cv,10,50,STW_cost_1se_CF,1.0727310726788233,0,100,0.0
FD001,cv,10,50,STW_cost_plain_CF,1.5631676034747062,1,100,0.4571849770056209
FD001,cv,10,50,KAM_P1_opt_CF,1.5734590062750746,1,100,0.4667786235983953
FD001,cv,10,50,KAM_P1_heur_CF,1.5498627013881852,1,100,0.4447821461140946
FD001,cv,10,50,age,2.3836052672588437,1,100,1.2219970391148514
FD001,cv,15,5,CNAplus_DA,1.0691558610633756,0,100,0.0
FD001,cv,15,5,STW_cost_1se_CF,1.0920744680851064,0,100,0.021436170212765893
FD001,cv,15,5,STW_cost_plain_CF,1.1085162496106324,1,100,0.03681445332779565
FD001,cv,15,5,KAM_P1_opt_CF,1.146508790072389,2,100,0.07234953464322658
FD001,cv,15,5,KAM_P1_heur_CF,1.4318720733286838,10,100,0.33925475739762856
FD001,cv,15,5,age,1.6890495078595564,3,100,0.5797972675187306
FD001,cv,15,10,CNAplus_DA,1.0782521926369415,0,100,0.0
FD001,cv,15,10,STW_cost_1se_CF,1.0920744680851064,0,100,0.0128191489361702
FD001,cv,15,10,STW_cost_plain_CF,1.161810300072682,1,100,0.07749402969577401
FD001,cv,15,10,KAM_P1_opt_CF,1.179445030041109,1,100,0.09384895119637404
FD001,cv,15,10,KAM_P1_heur_CF,1.8551799710448804,9,100,0.7205436573311366
FD001,cv,15,10,age,1.7437112357799596,1,100,0.6171645628798503
FD001,cv,15,20,CNAplus_DA,1.0782521926369415,0,100,0.0
FD001,cv,15,20,STW_cost_1se_CF,1.0920744680851064,0,100,0.0128191489361702
FD001,cv,15,20,STW_cost_plain_CF,1.2683984009967813,1,100,0.17634669297061567
FD001,cv,15,20,KAM_P1_opt_CF,1.2876509960999263,1,100,0.1942020659850321
FD001,cv,15,20,KAM_P1_heur_CF,1.6372241974806991,3,100,0.5184056277935798
FD001,cv,15,20,age,1.9036847436496807,1,100,0.7655282842449742
FD001,cv,15,50,CNAplus_DA,1.0782521926369415,0,100,0.0
FD001,cv,15,50,STW_cost_1se_CF,1.0920744680851064,0,100,0.0128191489361702
FD001,cv,15,50,STW_cost_plain_CF,1.588162703769079,1,100,0.47290468279514064
FD001,cv,15,50,KAM_P1_opt_CF,1.6122688942763783,1,100,0.49526141035100646
FD001,cv,15,50,KAM_P1_heur_CF,2.0730980672140347,2,100,0.9226467438421133
FD001,cv,15,50,age,2.3836052672588437,1,100,1.2106194483403456
FD002,cv,0,5,CNAplus_DA,1.0489794317758474,0,260,0.0
FD002,cv,0,5,STW_cost_1se_CF,1.0599738468854016,0,260,0.010481058804881815
FD002,cv,0,5,STW_cost_plain_CF,1.0600047132214867,1,260,0.010510483915756375
FD002,cv,0,5,KAM_P1_opt_CF,1.0538560031517776,0,260,0.0046488722545059424
FD002,cv,0,5,KAM_P1_heur_CF,2.534399029434703,99,260,1.4160617002224214
FD002,cv,0,5,age,1.6050602846410111,7,260,0.5301160690288831
FD002,cv,0,10,CNAplus_DA,1.0489794317758474,0,260,0.0
FD002,cv,0,10,STW_cost_1se_CF,1.0599738468854016,0,260,0.010481058804881815
FD002,cv,0,10,STW_cost_plain_CF,1.080080560062803,1,260,0.029648940050524653
FD002,cv,0,10,KAM_P1_opt_CF,1.0538560031517776,0,260,0.0046488722545059424
FD002,cv,0,10,KAM_P1_heur_CF,2.833311897106109,52,260,1.7010175903158693
FD002,cv,0,10,age,1.673648054594172,1,260,0.5955013071713
FD002,cv,0,20,CNAplus_DA,1.0489794317758474,0,260,0.0
FD002,cv,0,20,STW_cost_1se_CF,1.0599738468854016,0,260,0.010481058804881815
FD002,cv,0,20,STW_cost_plain_CF,1.120232253745435,1,260,0.06792585232006099
FD002,cv,0,20,KAM_P1_opt_CF,1.0538560031517776,0,260,0.0046488722545059424
FD002,cv,0,20,KAM_P1_heur_CF,2.80897663224495,24,260,1.6778185988733383
FD002,cv,0,20,age,1.7358654543932122,1,260,0.6548136234230215
FD002,cv,0,50,CNAplus_DA,1.0489794317758474,0,260,0.0
FD002,cv,0,50,STW_cost_1se_CF,1.0599738468854016,0,260,0.010481058804881815
FD002,cv,0,50,STW_cost_plain_CF,1.2406873347933312,1,260,0.18275658912866954
FD002,cv,0,50,KAM_P1_opt_CF,1.0538560031517776,0,260,0.0046488722545059424
FD002,cv,0,50,KAM_P1_heur_CF,2.962301106832357,10,260,1.8239839763277268
FD002,cv,0,50,age,1.9225176537903315,1,260,0.8327505721781847
FD002,cv,5,5,CNAplus_DA,1.0525290680517028,0,260,0.0075153947549626565
FD002,cv,5,5,STW_cost_1se_CF,1.0598268586937143,0,260,0.014501079656886962
FD002,cv,5,5,STW_cost_plain_CF,1.0446779012321572,0,260,0.0
FD002,cv,5,5,KAM_P1_opt_CF,1.0494938794726931,0,260,0.004610012554927767
FD002,cv,5,5,KAM_P1_heur_CF,1.6517327352692746,41,260,0.5810928261439432
FD002,cv,5,5,age,1.6050602846410111,7,260,0.5364164234238176
FD002,cv,5,10,CNAplus_DA,1.0525290680517028,0,260,0.0075153947549626565
FD002,cv,5,10,STW_cost_1se_CF,1.0598268586937143,0,260,0.014501079656886962
FD002,cv,5,10,STW_cost_plain_CF,1.0446779012321572,0,260,0.0
FD002,cv,5,10,KAM_P1_opt_CF,1.0494938794726931,0,260,0.004610012554927767
FD002,cv,5,10,KAM_P1_heur_CF,1.7287907051894067,20,260,0.6548552459570216
FD002,cv,5,10,age,1.673648054594172,1,260,0.6020708896207807
FD002,cv,5,20,CNAplus_DA,1.0525290680517028,0,260,0.0075153947549626565
FD002,cv,5,20,STW_cost_1se_CF,1.0598268586937143,0,260,0.014501079656886962
FD002,cv,5,20,STW_cost_plain_CF,1.0446779012321572,0,260,0.0
FD002,cv,5,20,KAM_P1_opt_CF,1.0494938794726931,0,260,0.004610012554927767
FD002,cv,5,20,KAM_P1_heur_CF,1.4075324496302586,5,260,0.3473362918562062
FD002,cv,5,20,age,1.7358654543932122,1,260,0.6616274282683936
FD002,cv,5,50,CNAplus_DA,1.0525290680517028,0,260,0.0075153947549626565
FD002,cv,5,50,STW_cost_1se_CF,1.0598268586937143,0,260,0.014501079656886962
FD002,cv,5,50,STW_cost_plain_CF,1.0446779012321572,0,260,0.0
FD002,cv,5,50,KAM_P1_opt_CF,1.0494938794726931,0,260,0.004610012554927767
FD002,cv,5,50,KAM_P1_heur_CF,1.2329643159741281,1,260,0.18023394054750685
FD002,cv,5,50,age,1.9225176537903315,1,260,0.8402970442112312
FD002,cv,10,5,CNAplus_DA,1.0905573523103087,2,260,0.017239395497513632
FD002,cv,10,5,STW_cost_1se_CF,1.0876158558935958,1,260,0.014495655307732447
FD002,cv,10,5,STW_cost_plain_CF,1.0990100266147864,3,260,0.02512379816703736
FD002,cv,10,5,KAM_P1_opt_CF,1.0720754201393632,1,260,0.0
FD002,cv,10,5,KAM_P1_heur_CF,1.608335011601944,38,260,0.5002069643503908
FD002,cv,10,5,age,1.6050602846410111,7,260,0.49715239664049315
FD002,cv,10,10,CNAplus_DA,1.1312497908293502,2,260,0.03155653467432673
FD002,cv,10,10,STW_cost_1se_CF,1.1076602121538184,1,260,0.010045826579416106
FD002,cv,10,10,STW_cost_plain_CF,1.1650850392529717,3,260,0.06240999594933627
FD002,cv,10,10,KAM_P1_opt_CF,1.0966435215172163,1,260,0.0
FD002,cv,10,10,KAM_P1_heur_CF,1.342709993950019,9,260,0.22438145815366473
FD002,cv,10,10,age,1.673648054594172,1,260,0.5261550556361878
FD002,cv,10,20,CNAplus_DA,1.1559620302376479,1,260,0.016309928920927197
FD002,cv,10,20,STW_cost_1se_CF,1.1488371717134398,1,260,0.010045826579416106
FD002,cv,10,20,STW_cost_plain_CF,1.2868709318578122,3,260,0.13140368894118848
FD002,cv,10,20,KAM_P1_opt_CF,1.1374109386739901,1,260,0.0
FD002,cv,10,20,KAM_P1_heur_CF,1.407912255237005,5,260,0.23782197565144658
FD002,cv,10,20,age,1.7358654543932122,1,260,0.526155055636188
FD002,cv,10,50,CNAplus_DA,1.2802590227363195,1,260,0.03572075790830187
FD002,cv,10,50,STW_cost_1se_CF,1.2723680503923043,1,260,0.02933701546897205
FD002,cv,10,50,STW_cost_plain_CF,1.6522286096723329,3,260,0.3366415994398775
FD002,cv,10,50,KAM_P1_opt_CF,1.2597131901443117,1,260,0.019099320428744182
FD002,cv,10,50,KAM_P1_heur_CF,1.2361044354482928,1,260,0.0
FD002,cv,10,50,age,1.9225176537903315,1,260,0.5553035800677311
FD002,cv,15,5,CNAplus_DA,1.0843376157945892,1,260,0.0016704905915361223
FD002,cv,15,5,STW_cost_1se_CF,1.0927353865960239,1,260,0.00942803683545601
FD002,cv,15,5,STW_cost_plain_CF,1.083060787904059,2,260,0.0004910047922066507
FD002,cv,15,5,KAM_P1_opt_CF,1.082529260849278,2,260,0.0
FD002,cv,15,5,KAM_P1_heur_CF,1.6599665717288152,41,260,0.5334149678564066
FD002,cv,15,5,age,1.6050602846410111,7,260,0.4826945956008535
FD002,cv,15,10,CNAplus_DA,1.1048743130634262,1,260,0.0
FD002,cv,15,10,STW_cost_1se_CF,1.1162604053873766,1,260,0.010305328116807067
FD002,cv,15,10,STW_cost_plain_CF,1.1390437459792297,2,260,0.03092608137577546
FD002,cv,15,10,KAM_P1_opt_CF,1.1306013820155534,2,260,0.023285063873731637
FD002,cv,15,10,KAM_P1_heur_CF,1.561644063387713,15,260,0.41341331310149276
FD002,cv,15,10,age,1.673648054594172,1,260,0.5147859216255442
FD002,cv,15,20,CNAplus_DA,1.1708621547121678,1,260,0.011319369378556488
FD002,cv,15,20,STW_cost_1se_CF,1.1577570747326322,1,260,0.0
FD002,cv,15,20,STW_cost_plain_CF,1.2209893392151456,2,260,0.054616176279567163
FD002,cv,15,20,KAM_P1_opt_CF,1.229607857050305,2,260,0.062060326717731984
FD002,cv,15,20,KAM_P1_heur_CF,1.7139493413453175,9,260,0.4804049819700995
FD002,cv,15,20,age,1.7358654543932122,1,260,0.49933478471214343
FD002,cv,15,50,CNAplus_DA,1.296761311132831,1,260,0.011319369378556488
FD002,cv,15,50,STW_cost_1se_CF,1.2822470827683992,1,260,0.0
FD002,cv,15,50,STW_cost_plain_CF,1.466826118922893,2,260,0.14394966355157046
FD002,cv,15,50,KAM_P1_opt_CF,1.4771799088053998,2,260,0.15202438645142902
FD002,cv,15,50,KAM_P1_heur_CF,1.8307386128271166,4,260,0.42775806428392293
FD002,cv,15,50,age,1.9225176537903315,1,260,0.4993347847121432
FD003,cv,0,5,CNAplus_DA,1.132436115843271,2,100,0.02616629537413173
FD003,cv,0,5,STW_cost_1se_CF,1.1047789993269015,0,100,0.001104571892097006
FD003,cv,0,5,STW_cost_plain_CF,1.103560037927765,1,100,0.0
FD003,cv,0,5,KAM_P1_opt_CF,1.1117537232425863,1,100,0.007424775302852682
FD003,cv,0,5,KAM_P1_heur_CF,2.1334314326589006,28,100,0.9332264302221382
FD003,cv,0,5,age,1.7733084008587854,1,100,0.6068979846249738
FD003,cv,0,10,CNAplus_DA,1.1676877556348448,1,100,0.05694238969628418
FD003,cv,0,10,STW_cost_1se_CF,1.1047789993269015,0,100,0.0
FD003,cv,0,10,STW_cost_plain_CF,1.1566158089819845,1,100,0.046920524092750826
FD003,cv,0,10,KAM_P1_opt_CF,1.1652034214754028,1,100,0.05469367374408418
FD003,cv,0,10,KAM_P1_heur_CF,3.2774227902023436,25,100,1.9665867944621946
FD003,cv,0,10,age,1.8585636124385347,1,100,0.6822944802271627
FD003,cv,0,20,CNAplus_DA,1.2748150726655645,1,100,0.15390958141153965
FD003,cv,0,20,STW_cost_1se_CF,1.1047789993269015,0,100,0.0
FD003,cv,0,20,STW_cost_plain_CF,1.2627273510904233,1,100,0.14296827859667283
FD003,cv,0,20,KAM_P1_opt_CF,1.272102817941036,1,100,0.1514545612435414
FD003,cv,0,20,KAM_P1_heur_CF,3.141421315604741,11,100,1.843483916257175
FD003,cv,0,20,age,2.029074035598033,1,100,0.8366334233672692
FD003,cv,0,50,CNAplus_DA,1.5961970237577237,1,100,0.44481115655730585
FD003,cv,0,50,STW_cost_1se_CF,1.1047789993269015,0,100,0.0
FD003,cv,0,50,STW_cost_plain_CF,1.5810619774157402,1,100,0.43111154210843905
FD003,cv,0,50,KAM_P1_opt_CF,1.592801007337936,1,100,0.44173722374191327
FD003,cv,0,50,KAM_P1_heur_CF,3.0439497097030204,4,100,1.7552566726536072
FD003,cv,0,50,age,2.540605305076529,1,100,1.2996502527875893
FD003,cv,5,5,CNAplus_DA,1.1401569400969085,2,100,0.04144498355724302
FD003,cv,5,5,STW_cost_1se_CF,1.0956343731921143,0,100,0.0007770699328706332
FD003,cv,5,5,STW_cost_plain_CF,1.0963305502033827,1,100,0.00141297366730897
FD003,cv,5,5,KAM_P1_opt_CF,1.0947836497349068,1,100,0.0
FD003,cv,5,5,KAM_P1_heur_CF,1.576585526045729,14,100,0.44008866631090693
FD003,cv,5,5,age,1.7733084008587854,1,100,0.6197797631414919
FD003,cv,5,10,CNAplus_DA,1.161622370357545,1,100,0.06022811877759526
FD003,cv,5,10,STW_cost_1se_CF,1.0956343731921143,0,100,0.0
FD003,cv,5,10,STW_cost_plain_CF,1.1490387497323915,1,100,0.048742881609933786
FD003,cv,5,10,KAM_P1_opt_CF,1.1842806707855253,1,100,0.0809086496028244
FD003,cv,5,10,KAM_P1_heur_CF,1.6593863711544825,7,100,0.5145439133311283
FD003,cv,5,10,age,1.8585636124385347,1,100,0.696335618810167
FD003,cv,5,20,CNAplus_DA,1.2681932300233747,1,100,0.1574967535278331
FD003,cv,5,20,STW_cost_1se_CF,1.0956343731921143,0,100,0.0
FD003,cv,5,20,STW_cost_plain_CF,1.254455148790409,1,100,0.14495782487690012
FD003,cv,5,20,KAM_P1_opt_CF,1.2929302736098853,1,100,0.1800745807590467
FD003,cv,5,20,KAM_P1_heur_CF,2.187990033222592,6,100,0.9970074750830569
FD003,cv,5,20,age,2.029074035598033,1,100,0.8519627398019252
FD003,cv,5,50,CNAplus_DA,1.5879058090208642,1,100,0.4493026577785475
FD003,cv,5,50,STW_cost_1se_CF,1.0956343731921143,0,100,0.0
FD003,cv,5,50,STW_cost_plain_CF,1.5707043459644616,1,100,0.4336026546777991
FD003,cv,5,50,KAM_P1_opt_CF,1.6188790820829657,1,100,0.47757237422771404
FD003,cv,5,50,KAM_P1_heur_CF,2.051148699823277,2,100,0.8721105781368341
FD003,cv,5,50,age,2.540605305076529,1,100,1.3188441027772009
FD003,cv,10,5,CNAplus_DA,1.097599451303155,1,100,0.008659122085047821
FD003,cv,10,5,STW_cost_1se_CF,1.0881767955801107,0,100,0.0
FD003,cv,10,5,STW_cost_plain_CF,1.0894732363203135,1,100,0.001191387966981594
FD003,cv,10,5,KAM_P1_opt_CF,1.1024671689989236,1,100,0.013132400430570401
FD003,cv,10,5,KAM_P1_heur_CF,1.662759955524441,16,100,0.5280237202981508
FD003,cv,10,5,age,1.7733084008587854,1,100,0.6296142392132418
FD003,cv,10,10,CNAplus_DA,1.15036865569273,1,100,0.05715234910836764
FD003,cv,10,10,STW_cost_1se_CF,1.0881767955801107,0,100,0.0
FD003,cv,10,10,STW_cost_plain_CF,1.1418517572972513,1,100,0.049325589311547846
FD003,cv,10,10,KAM_P1_opt_CF,1.1763896194985097,1,100,0.08106479046116077
FD003,cv,10,10,KAM_P1_heur_CF,1.668562637728161,7,100,0.5333562014053468
FD003,cv,10,10,age,1.8585636124385347,1,100,0.7079610776369554
FD003,cv,10,20,CNAplus_DA,1.2559070644718793,1,100,0.1541388031550066
FD003,cv,10,20,STW_cost_1se_CF,1.0881767955801107,0,100,0.0
FD003,cv,10,20,STW_cost_plain_CF,1.2466087992511277,1,100,0.14559399200068057
FD003,cv,10,20,KAM_P1_opt_CF,1.2843152726635108,1,100,0.18024504646677197
FD003,cv,10,20,KAM_P1_heur_CF,2.0032964740246193,5,100,0.8409659920717709
FD003,cv,10,20,age,2.029074035598033,1,100,0.8646547544843821
FD003,cv,10,50,CNAplus_DA,1.572522290809328,1,100,0.4450981652949244
FD003,cv,10,50,STW_cost_1se_CF,1.0881767955801107,0,100,0.0
FD003,cv,10,50,STW_cost_plain_CF,1.5608799251127565,1,100,0.4343992000680792
FD003,cv,10,50,KAM_P1_opt_CF,1.6080922321585134,1,100,0.47778581448360513
FD003,cv,10,50,KAM_P1_heur_CF,1.5454269705523025,1,100,0.4201984244007244
FD003,cv,10,50,age,2.540605305076529,1,100,1.334735785026664
FD003,cv,15,5,CNAplus_DA,1.0492222458981464,0,100,0.0
FD003,cv,15,5,STW_cost_1se_CF,1.082388112195551,0,100,0.03160995339839956
FD003,cv,15,5,STW_cost_plain_CF,1.125866960240505,2,100,0.07304907481898626
FD003,cv,15,5,KAM_P1_opt_CF,1.0535324575292055,0,100,0.004108006333176428
FD003,cv,15,5,KAM_P1_heur_CF,1.4229451347892499,10,100,0.3561903975560414
FD003,cv,15,5,age,1.7733084008587854,1,100,0.6901170441166284
FD003,cv,15,10,CNAplus_DA,1.0492222458981464,0,100,0.0
FD003,cv,15,10,STW_cost_1se_CF,1.082388112195551,0,100,0.03160995339839956
FD003,cv,15,10,STW_cost_plain_CF,1.2301139010035145,2,100,0.1724054706355589
FD003,cv,15,10,KAM_P1_opt_CF,1.0535324575292055,0,100,0.004108006333176428
FD003,cv,15,10,KAM_P1_heur_CF,1.668007814123613,7,100,0.5897564321044098
FD003,cv,15,10,age,1.8585636124385347,1,100,0.7713726712376201
FD003,cv,15,20,CNAplus_DA,1.0492222458981464,0,100,0.0
FD003,cv,15,20,STW_cost_1se_CF,1.082388112195551,0,100,0.03160995339839956
FD003,cv,15,20,STW_cost_plain_CF,1.438607782529534,2,100,0.3711182622687046
FD003,cv,15,20,KAM_P1_opt_CF,1.0535324575292055,0,100,0.004108006333176428
FD003,cv,15,20,KAM_P1_heur_CF,1.229759905977166,1,100,0.17206808260577566
FD003,cv,15,20,age,2.029074035598033,1,100,0.9338839254796034
FD003,cv,15,50,CNAplus_DA,1.0492222458981464,0,100,0.0
FD003,cv,15,50,STW_cost_1se_CF,1.082388112195551,0,100,0.03160995339839956
FD003,cv,15,50,STW_cost_plain_CF,2.064089427107592,2,100,0.9672566371681413
FD003,cv,15,50,KAM_P1_opt_CF,1.0535324575292055,0,100,0.004108006333176428
FD003,cv,15,50,KAM_P1_heur_CF,1.5551231506210523,1,100,0.4821675357157995
FD003,cv,15,50,age,2.540605305076529,1,100,1.4214176882055543
FD004,cv,0,5,CNAplus_DA,1.0774619233487737,1,249,0.0074056046172030765
FD004,cv,0,5,STW_cost_1se_CF,1.0790539703879287,0,249,0.008894137135432967
FD004,cv,0,5,STW_cost_plain_CF,1.0848785084162684,2,249,0.014339965082483364
FD004,cv,0,5,KAM_P1_opt_CF,1.0695413231874868,1,249,0.0
FD004,cv,0,5,KAM_P1_heur_CF,3.415069073891745,150,249,2.1930220926051076
FD004,cv,0,5,age,1.9255764316005282,8,249,0.800375908676304
FD004,cv,0,10,CNAplus_DA,1.1047862135484783,1,249,0.02225325002158618
FD004,cv,0,10,STW_cost_1se_CF,1.0807363180553833,0,249,0.0
FD004,cv,0,10,STW_cost_plain_CF,1.1345400682395863,2,249,0.04978434543683563
FD004,cv,0,10,KAM_P1_opt_CF,1.0906785034876347,1,249,0.009199455284468305
FD004,cv,0,10,KAM_P1_heur_CF,2.966729302531226,53,249,1.7451000331601638
FD004,cv,0,10,age,2.131951421674975,4,249,0.9726841654688625
FD004,cv,0,20,CNAplus_DA,1.1476073846162487,1,249,0.061875469014671
FD004,cv,0,20,STW_cost_1se_CF,1.0807363180553833,0,249,0.0
FD004,cv,0,20,STW_cost_plain_CF,1.2195243430140872,2,249,0.1284198769302316
FD004,cv,0,20,KAM_P1_opt_CF,1.1446861439761418,1,249,0.059172459417137224
FD004,cv,0,20,KAM_P1_heur_CF,2.8279915340019253,23,249,1.6167266582568964
FD004,cv,0,20,age,2.066495183465915,1,249,0.9121178301699451
FD004,cv,0,50,CNAplus_DA,1.27607089781956,1,249,0.18074212599392503
FD004,cv,0,50,STW_cost_1se_CF,1.0807363180553833,0,249,0.0
FD004,cv,0,50,STW_cost_plain_CF,1.4744771673375898,2,249,0.3643264714104195
FD004,cv,0,50,KAM_P1_opt_CF,1.2728226526301876,1,249,0.17773654069517497
FD004,cv,0,50,KAM_P1_heur_CF,2.6676654805751503,8,249,1.4683777495098886
FD004,cv,0,50,age,2.2978192711673233,1,249,1.1261608708606103
FD004,cv,5,5,CNAplus_DA,1.0880160039096103,1,249,0.0047045606151034924
FD004,cv,5,5,STW_cost_1se_CF,1.0878482005920747,0,249,0.00454960631497503
FD004,cv,5,5,STW_cost_plain_CF,1.082921334848427,1,249,0.0
FD004,cv,5,5,KAM_P1_opt_CF,1.0844371291373283,1,249,0.0013997270532244421
FD004,cv,5,5,KAM_P1_heur_CF,1.6955474397926873,41,249,0.5657161653667184
FD004,cv,5,5,age,1.9255764316005282,8,249,0.778131402194643
FD004,cv,5,10,CNAplus_DA,1.109518296476994,1,249,0.029087314394678154
FD004,cv,5,10,STW_cost_1se_CF,1.0878482005920747,0,249,0.008988122837678691
FD004,cv,5,10,STW_cost_plain_CF,1.1043229422564986,1,249,0.02426858077029803
FD004,cv,5,10,KAM_P1_opt_CF,1.0781575877549578,0,249,0.0
FD004,cv,5,10,KAM_P1_heur_CF,1.735892670609894,19,249,0.6100546806191243
FD004,cv,5,10,age,2.131951421674975,4,249,0.9774024186151922
FD004,cv,5,20,CNAplus_DA,1.152522881611761,1,249,0.06897441960377382
FD004,cv,5,20,STW_cost_1se_CF,1.0878482005920747,0,249,0.008988122837678691
FD004,cv,5,20,STW_cost_plain_CF,1.1471261570726419,1,249,0.06396891335829391
FD004,cv,5,20,KAM_P1_opt_CF,1.0781575877549578,0,249,0.0
FD004,cv,5,20,KAM_P1_heur_CF,2.2194200686838763,15,249,1.0585303056720714
FD004,cv,5,20,age,2.066495183465915,1,249,0.9166912211497464
FD004,cv,5,50,CNAplus_DA,1.2815366370160628,1,249,0.18863573523106214
FD004,cv,5,50,STW_cost_1se_CF,1.0878482005920747,0,249,0.008988122837678691
FD004,cv,5,50,STW_cost_plain_CF,1.275535801521072,1,249,0.183069911122282
FD004,cv,5,50,KAM_P1_opt_CF,1.0781575877549578,0,249,0.0
FD004,cv,5,50,KAM_P1_heur_CF,1.8663938410722156,4,249,0.7310955859046526
FD004,cv,5,50,age,2.2978192711673233,1,249,1.131246208591882
FD004,cv,10,5,CNAplus_DA,1.0886084074596445,1,249,0.0
FD004,cv,10,5,STW_cost_1se_CF,1.1125057380584948,1,249,0.021952182653647512
FD004,cv,10,5,STW_cost_plain_CF,1.0961356481324163,2,249,0.006914553131494916
FD004,cv,10,5,KAM_P1_opt_CF,1.0988522646856624,2,249,0.009410047870126892
FD004,cv,10,5,KAM_P1_heur_CF,1.8453844233087773,50,249,0.6951774491758067
FD004,cv,10,5,age,1.9255764316005282,8,249,0.7688421459962964
FD004,cv,10,10,CNAplus_DA,1.1252816421647278,1,249,0.0
FD004,cv,10,10,STW_cost_1se_CF,1.1341459433528045,1,249,0.007877406736169767
FD004,cv,10,10,STW_cost_plain_CF,1.151152541388164,2,249,0.02299059920116342
FD004,cv,10,10,KAM_P1_opt_CF,1.154016205967129,2,249,0.025535441729169106
FD004,cv,10,10,KAM_P1_heur_CF,1.8505766738159588,22,249,0.6445453337850298
FD004,cv,10,10,age,2.131951421674975,4,249,0.8945936215343346
FD004,cv,10,20,CNAplus_DA,1.1688972096904926,1,249,0.0
FD004,cv,10,20,STW_cost_1se_CF,1.1781050884439983,1,249,0.007877406736169545
FD004,cv,10,20,STW_cost_plain_CF,1.2373811961737944,2,249,0.058588544754448746
FD004,cv,10,20,KAM_P1_opt_CF,1.2404593674627942,2,249,0.0612219425104541
FD004,cv,10,20,KAM_P1_heur_CF,1.7570281124497993,9,249,0.5031502324443355
FD004,cv,10,20,age,2.066495183465915,1,249,0.7679015454345157
FD004,cv,10,50,CNAplus_DA,1.2997439122677865,1,249,0.0
FD004,cv,10,50,STW_cost_1se_CF,1.3099825237175802,1,249,0.007877406736169545
FD004,cv,10,50,STW_cost_plain_CF,1.496067160530685,2,249,0.15104763823848555
FD004,cv,10,50,KAM_P1_opt_CF,1.4997888519497895,2,249,0.15391104185513416
FD004,cv,10,50,KAM_P1_heur_CF,1.6811140449645814,3,249,0.2934194413970228
FD004,cv,10,50,age,2.2978192711673233,1,249,0.7679015454345157
FD004,cv,15,5,CNAplus_DA,1.1085064238855877,2,249,0.0025177386129551227
FD004,cv,15,5,STW_cost_1se_CF,1.1420871688542769,2,249,0.03288769568451033
FD004,cv,15,5,STW_cost_plain_CF,1.1057225036429525,2,249,0.0
FD004,cv,15,5,KAM_P1_opt_CF,1.120261905614308,2,249,0.013149232220067253
FD004,cv,15,5,KAM_P1_heur_CF,1.7517113222984644,44,249,0.5842232716863536
FD004,cv,15,5,age,1.9255764316005282,8,249,0.7414644499469405
FD004,cv,15,10,CNAplus_DA,1.1746998770557249,2,249,0.012912610897596988
FD004,cv,15,10,STW_cost_1se_CF,1.1996485685976244,2,249,0.03442520724818432
FD004,cv,15,10,STW_cost_plain_CF,1.159724801939981,2,249,0.0
FD004,cv,15,10,KAM_P1_opt_CF,1.17116631251955,2,249,0.00986571172784223
FD004,cv,15,10,KAM_P1_heur_CF,1.7522405699090642,19,249,0.510910663441815
FD004,cv,15,10,age,2.131951421674975,4,249,0.8383252803670824
FD004,cv,15,20,CNAplus_DA,1.2783730058326728,2,249,0.015473008600156435
FD004,cv,15,20,STW_cost_1se_CF,1.2886354162825309,2,249,0.023624933560602024
FD004,cv,15,20,STW_cost_plain_CF,1.2621257103737622,2,249,0.0025670023515895757
FD004,cv,15,20,KAM_P1_opt_CF,1.2588941261914264,2,249,0.0
FD004,cv,15,20,KAM_P1_heur_CF,1.6030410311636074,7,249,0.2733723971000961
FD004,cv,15,20,age,2.066495183465915,1,249,0.6415162645311172
FD004,cv,15,50,CNAplus_DA,1.5456286864945556,2,249,0.012872961326569454
FD004,cv,15,50,STW_cost_1se_CF,1.558036548606405,2,249,0.021004013856050996
FD004,cv,15,50,STW_cost_plain_CF,1.525984743901378,2,249,0.0
FD004,cv,15,50,KAM_P1_opt_CF,1.5519211356892446,2,249,0.016996494815247454
FD004,cv,15,50,KAM_P1_heur_CF,1.6805316090004865,3,249,0.10127680877332312
FD004,cv,15,50,age,2.2978192711673233,1,249,0.5057943929980913
NCMAPSS,cv,0,5,CNAplus_DA,1.4894286041827025,3,99,0.048937215895675346
NCMAPSS,cv,0,5,STW_cost_1se_CF,1.4199406614731434,1,99,0.0
NCMAPSS,cv,0,5,STW_cost_plain_CF,1.5353710323396794,5,99,0.08129239058960436
NCMAPSS,cv,0,5,KAM_P1_opt_CF,1.608558383039095,8,99,0.13283493225010323
NCMAPSS,cv,0,5,KAM_P1_heur_CF,2.752588864422774,42,99,0.9385238687136761
NCMAPSS,cv,0,5,age,1.6778692185007973,2,99,0.1816474195196729
NCMAPSS,cv,0,10,CNAplus_DA,1.664386415723314,2,99,0.1203686019862491
NCMAPSS,cv,0,10,STW_cost_1se_CF,1.4855703852933768,1,99,0.0
NCMAPSS,cv,0,10,STW_cost_plain_CF,1.568807789869896,2,99,0.05603060306030616
NCMAPSS,cv,0,10,KAM_P1_opt_CF,1.545210072294206,1,99,0.04014598540145986
NCMAPSS,cv,0,10,KAM_P1_heur_CF,4.917546398238439,42,99,2.3102076124567477
NCMAPSS,cv,0,10,age,1.7152161271564255,1,99,0.1545842217484008
NCMAPSS,cv,0,20,CNAplus_DA,1.9488969141375556,2,99,0.3463087714424613
NCMAPSS,cv,0,20,STW_cost_1se_CF,1.4475853945818609,0,99,0.0
NCMAPSS,cv,0,20,STW_cost_plain_CF,1.8369800616425278,2,99,0.2689959905081418
NCMAPSS,cv,0,20,KAM_P1_opt_CF,1.4789410348977137,0,99,0.02166064981949467
NCMAPSS,cv,0,20,KAM_P1_heur_CF,5.980771254208754,24,99,3.1315498737373746
NCMAPSS,cv,0,20,age,1.874032435226465,1,99,0.2945919751889903
NCMAPSS,cv,0,50,CNAplus_DA,2.201229547874915,1,99,0.5794284700035495
NCMAPSS,cv,0,50,STW_cost_1se_CF,1.411832280298679,0,99,0.01301933754547191
NCMAPSS,cv,0,50,STW_cost_plain_CF,1.3936873936873937,0,99,0.0
NCMAPSS,cv,0,50,KAM_P1_opt_CF,1.4789410348977137,0,99,0.06117127958283208
NCMAPSS,cv,0,50,KAM_P1_heur_CF,9.859109760473872,16,99,6.074118489648394
NCMAPSS,cv,0,50,age,2.350481359436583,1,99,0.6865197820421698
NCMAPSS,cv,5,5,CNAplus_DA,1.5642362263983884,4,99,0.05199920809923331
NCMAPSS,cv,5,5,STW_cost_1se_CF,1.4869176843057441,2,99,0.0
NCMAPSS,cv,5,5,STW_cost_plain_CF,1.5555803737621918,5,99,0.04617786860777495
NCMAPSS,cv,5,5,KAM_P1_opt_CF,1.5813910739869703,5,99,0.06353639524123134
NCMAPSS,cv,5,5,KAM_P1_heur_CF,2.464996394020475,34,99,0.6577894123112842
NCMAPSS,cv,5,5,age,1.6778692185007973,2,99,0.12842105263157877
NCMAPSS,cv,5,10,CNAplus_DA,1.8463926818682603,4,99,0.24970787567188601
NCMAPSS,cv,5,10,STW_cost_1se_CF,1.4774594269685433,0,99,0.0
NCMAPSS,cv,5,10,STW_cost_plain_CF,1.7312471700960907,3,99,0.17177307105364648
NCMAPSS,cv,5,10,KAM_P1_opt_CF,1.764114832535885,3,99,0.19401913875598087
NCMAPSS,cv,5,10,KAM_P1_heur_CF,2.974106638702912,19,99,1.012987012987013
NCMAPSS,cv,5,10,age,1.7152161271564255,1,99,0.16092265943012207
NCMAPSS,cv,5,20,CNAplus_DA,2.023482895582836,2,99,0.29849756738513444
NCMAPSS,cv,5,20,STW_cost_1se_CF,1.5583262890955196,0,99,0.0
NCMAPSS,cv,5,20,STW_cost_plain_CF,2.1915572168306983,3,99,0.40635323434267234
NCMAPSS,cv,5,20,KAM_P1_opt_CF,2.246208460010896,3,99,0.4414237093533442
NCMAPSS,cv,5,20,KAM_P1_heur_CF,4.502153599587882,15,99,1.8890955835706351
NCMAPSS,cv,5,20,age,1.874032435226465,1,99,0.20259309513040868
NCMAPSS,cv,5,50,CNAplus_DA,1.5583262890955196,0,99,0.023457311918850143
NCMAPSS,cv,5,50,STW_cost_1se_CF,1.5226099525087755,0,99,0.0
NCMAPSS,cv,5,50,STW_cost_plain_CF,2.2021089843702706,1,99,0.4462725537435883
NCMAPSS,cv,5,50,KAM_P1_opt_CF,2.2622116921316593,1,99,0.48574602996930105
NCMAPSS,cv,5,50,KAM_P1_heur_CF,3.327269425689618,3,99,1.1852408229746163
NCMAPSS,cv,5,50,age,2.350481359436583,1,99,0.5437186362559494
NCMAPSS,cv,10,5,CNAplus_DA,1.5648077412783294,4,99,0.04909531380119625
NCMAPSS,cv,10,5,STW_cost_1se_CF,1.5535826097229606,2,99,0.041569639815253856
NCMAPSS,cv,10,5,STW_cost_plain_CF,1.5107156218267328,4,99,0.012830290608068395
NCMAPSS,cv,10,5,KAM_P1_opt_CF,1.4915782395486525,3,99,0.0
NCMAPSS,cv,10,5,KAM_P1_heur_CF,2.113275928203907,24,99,0.4168052819296817
NCMAPSS,cv,10,5,age,1.6778692185007973,2,99,0.12489521100047418
NCMAPSS,cv,10,10,CNAplus_DA,1.5248138957816375,0,99,0.03660049627791562
NCMAPSS,cv,10,10,STW_cost_1se_CF,1.6759090909090908,1,99,0.1393181818181819
NCMAPSS,cv,10,10,STW_cost_plain_CF,1.6583686532306892,2,99,0.1273938240636623
NCMAPSS,cv,10,10,KAM_P1_opt_CF,1.470975463794135,0,99,0.0
NCMAPSS,cv,10,10,KAM_P1_heur_CF,2.817092324018394,16,99,0.9151185001768662
NCMAPSS,cv,10,10,age,1.7152161271564255,1,99,0.16603993021903474
NCMAPSS,cv,10,20,CNAplus_DA,1.5940337224383916,0,99,0.061175961954172076
NCMAPSS,cv,10,20,STW_cost_1se_CF,1.8069926236044656,1,99,0.20294640483785198
NCMAPSS,cv,10,20,STW_cost_plain_CF,1.7835251869342779,1,99,0.18732372425554233
NCMAPSS,cv,10,20,KAM_P1_opt_CF,1.502138928498676,0,99,0.0
NCMAPSS,cv,10,20,KAM_P1_heur_CF,2.2171880396068184,4,99,0.47602062468536355
NCMAPSS,cv,10,20,age,1.874032435226465,1,99,0.24757597294910716
NCMAPSS,cv,10,50,CNAplus_DA,1.5940337224383916,0,99,0.18331171638564614
NCMAPSS,cv,10,50,STW_cost_1se_CF,2.266397527910686,1,99,0.6824328814460392
NCMAPSS,cv,10,50,STW_cost_plain_CF,2.2369637937819755,1,99,0.6605831037649219
NCMAPSS,cv,10,50,KAM_P1_opt_CF,1.5746316463805252,0,99,0.16890881913303435
NCMAPSS,cv,10,50,KAM_P1_heur_CF,1.3470953598830837,0,99,0.0
NCMAPSS,cv,10,50,age,2.350481359436583,1,99,0.7448515000753804
NCMAPSS,cv,15,5,CNAplus_DA,1.5212176967466755,3,99,0.0
NCMAPSS,cv,15,5,STW_cost_1se_CF,1.5484512896597604,2,99,0.017902495462238877
NCMAPSS,cv,15,5,STW_cost_plain_CF,1.5458139117015992,5,99,0.0161687673023565
NCMAPSS,cv,15,5,KAM_P1_opt_CF,1.5687959238401714,5,99,0.03127640915251528
NCMAPSS,cv,15,5,KAM_P1_heur_CF,2.1422385274214815,23,99,0.4082392888295612
NCMAPSS,cv,15,5,age,1.6778692185007973,2,99,0.10297771455666194
NCMAPSS,cv,15,10,CNAplus_DA,1.5863466054749824,1,99,0.029777164267402956
NCMAPSS,cv,15,10,STW_cost_1se_CF,1.6686089268541042,1,99,0.08317776394938825
NCMAPSS,cv,15,10,STW_cost_plain_CF,1.7239816563258699,2,99,0.11912298054731307
NCMAPSS,cv,15,10,KAM_P1_opt_CF,1.5404756101807038,1,99,0.0
NCMAPSS,cv,15,10,KAM_P1_heur_CF,2.779374030530146,15,99,0.8042311167809497
NCMAPSS,cv,15,10,age,1.7152161271564255,1,99,0.11343283582089558
NCMAPSS,cv,15,20,CNAplus_DA,1.8387473056929122,1,99,0.0
NCMAPSS,cv,15,20,STW_cost_1se_CF,2.0554752388241626,1,99,0.11786716557530386
NCMAPSS,cv,15,20,STW_cost_plain_CF,2.018679375355933,2,99,0.0978557897030965
NCMAPSS,cv,15,20,KAM_P1_opt_CF,1.8515298338344472,1,99,0.006951759005687785
NCMAPSS,cv,15,20,KAM_P1_heur_CF,3.1527313608257956,8,99,0.7146082830765712
NCMAPSS,cv,15,20,age,1.874032435226465,1,99,0.019189765458422325
NCMAPSS,cv,15,50,CNAplus_DA,1.6668173598553344,0,99,0.0
NCMAPSS,cv,15,50,STW_cost_1se_CF,2.4345754363422207,1,99,0.46061319912910026
NCMAPSS,cv,15,50,STW_cost_plain_CF,2.398554737980325,1,99,0.4390027340418985
NCMAPSS,cv,15,50,KAM_P1_opt_CF,1.6955621982064844,0,99,0.017245343757185783
NCMAPSS,cv,15,50,KAM_P1_heur_CF,3.4928083734793605,3,99,1.0954955579431371
NCMAPSS,cv,15,50,age,2.350481359436583,1,99,0.41016131463892647
NCMAPSS,group,0,5,CNAplus_DA,1.8402762067888268,10,99,0.11461449310547156
NCMAPSS,group,0,5,STW_cost_1se_CF,1.651042775930143,6,99,0.0
NCMAPSS,group,0,5,STW_cost_plain_CF,1.7403587055629415,10,99,0.05409667813269148
NCMAPSS,group,0,5,KAM_P1_opt_CF,1.7946600692310521,10,99,0.0869858100557086
NCMAPSS,group,0,5,KAM_P1_heur_CF,3.067204200106004,50,99,0.8577375733817936
NCMAPSS,group,0,5,age,1.9439075670775223,6,99,0.1773817101633779
NCMAPSS,group,0,10,CNAplus_DA,2.2719912360281405,7,99,0.4271106411946177
NCMAPSS,group,0,10,STW_cost_1se_CF,1.6530211063594977,2,99,0.038315629742033286
NCMAPSS,group,0,10,STW_cost_plain_CF,1.5920217889527353,2,99,0.0
NCMAPSS,group,0,10,KAM_P1_opt_CF,2.3465197293495006,8,99,0.4739243807040414
NCMAPSS,group,0,10,KAM_P1_heur_CF,4.912786604987931,42,99,2.085878999319264
NCMAPSS,group,0,10,age,1.861723407974209,2,99,0.16940824610126048
NCMAPSS,group,0,20,CNAplus_DA,2.310066871498283,3,99,0.5547683595397315
NCMAPSS,group,0,20,STW_cost_1se_CF,1.9242738529934456,2,99,0.29511406731848
NCMAPSS,group,0,20,STW_cost_plain_CF,1.896380643453678,2,99,0.2763408100706002
NCMAPSS,group,0,20,KAM_P1_opt_CF,1.4857948821277451,0,99,0.0
NCMAPSS,group,0,20,KAM_P1_heur_CF,5.118829616103648,20,99,2.4451791951074595
NCMAPSS,group,0,20,age,2.1799667255766377,2,99,0.4672057036936337
NCMAPSS,group,0,50,CNAplus_DA,3.642797758901138,3,99,1.451750105428038
NCMAPSS,group,0,50,STW_cost_1se_CF,2.7670215258372903,2,99,0.8623173084798581
NCMAPSS,group,0,50,STW_cost_plain_CF,2.7269123121195227,2,99,0.8353221867438558
NCMAPSS,group,0,50,KAM_P1_opt_CF,1.4857948821277451,0,99,0.0
NCMAPSS,group,0,50,KAM_P1_heur_CF,9.838462410190157,16,99,5.621682796551906
NCMAPSS,group,0,50,age,3.1346966783839245,2,99,1.1097775447273421
NCMAPSS,group,5,5,CNAplus_DA,1.7407631319848687,6,99,0.1894098570529934
NCMAPSS,group,5,5,STW_cost_1se_CF,1.4635519637427303,1,99,0.0
NCMAPSS,group,5,5,STW_cost_plain_CF,1.7157578954660015,8,99,0.17232454874940473
NCMAPSS,group,5,5,KAM_P1_opt_CF,1.7803566829770794,9,99,0.2164629115212191
NCMAPSS,group,5,5,KAM_P1_heur_CF,2.2535564999000615,28,99,0.539785778522724
NCMAPSS,group,5,5,age,1.9439075670775223,6,99,0.32821219555907133
NCMAPSS,group,5,10,CNAplus_DA,1.6091945661859643,1,99,0.16510574842241188
NCMAPSS,group,5,10,STW_cost_1se_CF,1.5278943278943278,1,99,0.10624190624190644
NCMAPSS,group,5,10,STW_cost_plain_CF,1.3811575201348565,0,99,0.0
NCMAPSS,group,5,10,KAM_P1_opt_CF,2.008956392923428,5,99,0.4545454545454548
NCMAPSS,group,5,10,KAM_P1_heur_CF,3.4488795050312024,24,99,1.4970935282562507
NCMAPSS,group,5,10,age,1.861723407974209,2,99,0.34794430094579654
NCMAPSS,group,5,20,CNAplus_DA,1.758194063055035,1,99,0.2729859103133758
NCMAPSS,group,5,20,STW_cost_1se_CF,1.6693660249215805,1,99,0.20867171237541626
NCMAPSS,group,5,20,STW_cost_plain_CF,1.3811575201348565,0,99,0.0
NCMAPSS,group,5,20,KAM_P1_opt_CF,1.457312252964427,0,99,0.05513833992094885
NCMAPSS,group,5,20,KAM_P1_heur_CF,5.238051057537583,18,99,2.7925080819356065
NCMAPSS,group,5,20,age,2.1799667255766377,2,99,0.5783621301673001
NCMAPSS,group,5,50,CNAplus_DA,2.2051925536622474,1,99,0.5966263959862681
NCMAPSS,group,5,50,STW_cost_1se_CF,2.093781116003338,1,99,0.5159611307759457
NCMAPSS,group,5,50,STW_cost_plain_CF,1.3811575201348565,0,99,0.0
NCMAPSS,group,5,50,KAM_P1_opt_CF,1.457312252964427,0,99,0.05513833992094885
NCMAPSS,group,5,50,KAM_P1_heur_CF,5.209564950088175,6,99,2.771883274819741
NCMAPSS,group,5,50,age,3.1346966783839245,2,99,1.269615617831811
NCMAPSS,group,10,5,CNAplus_DA,1.6207677532180842,4,99,0.12798753858356493
NCMAPSS,group,10,5,STW_cost_1se_CF,1.4368667186282151,0,99,0.0
NCMAPSS,group,10,5,STW_cost_plain_CF,1.7062726835454107,7,99,0.18749544507120253
NCMAPSS,group,10,5,KAM_P1_opt_CF,1.741453563618512,7,99,0.21197988723761907
NCMAPSS,group,10,5,KAM_P1_heur_CF,2.3313790106627494,29,99,0.6225436781558489
NCMAPSS,group,10,5,age,1.9439075670775223,6,99,0.35287952729073013
NCMAPSS,group,10,10,CNAplus_DA,1.6467479296547873,1,99,0.1730901646971248
NCMAPSS,group,10,10,STW_cost_1se_CF,1.41671469740634,0,99,0.009221902017291006
NCMAPSS,group,10,10,STW_cost_plain_CF,1.6427384114471766,2,99,0.17023391311798464
NCMAPSS,group,10,10,KAM_P1_opt_CF,1.4037692747001713,0,99,0.0
NCMAPSS,group,10,10,KAM_P1_heur_CF,2.940652016008431,17,99,1.0948257445202452
NCMAPSS,group,10,10,age,1.861723407974209,2,99,0.3262317686586005
NCMAPSS,group,10,20,CNAplus_DA,1.814078869187228,1,99,0.2804828470463143
NCMAPSS,group,10,20,STW_cost_1se_CF,1.41671469740634,0,99,0.0
NCMAPSS,group,10,20,STW_cost_plain_CF,1.923548396309942,2,99,0.3577528346614114
NCMAPSS,group,10,20,KAM_P1_opt_CF,1.4213569776407093,0,99,0.0032767925983037127
NCMAPSS,group,10,20,KAM_P1_heur_CF,3.370355135061017,9,99,1.3789935554641435
NCMAPSS,group,10,20,age,2.1799667255766377,2,99,0.5387478717963656
NCMAPSS,group,10,50,CNAplus_DA,2.2752853613534727,1,99,0.6060293335835132
NCMAPSS,group,10,50,STW_cost_1se_CF,1.41671469740634,0,99,0.0
NCMAPSS,group,10,50,STW_cost_plain_CF,2.7659783508982376,2,99,0.9523891126153141
NCMAPSS,group,10,50,KAM_P1_opt_CF,1.4213569776407093,0,99,0.0032767925983037127
NCMAPSS,group,10,50,KAM_P1_heur_CF,2.725392858750957,2,99,0.92374150119321
NCMAPSS,group,10,50,age,3.1346966783839245,2,99,1.2126520492254307
NCMAPSS,group,15,5,CNAplus_DA,1.554794925454309,2,99,0.026585891392758576
NCMAPSS,group,15,5,STW_cost_1se_CF,1.599092854710832,2,99,0.0558345263401443
NCMAPSS,group,15,5,STW_cost_plain_CF,1.5806897168772054,4,99,0.04368346940777301
NCMAPSS,group,15,5,KAM_P1_opt_CF,1.5145298006627919,3,99,0.0
NCMAPSS,group,15,5,KAM_P1_heur_CF,2.5501704461242034,33,99,0.6838034121271117
NCMAPSS,group,15,5,age,1.9439075670775223,6,99,0.28350565715301546
NCMAPSS,group,15,10,CNAplus_DA,1.7998197589275655,2,99,0.018587360594795488
NCMAPSS,group,15,10,STW_cost_1se_CF,1.8459494329013497,2,99,0.044693920779495855
NCMAPSS,group,15,10,STW_cost_plain_CF,1.80586702118355,3,99,0.022009739346664503
NCMAPSS,group,15,10,KAM_P1_opt_CF,1.7669763326697632,2,99,0.0
NCMAPSS,group,15,10,KAM_P1_heur_CF,2.7528073109544855,14,99,0.5579197412311736
NCMAPSS,group,15,10,age,1.861723407974209,2,99,0.0536210211493271
NCMAPSS,group,15,20,CNAplus_DA,2.1992293625914314,2,99,0.05775862068965498
NCMAPSS,group,15,20,STW_cost_1se_CF,2.130359967103182,2,99,0.024634655532358884
NCMAPSS,group,15,20,STW_cost_plain_CF,2.079141043688721,2,99,0.0
NCMAPSS,group,15,20,KAM_P1_opt_CF,2.1223844098220135,2,99,0.020798668885191107
NCMAPSS,group,15,20,KAM_P1_heur_CF,3.5115957902757273,9,99,0.6889646813212864
NCMAPSS,group,15,20,age,2.1799667255766377,2,99,0.04849391155735949
NCMAPSS,group,15,50,CNAplus_DA,3.1623955067920586,2,99,0.32849924277726017
NCMAPSS,group,15,50,STW_cost_1se_CF,3.06336433225786,2,99,0.28689697003893233
NCMAPSS,group,15,50,STW_cost_plain_CF,2.989713763552394,2,99,0.25595690433709994
NCMAPSS,group,15,50,KAM_P1_opt_CF,2.380427029962767,1,99,0.0
NCMAPSS,group,15,50,KAM_P1_heur_CF,4.723094539868733,5,99,0.9841375015568568
NCMAPSS,group,15,50,age,3.1346966783839245,2,99,0.3168631673758784
PHM08,cv,0,5,CNAplus_DA,1.060393094014121,1,218,0.015169764906166616
PHM08,cv,0,5,STW_cost_1se_CF,1.0540154066146963,0,218,0.009064071220997283
PHM08,cv,0,5,STW_cost_plain_CF,1.0565892955113232,1,218,0.011528189669932187
PHM08,cv,0,5,KAM_P1_opt_CF,1.044547553198784,0,218,0.0
PHM08,cv,0,5,KAM_P1_heur_CF,2.3893746178379374,75,218,1.2874732801975406
PHM08,cv,0,5,age,1.703545347867409,7,218,0.6308930528347267
PHM08,cv,0,10,CNAplus_DA,1.0842758213567814,1,218,0.038033948800449524
PHM08,cv,0,10,STW_cost_1se_CF,1.0540154066146963,0,218,0.009064071220997283
PHM08,cv,0,10,STW_cost_plain_CF,1.0803863517165333,1,218,0.03431035610393973
PHM08,cv,0,10,KAM_P1_opt_CF,1.044547553198784,0,218,0.0
PHM08,cv,0,10,KAM_P1_heur_CF,2.351563180070176,32,218,1.2512744133752798
PHM08,cv,0,10,age,1.7707646836111832,2,218,0.695245638351704
PHM08,cv,0,20,CNAplus_DA,1.1320412760421024,1,218,0.08376231658901578
PHM08,cv,0,20,STW_cost_1se_CF,1.0540154066146963,0,218,0.009064071220997283
PHM08,cv,0,20,STW_cost_plain_CF,1.1279804641269533,1,218,0.07987468897195482
PHM08,cv,0,20,KAM_P1_opt_CF,1.044547553198784,0,218,0.0
PHM08,cv,0,20,KAM_P1_heur_CF,3.0556710216201473,23,218,1.925353673236391
PHM08,cv,0,20,age,1.9208294873070462,2,218,0.8389105229577807
PHM08,cv,0,50,CNAplus_DA,1.2753376400980645,1,218,0.2209474199547139
PHM08,cv,0,50,STW_cost_1se_CF,1.0540154066146963,0,218,0.009064071220997283
PHM08,cv,0,50,STW_cost_plain_CF,1.2707628013582133,1,218,0.21656768757599987
PHM08,cv,0,50,KAM_P1_opt_CF,1.044547553198784,0,218,0.0
PHM08,cv,0,50,KAM_P1_heur_CF,2.412391218460468,6,218,1.3095082756863006
PHM08,cv,0,50,age,2.3710238983946352,2,218,1.2699051767760108
PHM08,cv,5,5,CNAplus_DA,1.0642243793755257,1,218,0.024892322991165505
PHM08,cv,5,5,STW_cost_1se_CF,1.054599160012923,0,218,0.015622836571745014
PHM08,cv,5,5,STW_cost_plain_CF,1.0383767694440027,0,218,0.0
PHM08,cv,5,5,KAM_P1_opt_CF,1.044738586745308,0,218,0.006126694556843448
PHM08,cv,5,5,KAM_P1_heur_CF,1.461084316838361,24,218,0.40708494241516635
PHM08,cv,5,5,age,1.703545347867409,7,218,0.6405849957328782
PHM08,cv,5,10,CNAplus_DA,1.0881933969290287,1,218,0.04797548341889457
PHM08,cv,5,10,STW_cost_1se_CF,1.054599160012923,0,218,0.015622836571745014
PHM08,cv,5,10,STW_cost_plain_CF,1.0383767694440027,0,218,0.0
PHM08,cv,5,10,KAM_P1_opt_CF,1.044738586745308,0,218,0.006126694556843448
PHM08,cv,5,10,KAM_P1_heur_CF,1.4862935234007435,11,218,0.431362456419915
PHM08,cv,5,10,age,1.7707646836111832,2,218,0.7053200107311111
PHM08,cv,5,20,CNAplus_DA,1.1361314320360345,1,218,0.09414180427435248
PHM08,cv,5,20,STW_cost_1se_CF,1.054599160012923,0,218,0.015622836571745014
PHM08,cv,5,20,STW_cost_plain_CF,1.0383767694440027,0,218,0.0
PHM08,cv,5,20,KAM_P1_opt_CF,1.044738586745308,0,218,0.006126694556843448
PHM08,cv,5,20,KAM_P1_heur_CF,1.3866739434761985,4,218,0.33542465921949605
PHM08,cv,5,20,age,1.9208294873070462,2,218,0.849838655708324
PHM08,cv,5,50,CNAplus_DA,1.2799455373570514,1,218,0.2326407668407262
PHM08,cv,5,50,STW_cost_1se_CF,1.054599160012923,0,218,0.015622836571745014
PHM08,cv,5,50,STW_cost_plain_CF,1.0383767694440027,0,218,0.0
PHM08,cv,5,50,KAM_P1_opt_CF,1.044738586745308,0,218,0.006126694556843448
PHM08,cv,5,50,KAM_P1_heur_CF,1.4977511745064935,2,218,0.4423966507922381
PHM08,cv,5,50,age,2.3710238983946352,2,218,1.2833945906399626
PHM08,cv,10,5,CNAplus_DA,1.0709838475190259,1,218,0.007380999331572102
PHM08,cv,10,5,STW_cost_1se_CF,1.0631368352486856,0,218,0.0
PHM08,cv,10,5,STW_cost_plain_CF,1.0673730444276908,1,218,0.003984632117477238
PHM08,cv,10,5,KAM_P1_opt_CF,1.0667858363344813,1,218,0.003432296732472917
PHM08,cv,10,5,KAM_P1_heur_CF,1.6486368769715254,34,218,0.5507287700984242
PHM08,cv,10,5,age,1.703545347867409,7,218,0.6023763746920885
PHM08,cv,10,10,CNAplus_DA,1.0988984215709041,1,218,0.03363780196163857
PHM08,cv,10,10,STW_cost_1se_CF,1.0631368352486856,0,218,0.0
PHM08,cv,10,10,STW_cost_plain_CF,1.0914129778607469,1,218,0.02659689860660963
PHM08,cv,10,10,KAM_P1_opt_CF,1.0971249423089044,1,218,0.031969644859749735
PHM08,cv,10,10,KAM_P1_heur_CF,1.5297913050942866,12,218,0.4389411168661488
PHM08,cv,10,10,age,1.7707646836111832,2,218,0.6656037350046022
PHM08,cv,10,20,CNAplus_DA,1.1473080436665384,1,218,0.07917250689386912
PHM08,cv,10,20,STW_cost_1se_CF,1.0631368352486856,0,218,0.0
PHM08,cv,10,20,STW_cost_plain_CF,1.139492844726859,1,218,0.07182143158487442
PHM08,cv,10,20,KAM_P1_opt_CF,1.1454564375648035,1,218,0.07743086269498134
PHM08,cv,10,20,KAM_P1_heur_CF,1.2122442973994028,2,218,0.1402523712912631
PHM08,cv,10,20,age,1.9208294873070462,2,218,0.8067565939032972
PHM08,cv,10,50,CNAplus_DA,1.292536909953442,1,218,0.21577662169056144
PHM08,cv,10,50,STW_cost_1se_CF,1.0631368352486856,0,218,0.0
PHM08,cv,10,50,STW_cost_plain_CF,1.2837324453251957,1,218,0.20749503051966878
PHM08,cv,10,50,KAM_P1_opt_CF,1.2904509233324999,1,218,0.21381451620067482
PHM08,cv,10,50,KAM_P1_heur_CF,1.5035301912718788,2,218,0.41423957991275673
PHM08,cv,10,50,age,2.3710238983946352,2,218,1.230215170599383
PHM08,cv,15,5,CNAplus_DA,1.0779295898015413,1,218,0.005753122738243244
PHM08,cv,15,5,STW_cost_1se_CF,1.0717636022514072,0,218,0.0
PHM08,cv,15,5,STW_cost_plain_CF,1.0755629228799313,1,218,0.003544924105038705
PHM08,cv,15,5,KAM_P1_opt_CF,1.0774304790038374,1,218,0.0052874316132083266
PHM08,cv,15,5,KAM_P1_heur_CF,1.6908902843873164,36,218,0.5776709349294347
PHM08,cv,15,5,age,1.703545347867409,7,218,0.589478635296856
PHM08,cv,15,10,CNAplus_DA,1.1058187262730097,1,218,0.031774846570703064
PHM08,cv,15,10,STW_cost_1se_CF,1.0717636022514072,0,218,0.0
PHM08,cv,15,10,STW_cost_plain_CF,1.0997873130348848,1,218,0.026147287260557706
PHM08,cv,15,10,KAM_P1_opt_CF,1.1070020528928843,1,218,0.03287893950443288
PHM08,cv,15,10,KAM_P1_heur_CF,1.7891999743664084,18,218,0.6693979629536904
PHM08,cv,15,10,age,1.7707646836111832,2,218,0.6521970702227757
PHM08,cv,15,20,CNAplus_DA,1.1545332076066224,1,218,0.07722748298350934
PHM08,cv,15,20,STW_cost_1se_CF,1.0717636022514072,0,218,0.0
PHM08,cv,15,20,STW_cost_plain_CF,1.1482360933447915,1,218,0.07135201357159526
PHM08,cv,15,20,KAM_P1_opt_CF,1.1557686631524828,1,218,0.07838021437246967
PHM08,cv,15,20,KAM_P1_heur_CF,1.8439591105829873,9,218,0.7204905136818069
PHM08,cv,15,20,age,1.9208294873070462,2,218,0.7922137710891126
PHM08,cv,15,50,CNAplus_DA,1.3006766516074608,1,218,0.2135853922219284
PHM08,cv,15,50,STW_cost_1se_CF,1.0717636022514072,0,218,0.0
PHM08,cv,15,50,STW_cost_plain_CF,1.293582434274512,1,218,0.2069661925047086
PHM08,cv,15,50,KAM_P1_opt_CF,1.302068493931278,1,218,0.21488403897657982
PHM08,cv,15,50,KAM_P1_heur_CF,1.7470216687034013,3,218,0.6300438501862806
PHM08,cv,15,50,age,2.3710238983946352,2,218,1.2122638736881233
