dataset,analysis,lead,rho,comparator,ratio,lo,hi,better,worse
BATTERY,cv,0,5,STW_cost_1se_CF,0.9384970998368996,0.93160713448294,0.9448901665215774,True,False
BATTERY,cv,0,5,STW_cost_plain_CF,0.9954634320216891,0.9926430595163707,0.9981221762043176,True,False
BATTERY,cv,0,5,KAM_P1_opt_CF,0.9877836705155485,0.9851948387200511,0.9902276741795458,True,False
BATTERY,cv,0,5,KAM_P1_heur_CF,0.7596486869629763,0.6575325910338519,0.8824478339595627,True,False
BATTERY,cv,0,10,STW_cost_1se_CF,0.9373330979232416,0.9261686983560471,0.9471077444505557,True,False
BATTERY,cv,0,10,STW_cost_plain_CF,1.0044360089161573,1.0034150656588645,1.005518003616157,False,True
BATTERY,cv,0,10,KAM_P1_opt_CF,0.9975833682770188,0.9962705241519685,0.9989103760800725,True,False
BATTERY,cv,0,10,KAM_P1_heur_CF,0.5971113920618456,0.46784457057339524,0.7792804267265103,True,False
BATTERY,cv,0,20,STW_cost_1se_CF,0.9623812796448812,0.958473843091249,0.9660102453237742,True,False
BATTERY,cv,0,20,STW_cost_plain_CF,1.005171306571728,1.0037728678599926,1.0067813811490587,False,True
BATTERY,cv,0,20,KAM_P1_opt_CF,1.000236595725504,0.9986128991205633,1.001942550739888,False,False
BATTERY,cv,0,20,KAM_P1_heur_CF,0.4316143503155525,0.3057329951023643,0.6404103740420133,True,False
BATTERY,cv,0,50,STW_cost_1se_CF,0.9623812796448812,0.9584738430912492,0.9660102453237743,True,False
BATTERY,cv,0,50,STW_cost_plain_CF,1.005171306571728,1.0037728678599926,1.0067813811490587,False,True
BATTERY,cv,0,50,KAM_P1_opt_CF,1.000236595725504,0.9986128991205633,1.001942550739888,False,False
BATTERY,cv,0,50,KAM_P1_heur_CF,0.8240782567508673,0.48526813846114086,1.0661211550699297,False,False
BATTERY,cv,15,5,STW_cost_1se_CF,0.9236365984651979,0.9157712610661237,0.9306168007662179,True,False
BATTERY,cv,15,5,STW_cost_plain_CF,1.0015175813412835,1.000703775956158,1.0023238942516723,False,True
BATTERY,cv,15,5,KAM_P1_opt_CF,1.00122698065891,1.000249983888418,1.0021899917572856,False,True
BATTERY,cv,15,5,KAM_P1_heur_CF,0.542373141633855,0.4671685538930641,0.6337682818572346,True,False
BATTERY,cv,15,10,STW_cost_1se_CF,0.9016166889683462,0.8816562904919618,0.9183008589453754,True,False
BATTERY,cv,15,10,STW_cost_plain_CF,1.000625178230636,0.9996659955236608,1.0015983668663042,False,False
BATTERY,cv,15,10,KAM_P1_opt_CF,0.9795336389760239,0.9723529697479546,0.9859646336714658,True,False
BATTERY,cv,15,10,KAM_P1_heur_CF,0.6692226499040619,0.5286874959380213,0.8495782399324584,True,False
BATTERY,cv,15,20,STW_cost_1se_CF,0.9579237346257602,0.9534875402261868,0.9617842201943955,True,False
BATTERY,cv,15,20,STW_cost_plain_CF,0.9996570801517992,0.997778193533716,1.0012581391245754,False,False
BATTERY,cv,15,20,KAM_P1_opt_CF,0.9962621736546112,0.99456329949117,0.9978483900702153,True,False
BATTERY,cv,15,20,KAM_P1_heur_CF,0.6438305198471977,0.44962243902359705,0.9424188627308576,True,False
BATTERY,cv,15,50,STW_cost_1se_CF,0.9579237346257603,0.9534875402261868,0.9617842201943956,True,False
BATTERY,cv,15,50,STW_cost_plain_CF,0.9996570801517993,0.9977781935337161,1.0012581391245754,False,False
BATTERY,cv,15,50,KAM_P1_opt_CF,0.9962621736546113,0.99456329949117,0.9978483900702152,True,False
BATTERY,cv,15,50,KAM_P1_heur_CF,1.065326231082255,1.0562137221818453,1.0757153762942262,False,True
BATTERY,cv,30,5,STW_cost_1se_CF,0.9264046340224569,0.9185996040166855,0.9332628884633608,True,False
BATTERY,cv,30,5,STW_cost_plain_CF,1.0029502988123156,1.0019471887454858,1.004102128786439,False,True
BATTERY,cv,30,5,KAM_P1_opt_CF,0.999027374017918,0.9976695226928279,1.0004731984077357,False,False
BATTERY,cv,30,5,KAM_P1_heur_CF,0.639306791841377,0.5516259071397404,0.7526705943266477,True,False
BATTERY,cv,30,10,STW_cost_1se_CF,0.9043928787962299,0.8845845184550848,0.9206156582239914,True,False
BATTERY,cv,30,10,STW_cost_plain_CF,1.0027117896709474,1.0014983367778594,1.0040902595474894,False,True
BATTERY,cv,30,10,KAM_P1_opt_CF,0.9981811166841205,0.9969813530268036,0.9995441650652012,True,False
BATTERY,cv,30,10,KAM_P1_heur_CF,0.7727109582348144,0.6157427694687373,0.9710427741279516,True,False
BATTERY,cv,30,20,STW_cost_1se_CF,0.9605185893081254,0.9520882621072128,0.9661392206234197,True,False
BATTERY,cv,30,20,STW_cost_plain_CF,1.0050431198259089,1.0032749126288147,1.0069819583951372,False,True
BATTERY,cv,30,20,KAM_P1_opt_CF,0.9955095508399443,0.9932871483958063,0.9977463182710724,True,False
BATTERY,cv,30,20,KAM_P1_heur_CF,0.9532667892487533,0.7365181247363455,1.0891701959559401,False,False
BATTERY,cv,30,50,STW_cost_1se_CF,0.9605185893081255,0.9520882621072128,0.9661392206234197,True,False
BATTERY,cv,30,50,STW_cost_plain_CF,1.0050431198259089,1.0032749126288147,1.0069819583951374,False,True
BATTERY,cv,30,50,KAM_P1_opt_CF,0.9955095508399443,0.9932871483958063,0.9977463182710725,True,False
BATTERY,cv,30,50,KAM_P1_heur_CF,1.0739542434744564,1.0646474271523332,1.085028819730885,False,True
BATTERY,cv,45,5,STW_cost_1se_CF,0.9393603581639663,0.9296491451441592,0.9479408379938425,True,False
BATTERY,cv,45,5,STW_cost_plain_CF,1.0057182118398014,1.0039796462720632,1.0076685859921302,False,True
BATTERY,cv,45,5,KAM_P1_opt_CF,1.0103060794787118,1.0066950291814796,1.0141696228642227,False,True
BATTERY,cv,45,5,KAM_P1_heur_CF,0.6931650438299928,0.5952222889600831,0.8177968187639019,True,False
BATTERY,cv,45,10,STW_cost_1se_CF,0.934273809259957,0.9234382668528862,0.9436782755323139,True,False
BATTERY,cv,45,10,STW_cost_plain_CF,0.9768279438817349,0.9694853893703006,0.9836443849906955,True,False
BATTERY,cv,45,10,KAM_P1_opt_CF,0.9803852035727743,0.9734204739278177,0.9865129521807903,True,False
BATTERY,cv,45,10,KAM_P1_heur_CF,0.7353393070225046,0.5918682334581018,0.9188931800943719,True,False
BATTERY,cv,45,20,STW_cost_1se_CF,0.9653399592369525,0.9577588783844592,0.9704789019757305,True,False
BATTERY,cv,45,20,STW_cost_plain_CF,1.0093090892435934,1.0071145018691212,1.0115298538670916,False,True
BATTERY,cv,45,20,KAM_P1_opt_CF,0.9896603842718757,0.9818452840181395,0.9944936215942602,True,False
BATTERY,cv,45,20,KAM_P1_heur_CF,0.6405593193365323,0.4487412525073421,0.936477205330915,True,False
BATTERY,cv,45,50,STW_cost_1se_CF,0.9653399592369524,0.9577588783844594,0.9704789019757307,True,False
BATTERY,cv,45,50,STW_cost_plain_CF,1.0093090892435936,1.0071145018691212,1.0115298538670918,False,True
BATTERY,cv,45,50,KAM_P1_opt_CF,0.9896603842718757,0.9818452840181396,0.9944936215942602,True,False
BATTERY,cv,45,50,KAM_P1_heur_CF,1.0534843245471408,1.0453323657685218,1.0627483563124513,False,True
BATTERY,group,0,5,STW_cost_1se_CF,1.4746309792508685,1.2579365130275537,1.7133703453350928,False,True
BATTERY,group,0,5,STW_cost_plain_CF,0.7664043940195303,0.6726511507137193,0.8586448584156138,True,False
BATTERY,group,0,5,KAM_P1_opt_CF,1.0857676066899749,0.996107791108695,1.2065304889314694,False,False
BATTERY,group,0,5,KAM_P1_heur_CF,0.7277788622663366,0.6384542294914494,0.8273684443664823,True,False
BATTERY,group,0,10,STW_cost_1se_CF,1.2416673754318015,1.0276455421113744,1.5253511790864278,False,True
BATTERY,group,0,10,STW_cost_plain_CF,1.0038559549356223,1.0021901132098294,1.0055939326114336,False,True
BATTERY,group,0,10,KAM_P1_opt_CF,1.1260715345630536,0.9980477074832176,1.3383304224726829,False,False
BATTERY,group,0,10,KAM_P1_heur_CF,0.3691207716851141,0.29129448088589033,0.47345730154290977,True,False
BATTERY,group,0,20,STW_cost_1se_CF,1.5540365264838272,1.1054974771198116,2.1511362781988086,False,True
BATTERY,group,0,20,STW_cost_plain_CF,1.0038559549356223,1.0021901132098294,1.0055939326114336,False,True
BATTERY,group,0,20,KAM_P1_opt_CF,1.2342841981446433,0.9980477074832176,1.6647002929291002,False,False
BATTERY,group,0,20,KAM_P1_heur_CF,0.2550405478078334,0.1739345883963485,0.3617892054355679,True,False
BATTERY,group,0,50,STW_cost_1se_CF,2.4911439796399035,1.3390532821451242,4.028491575535951,False,True
BATTERY,group,0,50,STW_cost_plain_CF,1.0038559549356223,1.0021901132098294,1.0055939326114336,False,True
BATTERY,group,0,50,KAM_P1_opt_CF,1.4414061741401742,0.9980477074832176,2.5849145246483216,False,False
BATTERY,group,0,50,KAM_P1_heur_CF,0.17443014167967225,0.08753210913233064,0.28705223181013567,True,False
BATTERY,group,15,5,STW_cost_1se_CF,1.4375022454409623,1.2222894291822137,1.6710514936570064,False,True
BATTERY,group,15,5,STW_cost_plain_CF,0.9845157398705618,0.8845399811375931,1.0939783781507422,False,False
BATTERY,group,15,5,KAM_P1_opt_CF,1.014253530889871,0.9141771185586414,1.1151196869937208,False,False
BATTERY,group,15,5,KAM_P1_heur_CF,0.5170578040113496,0.4417870715740541,0.6047792769092295,True,False
BATTERY,group,15,10,STW_cost_1se_CF,1.5897942883376113,1.238497674325547,2.015982209443011,False,True
BATTERY,group,15,10,STW_cost_plain_CF,1.0471927043819886,0.9033691852131023,1.2217304178770625,False,False
BATTERY,group,15,10,KAM_P1_opt_CF,1.150149317332707,0.997932158339823,1.3557813734503603,False,False
BATTERY,group,15,10,KAM_P1_heur_CF,0.3109696757951402,0.24035128560362454,0.39752917943785115,True,False
BATTERY,group,15,20,STW_cost_1se_CF,2.291174121427734,1.5500694162942381,3.1880648893517387,False,True
BATTERY,group,15,20,STW_cost_plain_CF,1.0701525444245885,0.8528664734677962,1.3497555030334418,False,False
BATTERY,group,15,20,KAM_P1_opt_CF,1.2379306315744065,0.9979321583398229,1.5896419353997207,False,False
BATTERY,group,15,20,KAM_P1_heur_CF,0.23630936871023533,0.15985825599835926,0.3272197657002599,True,False
BATTERY,group,15,50,STW_cost_1se_CF,4.395313620698102,2.484784642200311,6.70431292907792,False,True
BATTERY,group,15,50,STW_cost_plain_CF,1.096233139424435,0.8066099234107289,1.53212771412084,False,False
BATTERY,group,15,50,KAM_P1_opt_CF,1.3497097151771462,0.9979321583398227,2.062367691898615,False,False
BATTERY,group,15,50,KAM_P1_heur_CF,0.6234178365682388,0.372059983191998,0.9803574213017388,True,False
BATTERY,group,30,5,STW_cost_1se_CF,1.6062822429157821,1.361190814386183,1.8881284003011527,False,True
BATTERY,group,30,5,STW_cost_plain_CF,1.0420701479006655,0.9389857012787106,1.1539066835355063,False,False
BATTERY,group,30,5,KAM_P1_opt_CF,1.1494096338037805,1.0196376176494013,1.3017772363032618,False,True
BATTERY,group,30,5,KAM_P1_heur_CF,0.5448717501871927,0.46633356293180317,0.6289817959140959,True,False
BATTERY,group,30,10,STW_cost_1se_CF,1.799254415006032,1.3830529204819788,2.288096737465713,False,True
BATTERY,group,30,10,STW_cost_plain_CF,1.0021862357303042,0.8275604986893549,1.2058395302244023,False,False
BATTERY,group,30,10,KAM_P1_opt_CF,1.177513325895624,0.9483093554244189,1.475819018919479,False,False
BATTERY,group,30,10,KAM_P1_heur_CF,0.3296194772010221,0.2530323004544547,0.4111514222316713,True,False
BATTERY,group,30,20,STW_cost_1se_CF,2.733932033190983,1.8518844189504464,3.7667987106578398,False,True
BATTERY,group,30,20,STW_cost_plain_CF,1.0021862357303042,0.7684533375704259,1.2987940679861698,False,False
BATTERY,group,30,20,KAM_P1_opt_CF,1.2687115244537739,0.9256226634301484,1.7751686404652856,False,False
BATTERY,group,30,20,KAM_P1_heur_CF,0.38646023880270997,0.27092016455893997,0.521866722061116,True,False
BATTERY,group,30,50,STW_cost_1se_CF,5.537964887745838,3.258378914355849,8.202904630234222,False,True
BATTERY,group,30,50,STW_cost_plain_CF,1.0021862357303042,0.7046739957715163,1.4042853992486035,False,False
BATTERY,group,30,50,KAM_P1_opt_CF,1.3723055946606046,0.8997159004746169,2.2540295360883458,False,False
BATTERY,group,30,50,KAM_P1_heur_CF,0.8238415070914498,0.5118921524049309,1.3252260706850778,False,False
BATTERY,group,45,5,STW_cost_1se_CF,1.5122220512009519,1.275125214450825,1.7741490438377676,False,True
BATTERY,group,45,5,STW_cost_plain_CF,0.9823217051509099,0.8811125744357763,1.1018762074692854,False,False
BATTERY,group,45,5,KAM_P1_opt_CF,1.1270932637307753,1.015910596195241,1.270007895742682,False,True
BATTERY,group,45,5,KAM_P1_heur_CF,0.5187675031728135,0.44560566269206275,0.6047241648921267,True,False
BATTERY,group,45,10,STW_cost_1se_CF,1.6611068669310098,1.3080780256638176,2.0804742623794246,False,True
BATTERY,group,45,10,STW_cost_plain_CF,1.0959317239022575,0.9509336106261329,1.3108231494138953,False,False
BATTERY,group,45,10,KAM_P1_opt_CF,1.0825903736931122,0.9389606066726339,1.2955116199426526,False,False
BATTERY,group,45,10,KAM_P1_heur_CF,0.36958677255551253,0.28626633629129905,0.4673015159561883,True,False
BATTERY,group,45,20,STW_cost_1se_CF,2.4409692457718597,1.697386961873287,3.327200412119904,False,True
BATTERY,group,45,20,STW_cost_plain_CF,1.1419580498228645,0.9176676457592646,1.4883783435353453,False,False
BATTERY,group,45,20,KAM_P1_opt_CF,1.1280563970697244,0.9059137302438492,1.4691340265456685,False,False
BATTERY,group,45,20,KAM_P1_heur_CF,0.3425951968632155,0.24031226260038507,0.4654265143775985,True,False
BATTERY,group,45,50,STW_cost_1se_CF,4.780556382294408,2.865313770501696,7.067378861341341,False,True
BATTERY,group,45,50,STW_cost_plain_CF,1.1942403812084084,0.8842878001701894,1.74339099531945,False,False
BATTERY,group,45,50,KAM_P1_opt_CF,1.1797022682839342,0.8735902713560849,1.7244946170257616,False,False
BATTERY,group,45,50,KAM_P1_heur_CF,0.3767076197830518,0.23761295747581282,0.5444099857925402,True,False
FD001,cv,0,5,STW_cost_1se_CF,1.0199528350251204,0.9787517879650093,1.0998254087415922,False,False
FD001,cv,0,5,STW_cost_plain_CF,1.0055367579206398,1.003399328214773,1.0076518356799637,False,True
FD001,cv,0,5,KAM_P1_opt_CF,1.031842509996924,0.9910946859264778,1.1120808685356534,False,False
FD001,cv,0,5,KAM_P1_heur_CF,0.47711635286308657,0.4062856314426698,0.5666913202216117,True,False
FD001,cv,0,10,STW_cost_1se_CF,1.0689890290167128,0.9787517879650093,1.2471234545551984,False,False
FD001,cv,0,10,STW_cost_plain_CF,1.0055367579206398,1.0033993282147733,1.007651835679964,False,True
FD001,cv,0,10,KAM_P1_opt_CF,1.0814503229775452,0.9910946859264778,1.2610202705716782,False,False
FD001,cv,0,10,KAM_P1_heur_CF,0.3232322746847124,0.2526069503300252,0.41975196830292044,True,False
FD001,cv,0,20,STW_cost_1se_CF,1.1670614169998976,0.9787517879650093,1.5417195461824107,False,False
FD001,cv,0,20,STW_cost_plain_CF,1.0055367579206398,1.0033993282147733,1.0076518356799637,False,True
FD001,cv,0,20,KAM_P1_opt_CF,1.180665948938788,0.9910946859264778,1.5588990746437283,False,False
FD001,cv,0,20,KAM_P1_heur_CF,0.33685459819284974,0.22513590949447723,0.4948369322522971,True,False
FD001,cv,0,50,STW_cost_1se_CF,1.4612785809494515,0.9787517879650093,2.425507821064047,False,False
FD001,cv,0,50,STW_cost_plain_CF,1.0055367579206398,1.003399328214773,1.0076518356799637,False,True
FD001,cv,0,50,KAM_P1_opt_CF,1.478312826822516,0.9910946859264778,2.4525354868598783,False,False
FD001,cv,0,50,KAM_P1_heur_CF,0.31042210068363374,0.1496351892115463,0.5883177258925177,True,False
FD001,cv,5,5,STW_cost_1se_CF,1.0186486900566878,0.9772808810641674,1.0987827731960873,False,False
FD001,cv,5,5,STW_cost_plain_CF,1.003115264797508,1.0012672096626087,1.0049192072934645,False,True
FD001,cv,5,5,KAM_P1_opt_CF,1.0329360093968645,0.9912511239094338,1.113910940711396,False,False
FD001,cv,5,5,KAM_P1_heur_CF,0.598963848174818,0.4999208201509267,0.7169449495046895,True,False
FD001,cv,5,10,STW_cost_1se_CF,1.0676221847709515,0.9772808810641674,1.2459411803205631,False,False
FD001,cv,5,10,STW_cost_plain_CF,1.003115264797508,1.0012672096626087,1.0049192072934645,False,True
FD001,cv,5,10,KAM_P1_opt_CF,1.0825963944640213,0.9912511239094338,1.2630954416995295,False,False
FD001,cv,5,10,KAM_P1_heur_CF,0.770381914910478,0.6073230158530889,0.9538506598270887,True,False
FD001,cv,5,20,STW_cost_1se_CF,1.1655691741994791,0.9772808810641674,1.540257994569515,False,False
FD001,cv,5,20,STW_cost_plain_CF,1.0031152647975077,1.0012672096626087,1.0049192072934643,False,True
FD001,cv,5,20,KAM_P1_opt_CF,1.1819171645983353,0.9912511239094338,1.5614644436757963,False,False
FD001,cv,5,20,KAM_P1_heur_CF,0.8741652104339537,0.6455107168563817,1.0157186479131084,False,False
FD001,cv,5,50,STW_cost_1se_CF,1.459410142485062,0.9772808810641674,2.423208437316371,False,False
FD001,cv,5,50,STW_cost_plain_CF,1.0031152647975077,1.0012672096626087,1.0049192072934645,False,True
FD001,cv,5,50,KAM_P1_opt_CF,1.4798794750012767,0.9912511239094338,2.4565714496045965,False,False
FD001,cv,5,50,KAM_P1_heur_CF,0.759135453405409,0.40859234606468975,1.010689955220051,False,False
FD001,cv,10,5,STW_cost_1se_CF,1.0235285648171955,0.9816869022565382,1.1046654980708561,False,False
FD001,cv,10,5,STW_cost_plain_CF,1.0063248830153753,1.003270579396436,1.0093927041965205,False,True
FD001,cv,10,5,KAM_P1_opt_CF,0.9997428909343344,0.9973247926079252,1.0023794160511983,False,False
FD001,cv,10,5,KAM_P1_heur_CF,0.6919661987281672,0.586601399381243,0.8165292254605294,True,False
FD001,cv,10,10,STW_cost_1se_CF,1.0727366688949453,0.9816869022565382,1.2526117701339172,False,False
FD001,cv,10,10,STW_cost_plain_CF,1.0063248830153753,1.003270579396436,1.0093927041965205,False,True
FD001,cv,10,10,KAM_P1_opt_CF,0.9997428909343344,0.9973247926079252,1.0023794160511983,False,False
FD001,cv,10,10,KAM_P1_heur_CF,0.6891371577491884,0.5391914095522347,0.8910178014883338,True,False
FD001,cv,10,20,STW_cost_1se_CF,1.171152877050445,0.9816869022565382,1.5485043142600394,False,False
FD001,cv,10,20,STW_cost_plain_CF,1.0063248830153753,1.003270579396436,1.0093927041965205,False,True
FD001,cv,10,20,KAM_P1_opt_CF,0.9997428909343344,0.9973247926079252,1.002379416051198,False,False
FD001,cv,10,20,KAM_P1_heur_CF,0.6934161380348454,0.47932065642260097,1.0253095306580131,False,False
FD001,cv,10,50,STW_cost_1se_CF,1.4664015015169436,0.9816869022565382,2.436181946638406,False,False
FD001,cv,10,50,STW_cost_plain_CF,1.0063248830153753,1.003270579396436,1.0093927041965205,False,True
FD001,cv,10,50,KAM_P1_opt_CF,0.9997428909343343,0.9973247926079252,1.0023794160511983,False,False
FD001,cv,10,50,KAM_P1_heur_CF,1.0149637476217412,1.0113840095059503,1.0187393811520258,False,True
FD001,cv,15,5,STW_cost_1se_CF,0.9790136957767016,0.9735961982019395,0.9841883007651755,True,False
FD001,cv,15,5,STW_cost_plain_CF,0.9644927274985078,0.8952316010321987,1.0057919125296728,False,False
FD001,cv,15,5,KAM_P1_opt_CF,0.9325317610481387,0.840437938058458,1.0075775174662438,False,False
FD001,cv,15,5,KAM_P1_heur_CF,0.7466839258746774,0.6370901169048632,0.8732522080151247,True,False
FD001,cv,15,10,STW_cost_1se_CF,0.9873431017278506,0.983386287528738,0.991098778214297,True,False
FD001,cv,15,10,STW_cost_plain_CF,0.9280793883213867,0.7969016372221476,1.0124861474381632,False,False
FD001,cv,15,10,KAM_P1_opt_CF,0.9142030066457268,0.7846793705514826,0.9980843080311259,True,False
FD001,cv,15,10,KAM_P1_heur_CF,0.581211639553032,0.4482819453369878,0.7744392144284585,True,False
FD001,cv,15,20,STW_cost_1se_CF,0.9873431017278506,0.983386287528738,0.991098778214297,True,False
FD001,cv,15,20,STW_cost_plain_CF,0.8500895237565642,0.6446274390268327,1.0124861474381632,False,False
FD001,cv,15,20,KAM_P1_opt_CF,0.8373792245746574,0.6347406373250847,0.9980843080311259,True,False
FD001,cv,15,20,KAM_P1_heur_CF,0.6585855463754546,0.4826168208364408,1.032681235652626,False,False
FD001,cv,15,50,STW_cost_1se_CF,0.9873431017278506,0.983386287528738,0.991098778214297,True,False
FD001,cv,15,50,STW_cost_plain_CF,0.6789305592418198,0.4097429470737358,1.0124861474381632,False,False
FD001,cv,15,50,KAM_P1_opt_CF,0.6687793807005653,0.4034586237248514,0.9980843080311259,True,False
FD001,cv,15,50,KAM_P1_heur_CF,0.5201163464910117,0.2989823957565145,1.0308946237879948,False,False
FD002,cv,0,5,STW_cost_1se_CF,0.9896276543597184,0.9884077094809424,0.9907345681659894,True,False
FD002,cv,0,5,STW_cost_plain_CF,0.989598837337117,0.9601067592578244,1.0054193799230984,False,False
FD002,cv,0,5,KAM_P1_opt_CF,0.9953726397521617,0.9945555552110478,0.9962408437316903,True,False
FD002,cv,0,5,KAM_P1_heur_CF,0.4138967146029179,0.37893148913898445,0.45470398225166997,True,False
FD002,cv,0,10,STW_cost_1se_CF,0.9896276543597184,0.9884077094809424,0.9907345681659894,True,False
FD002,cv,0,10,STW_cost_plain_CF,0.9712048069033415,0.9099269634777989,1.0054193799230984,False,False
FD002,cv,0,10,KAM_P1_opt_CF,0.9953726397521617,0.9945555552110478,0.9962408437316903,True,False
FD002,cv,0,10,KAM_P1_heur_CF,0.3702308358099421,0.3184421124808231,0.4407938729475191,True,False
FD002,cv,0,20,STW_cost_1se_CF,0.9896276543597184,0.9884077094809424,0.9907345681659894,True,False
FD002,cv,0,20,STW_cost_plain_CF,0.9363945987706053,0.8238140016344739,1.0054193799230984,False,False
FD002,cv,0,20,KAM_P1_opt_CF,0.9953726397521617,0.9945555552110478,0.9962408437316903,True,False
FD002,cv,0,20,KAM_P1_heur_CF,0.37343829056260147,0.2951196836752439,0.49048054031384214,True,False
FD002,cv,0,50,STW_cost_1se_CF,0.9896276543597184,0.9884077094809424,0.9907345681659894,True,False
FD002,cv,0,50,STW_cost_plain_CF,0.8454825018025853,0.6416438292828704,1.0054193799230984,False,False
FD002,cv,0,50,KAM_P1_opt_CF,0.9953726397521617,0.9945555552110478,0.9962408437316903,True,False
FD002,cv,0,50,KAM_P1_heur_CF,0.35410965798056243,0.24328647075942775,0.5818399536067151,True,False
FD002,cv,5,5,STW_cost_1se_CF,0.9931141671093273,0.9918162707587449,0.9942683833804516,True,False
FD002,cv,5,5,STW_cost_plain_CF,1.0075153947549627,1.0064191172839503,1.0086439948913466,False,True
FD002,cv,5,5,KAM_P1_opt_CF,1.0028920498140825,1.00136593352305,1.004489771663212,False,True
FD002,cv,5,5,KAM_P1_heur_CF,0.6372272254325175,0.572697969557627,0.7107835939753423,True,False
FD002,cv,5,10,STW_cost_1se_CF,0.9931141671093273,0.9918162707587449,0.9942683833804516,True,False
FD002,cv,5,10,STW_cost_plain_CF,1.0075153947549627,1.0064191172839503,1.0086439948913466,False,True
FD002,cv,5,10,KAM_P1_opt_CF,1.0028920498140825,1.00136593352305,1.004489771663212,False,True
FD002,cv,5,10,KAM_P1_heur_CF,0.6088238818569929,0.5141005186701781,0.7278301370718184,True,False
FD002,cv,5,20,STW_cost_1se_CF,0.9931141671093273,0.9918162707587449,0.9942683833804516,True,False
FD002,cv,5,20,STW_cost_plain_CF,1.0075153947549627,1.0064191172839503,1.0086439948913466,False,True
FD002,cv,5,20,KAM_P1_opt_CF,1.0028920498140825,1.00136593352305,1.004489771663212,False,True
FD002,cv,5,20,KAM_P1_heur_CF,0.7477831635982454,0.5902886047363123,0.9514826417140715,True,False
FD002,cv,5,50,STW_cost_1se_CF,0.9931141671093273,0.9918162707587449,0.9942683833804516,True,False
FD002,cv,5,50,STW_cost_plain_CF,1.0075153947549627,1.0064191172839503,1.0086439948913466,False,True
FD002,cv,5,50,KAM_P1_opt_CF,1.0028920498140825,1.00136593352305,1.004489771663212,False,True
FD002,cv,5,50,KAM_P1_heur_CF,0.8536573641388243,0.6473986813579335,1.0157733674390124,False,False
FD002,cv,10,5,STW_cost_1se_CF,1.0027045361657552,0.9865689786313189,1.0333921812463844,False,False
FD002,cv,10,5,STW_cost_plain_CF,0.9923088287642706,0.9623781564812538,1.0082527130031826,False,False
FD002,cv,10,5,KAM_P1_opt_CF,1.0172393954975134,1.0007947304697922,1.0488561161311343,False,True
FD002,cv,10,5,KAM_P1_heur_CF,0.6780660400000152,0.6142887661127315,0.7563205012580589,True,False
FD002,cv,10,10,STW_cost_1se_CF,1.0212967644921203,0.9870995010354306,1.0909403424134014,False,False
FD002,cv,10,10,STW_cost_plain_CF,0.9709589881565075,0.908083533076758,1.003527992864333,False,False
FD002,cv,10,10,KAM_P1_opt_CF,1.031556534674327,0.9971219298933299,1.1021176109542257,False,False
FD002,cv,10,10,KAM_P1_heur_CF,0.8425123786420999,0.7305226877540502,0.9704989149481189,True,False
FD002,cv,10,20,STW_cost_1se_CF,1.0062018001328956,1.0035303495590455,1.0089553308597379,False,True
FD002,cv,10,20,STW_cost_plain_CF,0.8982734799742694,0.7497792326454937,1.0216093978023917,False,False
FD002,cv,10,20,KAM_P1_opt_CF,1.0163099289209272,0.8344079575378852,1.2376884533610546,False,False
FD002,cv,10,20,KAM_P1_heur_CF,0.821046926708551,0.6601616098726474,0.9858417866276674,True,False
FD002,cv,10,50,STW_cost_1se_CF,1.0062018001328958,1.0035303495590455,1.0089553308597379,False,True
FD002,cv,10,50,STW_cost_plain_CF,0.7748679663586133,0.5278194973061032,1.0216093978023917,False,False
FD002,cv,10,50,KAM_P1_opt_CF,1.016309928920927,0.6499676730165613,1.588926085776741,False,False
FD002,cv,10,50,KAM_P1_heur_CF,1.0357207579083019,0.6621919534475494,1.6191497673728328,False,False
FD002,cv,15,5,STW_cost_1se_CF,0.9923149090763919,0.9892587996440082,0.9955033605902134,True,False
FD002,cv,15,5,STW_cost_plain_CF,1.0011789069503672,0.9701709403698415,1.0181192077752188,False,False
FD002,cv,15,5,KAM_P1_opt_CF,1.001670490591536,0.9703855031176084,1.0187571835832316,False,False
FD002,cv,15,5,KAM_P1_heur_CF,0.6532285856005388,0.5886017366886177,0.7278080498625029,True,False
FD002,cv,15,10,STW_cost_1se_CF,0.9897997884104838,0.9862923283087088,0.9933690812109148,True,False
FD002,cv,15,10,STW_cost_plain_CF,0.9700016500363396,0.905678116067654,1.005084191167344,False,False
FD002,cv,15,10,KAM_P1_opt_CF,0.9772447925844007,0.9131670482581349,1.0124587238789442,False,False
FD002,cv,15,10,KAM_P1_heur_CF,0.7075071323657421,0.601212976601664,0.837957628237269,True,False
FD002,cv,15,20,STW_cost_1se_CF,1.0113193693785565,1.0088364035460429,1.0140833752211498,False,True
FD002,cv,15,20,STW_cost_plain_CF,0.9589454363825981,0.8384303124757577,1.026535951659851,False,False
FD002,cv,15,20,KAM_P1_opt_CF,0.9522240346779649,0.8329372584065655,1.0198752646092895,False,False
FD002,cv,15,20,KAM_P1_heur_CF,0.6831369670431051,0.540050373789385,0.8687089551415217,True,False
FD002,cv,15,50,STW_cost_1se_CF,1.0113193693785565,1.0088364035460429,1.0140833752211498,False,True
FD002,cv,15,50,STW_cost_plain_CF,0.8840593267353717,0.6540292985371832,1.026535951659851,False,False
FD002,cv,15,50,KAM_P1_opt_CF,0.877862813732368,0.6494800597289702,1.0198752646092895,False,False
FD002,cv,15,50,KAM_P1_heur_CF,0.7083268479984199,0.4901702599300103,1.0448655567567942,False,False
FD003,cv,0,5,STW_cost_1se_CF,1.0250340715502555,0.9460922817802855,1.1435892745120155,False,False
FD003,cv,0,5,STW_cost_plain_CF,1.0261662953741317,0.98527174941213,1.1100608871584328,False,False
FD003,cv,0,5,KAM_P1_opt_CF,1.0186033940505832,0.9779860556949626,1.102624984642826,False,False
FD003,cv,0,5,KAM_P1_heur_CF,0.5308050207322169,0.45113536769087,0.6345711490936301,True,False
FD003,cv,0,10,STW_cost_1se_CF,1.0569423896962842,0.9664377559589831,1.2349741391222966,False,False
FD003,cv,0,10,STW_cost_plain_CF,1.0095727090766686,1.0069719980880814,1.012468397079256,False,True
FD003,cv,0,10,KAM_P1_opt_CF,1.0021321033852582,0.9997531100356772,1.0049440383320627,False,False
FD003,cv,0,10,KAM_P1_heur_CF,0.35628230789313375,0.28300397297902324,0.4738951689222398,True,False
FD003,cv,0,20,STW_cost_1se_CF,1.1539095814115394,0.9664377559589831,1.5267003137181145,False,False
FD003,cv,0,20,STW_cost_plain_CF,1.0095727090766689,1.0069719980880814,1.012468397079256,False,True
FD003,cv,0,20,KAM_P1_opt_CF,1.002132103385258,0.9997531100356772,1.0049440383320627,False,False
FD003,cv,0,20,KAM_P1_heur_CF,0.40580837289574306,0.27425842366335695,0.6224615013027982,True,False
FD003,cv,0,50,STW_cost_1se_CF,1.4448111565573056,0.9664377559589831,2.401878837505569,False,False
FD003,cv,0,50,STW_cost_plain_CF,1.0095727090766686,1.0069719980880814,1.012468397079256,False,True
FD003,cv,0,50,KAM_P1_opt_CF,1.002132103385258,0.9997531100356772,1.0049440383320627,False,False
FD003,cv,0,50,KAM_P1_heur_CF,0.5243835069513861,0.26470104522639176,1.0401559102997844,False,False
FD003,cv,5,5,STW_cost_1se_CF,1.0406363363492133,0.9615527678417126,1.1582872522457877,False,False
FD003,cv,5,5,STW_cost_plain_CF,1.0399755255250305,0.999216672409104,1.1201066962401345,False,False
FD003,cv,5,5,KAM_P1_opt_CF,1.041444983557243,1.0000872098111813,1.123123885411632,False,True
FD003,cv,5,5,KAM_P1_heur_CF,0.723181153994584,0.6087358877983027,0.8520958272870044,True,False
FD003,cv,5,10,STW_cost_1se_CF,1.0602281187775953,0.9693131023806736,1.2388829823018146,False,False
FD003,cv,5,10,STW_cost_plain_CF,1.010951432776383,1.0091776225056022,1.012929669695638,False,True
FD003,cv,5,10,KAM_P1_opt_CF,0.980867457362999,0.9745105248509597,0.986243867404957,True,False
FD003,cv,5,10,KAM_P1_heur_CF,0.7000312829792443,0.5496453916356668,0.9067732289058339,True,False
FD003,cv,5,20,STW_cost_1se_CF,1.157496753527833,0.9693131023806736,1.5315325056801958,False,False
FD003,cv,5,20,STW_cost_plain_CF,1.010951432776383,1.0091776225056024,1.012929669695638,False,True
FD003,cv,5,20,KAM_P1_opt_CF,0.9808674573629989,0.9745105248509597,0.9862438674049571,True,False
FD003,cv,5,20,KAM_P1_heur_CF,0.5796156338772304,0.3858890824160646,0.895453374311572,True,False
FD003,cv,5,50,STW_cost_1se_CF,1.4493026577785475,0.9693131023806736,2.40948107581534,False,False
FD003,cv,5,50,STW_cost_plain_CF,1.010951432776383,1.0091776225056022,1.012929669695638,False,True
FD003,cv,5,50,KAM_P1_opt_CF,0.9808674573629989,0.9745105248509597,0.9862438674049568,True,False
FD003,cv,5,50,KAM_P1_heur_CF,0.774154408774788,0.44386231805641896,1.0316987760413987,False,False
FD003,cv,10,5,STW_cost_1se_CF,1.0086591220850478,0.9669042913873268,1.0880331437708088,False,False
FD003,cv,10,5,STW_cost_plain_CF,1.0074588477366253,1.0046135305280264,1.009841607799458,False,True
FD003,cv,10,5,KAM_P1_opt_CF,0.9955847050754458,0.9923530550720349,0.9991487845988427,True,False
FD003,cv,10,5,KAM_P1_heur_CF,0.6601069791562113,0.5543309550360189,0.7868905958464901,True,False
FD003,cv,10,10,STW_cost_1se_CF,1.0571523491083676,0.9669042913873268,1.2337518683829707,False,False
FD003,cv,10,10,STW_cost_plain_CF,1.0074588477366255,1.0046135305280266,1.009841607799458,False,True
FD003,cv,10,10,KAM_P1_opt_CF,0.977880658436214,0.9712021308214694,0.9839577449909763,True,False
FD003,cv,10,10,KAM_P1_heur_CF,0.6894369019667248,0.5404657890021486,0.8933550792921984,True,False
FD003,cv,10,20,STW_cost_1se_CF,1.1541388031550066,0.9669042913873268,1.5251893176072946,False,False
FD003,cv,10,20,STW_cost_plain_CF,1.0074588477366255,1.0046135305280264,1.009841607799458,False,True
FD003,cv,10,20,KAM_P1_opt_CF,0.9778806584362139,0.9712021308214696,0.9839577449909763,True,False
FD003,cv,10,20,KAM_P1_heur_CF,0.6269202191270092,0.44033204880999727,0.9070371294095682,True,False
FD003,cv,10,50,STW_cost_1se_CF,1.4450981652949244,0.9669042913873268,2.399501665280266,False,False
FD003,cv,10,50,STW_cost_plain_CF,1.0074588477366255,1.0046135305280264,1.009841607799458,False,True
FD003,cv,10,50,KAM_P1_opt_CF,0.9778806584362139,0.9712021308214694,0.9839577449909764,True,False
FD003,cv,10,50,KAM_P1_heur_CF,1.0175325788751715,1.013994805915618,1.0215264235705204,False,True
FD003,cv,15,5,STW_cost_1se_CF,0.9693586192201151,0.9654418538037075,0.9731152305154267,True,False
FD003,cv,15,5,STW_cost_plain_CF,0.9319238266606688,0.8387138893641746,1.0070542524538635,False,False
FD003,cv,15,5,KAM_P1_opt_CF,0.9959088003409333,0.9936705116632006,0.9983990839281831,True,False
FD003,cv,15,5,KAM_P1_heur_CF,0.7373595933152721,0.6290284345599019,0.8627260477525893,True,False
FD003,cv,15,10,STW_cost_1se_CF,0.9693586192201151,0.9654418538037075,0.9731152305154267,True,False
FD003,cv,15,10,STW_cost_plain_CF,0.8529472311809512,0.6941080463703514,1.0070542524538635,False,False
FD003,cv,15,10,KAM_P1_opt_CF,0.9959088003409333,0.9936705116632006,0.9983990839281831,True,False
FD003,cv,15,10,KAM_P1_heur_CF,0.6290271766199235,0.49244226552396464,0.8645184148106515,True,False
FD003,cv,15,20,STW_cost_1se_CF,0.9693586192201151,0.9654418538037075,0.9731152305154267,True,False
FD003,cv,15,20,STW_cost_plain_CF,0.7293316904300886,0.5161316242241074,1.0070542524538635,False,False
FD003,cv,15,20,KAM_P1_opt_CF,0.9959088003409333,0.9936705116632006,0.9983990839281831,True,False
FD003,cv,15,20,KAM_P1_heur_CF,0.8531927580322562,0.6455951691133507,1.0184573499683902,False,False
FD003,cv,15,50,STW_cost_1se_CF,0.9693586192201151,0.9654418538037075,0.9731152305154267,True,False
FD003,cv,15,50,STW_cost_plain_CF,0.5083220872694558,0.29172657021362597,1.0070542524538635,False,False
FD003,cv,15,50,KAM_P1_opt_CF,0.9959088003409333,0.9936705116632006,0.9983990839281831,True,False
FD003,cv,15,50,KAM_P1_heur_CF,0.6746875612257011,0.40658536143555785,1.007472279834589,False,False
FD004,cv,0,5,STW_cost_1se_CF,0.998524589980812,0.9808319117855345,1.03158986035209,False,False
FD004,cv,0,5,STW_cost_plain_CF,0.9931636722361459,0.9623406975367437,1.0097892003637874,False,False
FD004,cv,0,5,KAM_P1_opt_CF,1.0074056046172033,1.006083181491646,1.0088151597927904,False,True
FD004,cv,0,5,KAM_P1_heur_CF,0.31550223437235475,0.2933770303708413,0.34182971846029275,True,False
FD004,cv,0,10,STW_cost_1se_CF,1.0222532500215862,0.9852204742710385,1.0947195958049343,False,False
FD004,cv,0,10,STW_cost_plain_CF,0.9737745228008776,0.9092098393675523,1.0086902385936523,False,False
FD004,cv,0,10,KAM_P1_opt_CF,1.0129348016081106,1.0108874521768048,1.0151583900902887,False,True
FD004,cv,0,10,KAM_P1_heur_CF,0.3723919848723205,0.3190987271197258,0.4449914113040049,True,False
FD004,cv,0,20,STW_cost_1se_CF,1.0618754690146708,0.9852204742710385,1.213710856218514,False,False
FD004,cv,0,20,STW_cost_plain_CF,0.9410286815430892,0.8200716198217138,1.008690238593652,False,False
FD004,cv,0,20,KAM_P1_opt_CF,1.0025520013983569,1.0004730754489932,1.0045525728778422,False,True
FD004,cv,0,20,KAM_P1_heur_CF,0.4058029774198989,0.3181320116853669,0.5387412234800958,True,False
FD004,cv,0,50,STW_cost_1se_CF,1.180742125993925,0.9852204742710385,1.5706846374592534,False,False
FD004,cv,0,50,STW_cost_plain_CF,0.8654395782362064,0.6339171640114789,1.008690238593652,False,False
FD004,cv,0,50,KAM_P1_opt_CF,1.0025520013983569,1.0004730754489932,1.0045525728778424,False,True
FD004,cv,0,50,KAM_P1_heur_CF,0.4783474191615803,0.32495128713489435,0.7382042370000323,True,False
FD004,cv,5,5,STW_cost_1se_CF,1.000154252511926,0.9831914750742549,1.032702689824413,False,False
FD004,cv,5,5,STW_cost_plain_CF,1.0047045606151037,1.0037088565689194,1.00575671625728,False,True
FD004,cv,5,5,KAM_P1_opt_CF,1.003300214162834,1.001915706200379,1.0048686304182892,False,True
FD004,cv,5,5,KAM_P1_heur_CF,0.6416900986519379,0.5798777759824703,0.7258670023632989,True,False
FD004,cv,5,10,STW_cost_1se_CF,1.0199201468303436,0.9831914750742549,1.0920534191246667,False,False
FD004,cv,5,10,STW_cost_plain_CF,1.0047045606151037,1.0037088565689194,1.00575671625728,False,True
FD004,cv,5,10,KAM_P1_opt_CF,1.029087314394678,0.9917600117699129,1.101787740340674,False,False
FD004,cv,5,10,KAM_P1_heur_CF,0.6391629593592169,0.5442726090786745,0.7584900867687546,True,False
FD004,cv,5,20,STW_cost_1se_CF,1.0594519354671785,0.9831914750742549,1.2107548777251738,False,False
FD004,cv,5,20,STW_cost_plain_CF,1.0047045606151037,1.0037088565689194,1.00575671625728,False,True
FD004,cv,5,20,KAM_P1_opt_CF,1.068974419603774,0.9917600117699129,1.2215472773342255,False,False
FD004,cv,5,20,KAM_P1_heur_CF,0.5192901054982398,0.40941567580196747,0.676731124600497,True,False
FD004,cv,5,50,STW_cost_1se_CF,1.1780473013776838,0.9831914750742549,1.5668592535266952,False,False
FD004,cv,5,50,STW_cost_plain_CF,1.0047045606151037,1.0037088565689194,1.00575671625728,False,True
FD004,cv,5,50,KAM_P1_opt_CF,1.1886357352310621,0.9917600117699129,1.58082588831488,False,False
FD004,cv,5,50,KAM_P1_heur_CF,0.6866378407463234,0.47025655850645764,1.0248830959744746,False,False
FD004,cv,10,5,STW_cost_1se_CF,0.9785193641872308,0.9759687559216218,0.980826775160367,True,False
FD004,cv,10,5,STW_cost_plain_CF,0.993132929591701,0.9620099410052293,1.0098430246400465,False,False
FD004,cv,10,5,KAM_P1_opt_CF,0.9906776756482835,0.959540852232199,1.0074134792898233,False,False
FD004,cv,10,5,KAM_P1_heur_CF,0.5899087440587408,0.5299586761618331,0.6628803600860251,True,False
FD004,cv,10,10,STW_cost_1se_CF,0.9921841618003132,0.9907197393354653,0.9935945512951206,True,False
FD004,cv,10,10,STW_cost_plain_CF,0.9775260894683525,0.9121352708794813,1.0131005525630385,False,False
FD004,cv,10,10,KAM_P1_opt_CF,0.9751003810398658,0.9099986468590412,1.0105818270913234,False,False
FD004,cv,10,10,KAM_P1_heur_CF,0.6080708019756645,0.5216636807294864,0.72573958571135,True,False
FD004,cv,10,20,STW_cost_1se_CF,0.9921841618003133,0.9907197393354653,0.9935945512951206,True,False
FD004,cv,10,20,STW_cost_plain_CF,0.9446540914836377,0.8227102443226695,1.0131005525630383,False,False
FD004,cv,10,20,KAM_P1_opt_CF,0.9423099541594231,0.8207830932454097,1.0105818270913236,False,False
FD004,cv,10,20,KAM_P1_heur_CF,0.6652694976295602,0.5231192934411403,0.8605680007990725,True,False
FD004,cv,10,50,STW_cost_1se_CF,0.9921841618003133,0.9907197393354653,0.9935945512951206,True,False
FD004,cv,10,50,STW_cost_plain_CF,0.8687737733690654,0.6359619605471127,1.0131005525630383,False,False
FD004,cv,10,50,KAM_P1_opt_CF,0.866617931302839,0.6343125548664628,1.0105818270913234,False,False
FD004,cv,10,50,KAM_P1_heur_CF,0.7731444015716199,0.5627471319240112,1.0284900391171932,False,False
FD004,cv,15,5,STW_cost_1se_CF,0.9705970385759812,0.9673098217060228,0.973603255586525,True,False
FD004,cv,15,5,STW_cost_plain_CF,1.0025177386129551,0.999878170656244,1.004789574793887,False,False
FD004,cv,15,5,KAM_P1_opt_CF,0.9895064880187335,0.9873628962861378,0.9915789981144579,True,False
FD004,cv,15,5,KAM_P1_heur_CF,0.6328134149587437,0.5696597591238014,0.7082170295602332,True,False
FD004,cv,15,10,STW_cost_1se_CF,0.9792033332136059,0.974715743861188,0.9832889639036285,True,False
FD004,cv,15,10,STW_cost_plain_CF,1.0129126108975972,1.0108484038305767,1.0148648110305172,False,True
FD004,cv,15,10,KAM_P1_opt_CF,1.0030171330052802,1.0009638296718322,1.0050587985017467,False,True
FD004,cv,15,10,KAM_P1_heur_CF,0.6703987438874836,0.5630522293141045,0.7990436266669956,True,False
FD004,cv,15,20,STW_cost_1se_CF,0.9920362188403425,0.9900016939919022,0.9940527934654639,True,False
FD004,cv,15,20,STW_cost_plain_CF,1.0128729613265697,1.010531844020907,1.015132819722467,False,True
FD004,cv,15,20,KAM_P1_opt_CF,1.0154730086001564,1.0117063001324766,1.0195482390145147,False,True
FD004,cv,15,20,KAM_P1_heur_CF,0.7974674265852907,0.6372654239215079,0.9961601922736978,True,False
FD004,cv,15,50,STW_cost_1se_CF,0.9920362188403425,0.9900016939919023,0.994052793465464,True,False
FD004,cv,15,50,STW_cost_plain_CF,1.0128729613265697,1.010531844020907,1.015132819722467,False,True
FD004,cv,15,50,KAM_P1_opt_CF,0.995945380825106,0.9923731683617717,0.999318048550542,True,False
FD004,cv,15,50,KAM_P1_heur_CF,0.9197260427691891,0.700611527014654,1.0531086732650858,False,False
NCMAPSS,cv,0,5,STW_cost_1se_CF,1.0489372158956753,0.9621176680088781,1.167417575622872,False,False
NCMAPSS,cv,0,5,STW_cost_plain_CF,0.9700773121354469,0.8482879822679216,1.1020629255590961,False,False
NCMAPSS,cv,0,5,KAM_P1_opt_CF,0.9259400341868119,0.8108176007635097,1.0407035788603518,False,False
NCMAPSS,cv,0,5,KAM_P1_heur_CF,0.5411010061958671,0.46073127626788357,0.6435085005665933,True,False
NCMAPSS,cv,0,10,STW_cost_1se_CF,1.120368601986249,1.0231707916447252,1.323408573597801,False,True
NCMAPSS,cv,0,10,STW_cost_plain_CF,1.0609243697478992,0.8534419978981805,1.320102573353639,False,False
NCMAPSS,cv,0,10,KAM_P1_opt_CF,1.0771263050674815,0.9810835242949638,1.2737357445873563,False,False
NCMAPSS,cv,0,10,KAM_P1_heur_CF,0.3384587111002205,0.26559989745973134,0.4358152304160648,True,False
NCMAPSS,cv,0,20,STW_cost_1se_CF,1.3463087714424613,0.9624760025473326,1.9119257853379021,False,False
NCMAPSS,cv,0,20,STW_cost_plain_CF,1.0609243697478992,0.7204035842565617,1.5643096615621377,False,False
NCMAPSS,cv,0,20,KAM_P1_opt_CF,1.3177651225779567,0.9433567559983783,1.8712682494814283,False,False
NCMAPSS,cv,0,20,KAM_P1_heur_CF,0.3258604670369376,0.21582908916394078,0.49310561422068244,True,False
NCMAPSS,cv,0,50,STW_cost_1se_CF,1.559129635008229,1.0299476650563606,2.6234672115935025,False,True
NCMAPSS,cv,0,50,STW_cost_plain_CF,1.5794284700035497,1.0438634506276274,2.650980372556361,False,True
NCMAPSS,cv,0,50,KAM_P1_opt_CF,1.48838222480395,0.9794219620121956,2.5089657769902765,False,False
NCMAPSS,cv,0,50,KAM_P1_heur_CF,0.22326859131844315,0.11941425382334261,0.4061954303021086,True,False
NCMAPSS,cv,5,5,STW_cost_1se_CF,1.0519992080992333,0.9732030917186525,1.1549301808240766,False,False
NCMAPSS,cv,5,5,STW_cost_plain_CF,1.005564387917329,0.9303351736225216,1.050005707762557,False,False
NCMAPSS,cv,5,5,KAM_P1_opt_CF,0.9891520523476008,0.9139911094600243,1.0336763533776203,False,False
NCMAPSS,cv,5,5,KAM_P1_heur_CF,0.6345795191396111,0.536954332549397,0.7567017873231153,True,False
NCMAPSS,cv,5,10,STW_cost_1se_CF,1.249707875671886,0.9857922564759876,1.6012850561482668,False,False
NCMAPSS,cv,5,10,STW_cost_plain_CF,1.066510151618488,0.8552662373556812,1.3284370682644822,False,False
NCMAPSS,cv,5,10,KAM_P1_opt_CF,1.046639735585751,0.8385408020229144,1.3059850931191346,False,False
NCMAPSS,cv,5,10,KAM_P1_heur_CF,0.6208226221079691,0.47085928708355396,0.812113936822083,True,False
NCMAPSS,cv,5,20,STW_cost_1se_CF,1.2984975673851344,0.9330590964426765,1.8432607278823807,False,False
NCMAPSS,cv,5,20,STW_cost_plain_CF,0.9233082668537754,0.7021869360601236,1.0629146879737599,False,False
NCMAPSS,cv,5,20,KAM_P1_opt_CF,0.9008437692256848,0.6837251468978516,1.0381395936880735,False,False
NCMAPSS,cv,5,20,KAM_P1_heur_CF,0.4494477700112367,0.29855115013313466,0.6729423761450236,True,False
NCMAPSS,cv,5,50,STW_cost_1se_CF,1.0234573119188504,1.006106095664906,1.0419389176312193,False,True
NCMAPSS,cv,5,50,STW_cost_plain_CF,0.7076517557286788,0.42141553503937845,1.0722323275525603,False,False
NCMAPSS,cv,5,50,KAM_P1_opt_CF,0.688850780196934,0.4095775731894973,1.0457369761340314,False,False
NCMAPSS,cv,5,50,KAM_P1_heur_CF,0.4683498958827289,0.28220594245945746,1.1591786968020636,False,False
NCMAPSS,cv,10,5,STW_cost_1se_CF,1.0072253200345558,0.9267505549907674,1.1139049018877172,False,False
NCMAPSS,cv,10,5,STW_cost_plain_CF,1.0358056265984656,0.8982129631920781,1.1909859128733908,False,False
NCMAPSS,cv,10,5,KAM_P1_opt_CF,1.0490953138011962,0.877336977966658,1.250731345813338,False,False
NCMAPSS,cv,10,5,KAM_P1_heur_CF,0.7404654169360053,0.6183392433864225,0.8890790777086389,True,False
NCMAPSS,cv,10,10,STW_cost_1se_CF,0.9098428453267163,0.7715966119482847,1.0066979225058492,False,False
NCMAPSS,cv,10,10,STW_cost_plain_CF,0.9194661831138258,0.7425176740287448,1.0993066229880526,False,False
NCMAPSS,cv,10,10,KAM_P1_opt_CF,1.0366004962779156,1.0103558393738745,1.0643329757887443,False,True
NCMAPSS,cv,10,10,KAM_P1_heur_CF,0.5412722482614956,0.4225202160790229,0.7343158298543376,True,False
NCMAPSS,cv,10,20,STW_cost_1se_CF,0.8821473323220999,0.6617083314534049,1.0648988165303575,False,False
NCMAPSS,cv,10,20,STW_cost_plain_CF,0.8937545340631801,0.6702765714079154,1.079541654905472,False,False
NCMAPSS,cv,10,20,KAM_P1_opt_CF,1.061175961954172,1.0324747021941114,1.0906249355377824,False,True
NCMAPSS,cv,10,20,KAM_P1_heur_CF,0.7189438576987215,0.4960279884931338,1.0826306593940762,False,False
NCMAPSS,cv,10,50,STW_cost_1se_CF,0.703333683878431,0.41961991750703725,1.0648988165303575,False,False
NCMAPSS,cv,10,50,STW_cost_plain_CF,0.7125880744557788,0.4250534355269707,1.079541654905472,False,False
NCMAPSS,cv,10,50,KAM_P1_opt_CF,1.0123216601815823,0.9943100666645669,1.031629547052099,False,False
NCMAPSS,cv,10,50,KAM_P1_heur_CF,1.1833117163856464,1.151950494223252,1.2173168787981274,False,True
NCMAPSS,cv,15,5,STW_cost_1se_CF,0.9824123670567197,0.8759497539632398,1.1056103984488477,False,False
NCMAPSS,cv,15,5,STW_cost_plain_CF,0.9840885020061383,0.8867798311120024,1.0617879283119978,False,False
NCMAPSS,cv,15,5,KAM_P1_opt_CF,0.9696721374842486,0.8771084516588818,1.0462031391294517,False,False
NCMAPSS,cv,15,5,KAM_P1_heur_CF,0.710106590500778,0.5938380241219606,0.8570855174682187,True,False
NCMAPSS,cv,15,10,STW_cost_1se_CF,0.950700059159929,0.7555902117293508,1.2011676468723875,False,False
NCMAPSS,cv,15,10,STW_cost_plain_CF,0.9201644342642173,0.7826107823135099,1.011270760731135,False,False
NCMAPSS,cv,15,10,KAM_P1_opt_CF,1.029777164267403,1.0151971662598034,1.0455030762254758,False,True
NCMAPSS,cv,15,10,KAM_P1_heur_CF,0.5707567920149265,0.43413804898925823,0.7756996416276718,True,False
NCMAPSS,cv,15,20,STW_cost_1se_CF,0.8945606694560669,0.5839800219965484,1.3868027717726463,False,False
NCMAPSS,cv,15,20,STW_cost_plain_CF,0.9108664447362795,0.6721465612219695,1.0705766714855893,False,False
NCMAPSS,cv,15,20,KAM_P1_opt_CF,0.9930962343096233,0.9777853484168286,1.009396699508711,False,False
NCMAPSS,cv,15,20,KAM_P1_heur_CF,0.5832235909916818,0.38925603313828644,0.9080488135348604,True,False
NCMAPSS,cv,15,50,STW_cost_1se_CF,0.6846439567958554,0.4084812262598906,1.035600270358105,False,False
NCMAPSS,cv,15,50,STW_cost_plain_CF,0.6949257123307756,0.41471139244196137,1.050986835365229,False,False
NCMAPSS,cv,15,50,KAM_P1_opt_CF,0.9830470162748642,0.9691369947196564,0.9972840991271232,True,False
NCMAPSS,cv,15,50,KAM_P1_heur_CF,0.4772140872403299,0.26778013547629165,1.1779590121096357,False,False
NCMAPSS,group,0,5,STW_cost_1se_CF,1.1146144931054713,1.0083054987532536,1.2556948818170242,False,True
NCMAPSS,group,0,5,STW_cost_plain_CF,1.0574120156416638,1.0431531380140087,1.0736127529230506,False,True
NCMAPSS,group,0,5,KAM_P1_opt_CF,1.0254177035193743,1.011687360408054,1.0411510378566202,False,True
NCMAPSS,group,0,5,KAM_P1_heur_CF,0.5999849004918635,0.5057870445104394,0.7033646417548214,True,False
NCMAPSS,group,0,10,STW_cost_1se_CF,1.3744478078878382,1.0948917119923904,1.7209726709525328,False,True
NCMAPSS,group,0,10,STW_cost_plain_CF,1.427110641194618,1.1377757528208192,1.7868305195682033,False,True
NCMAPSS,group,0,10,KAM_P1_opt_CF,0.9682387101249641,0.8037096145981664,1.1465278254130782,False,False
NCMAPSS,group,0,10,KAM_P1_heur_CF,0.4624648735447612,0.34825940007712575,0.592724709195471,True,False
NCMAPSS,group,0,20,STW_cost_1se_CF,1.2004875854362875,1.0409436831709098,1.5757683307109445,False,True
NCMAPSS,group,0,20,STW_cost_plain_CF,1.2181451437361235,1.0560092095659879,1.5988868133476295,False,True
NCMAPSS,group,0,20,KAM_P1_opt_CF,1.5547683595397315,0.9933162531334007,2.2338339582016196,False,False
NCMAPSS,group,0,20,KAM_P1_heur_CF,0.4512880960583057,0.2984881281460149,0.670441251946397,True,False
NCMAPSS,group,0,50,STW_cost_1se_CF,1.3165050307293296,1.0409436831709098,2.1263069986442833,False,True
NCMAPSS,group,0,50,STW_cost_plain_CF,1.3358690496614223,1.0560092095659879,2.1592780703902203,False,True
NCMAPSS,group,0,50,KAM_P1_opt_CF,2.4517501054280375,0.9933162531334007,4.255838834159983,False,False
NCMAPSS,group,0,50,KAM_P1_heur_CF,0.37026088092059195,0.1776148364241065,0.6215182402975572,True,False
NCMAPSS,group,5,5,STW_cost_1se_CF,1.1894098570529932,1.0466421189196489,1.3581791005032289,False,True
NCMAPSS,group,5,5,STW_cost_plain_CF,1.0145738723306739,0.9331688451012448,1.0814507683173922,False,False
NCMAPSS,group,5,5,KAM_P1_opt_CF,0.9777608883822071,0.8780354698286357,1.093189740535775,False,False
NCMAPSS,group,5,5,KAM_P1_heur_CF,0.7724515147776708,0.6483956666159872,0.9195297287156038,True,False
NCMAPSS,group,5,10,STW_cost_1se_CF,1.0532106421284257,1.035506271425345,1.0711487505364947,False,True
NCMAPSS,group,5,10,STW_cost_plain_CF,1.1651057484224117,1.0554098610398515,1.3666977765053179,False,True
NCMAPSS,group,5,10,KAM_P1_opt_CF,0.8010102020404081,0.6310124643775484,0.9929775628193729,True,False
NCMAPSS,group,5,10,KAM_P1_heur_CF,0.46658474552053264,0.3627598136011473,0.6131695406443566,True,False
NCMAPSS,group,5,20,STW_cost_1se_CF,1.0532106421284255,1.035506271425345,1.0711487505364947,False,True
NCMAPSS,group,5,20,STW_cost_plain_CF,1.2729859103133758,1.0554098610398515,1.6921020090065844,False,True
NCMAPSS,group,5,20,KAM_P1_opt_CF,1.2064635149252072,1.0022047331673463,1.5983958199838395,False,True
NCMAPSS,group,5,20,KAM_P1_heur_CF,0.3356580613174789,0.23455655208308726,0.505381084873666,True,False
NCMAPSS,group,5,50,STW_cost_1se_CF,1.0532106421284257,1.0355062714253447,1.0711487505364947,False,True
NCMAPSS,group,5,50,STW_cost_plain_CF,1.596626395986268,1.0554098610398515,2.668314706510383,False,True
NCMAPSS,group,5,50,KAM_P1_opt_CF,1.5131915271943277,1.0022047331673463,2.5205472545899004,False,True
NCMAPSS,group,5,50,KAM_P1_heur_CF,0.423296873115081,0.22482254110069788,0.8349341244122552,True,False
NCMAPSS,group,10,5,STW_cost_1se_CF,1.127987538583565,1.0029941169528689,1.2814893091968114,False,True
NCMAPSS,group,10,5,STW_cost_plain_CF,0.9498878865307399,0.8476025037543038,1.045698268465882,False,False
NCMAPSS,group,10,5,KAM_P1_opt_CF,0.9306982322573916,0.8234326994213703,1.05502936430646,False,False
NCMAPSS,group,10,5,KAM_P1_heur_CF,0.6951970253679787,0.5900881525073844,0.8273616154631547,True,False
NCMAPSS,group,10,10,STW_cost_1se_CF,1.1623708942030335,1.0517611170134755,1.3719266876322413,False,True
NCMAPSS,group,10,10,STW_cost_plain_CF,1.0024407526966381,0.8498970591868035,1.1025539954945163,False,False
NCMAPSS,group,10,10,KAM_P1_opt_CF,1.1730901646971248,1.060719187544524,1.3850638425038397,False,True
NCMAPSS,group,10,10,KAM_P1_heur_CF,0.5599941511916948,0.4287012792659531,0.7414888638943052,True,False
NCMAPSS,group,10,20,STW_cost_1se_CF,1.2804828470463143,1.0605128802396036,1.710370146755346,False,True
NCMAPSS,group,10,20,STW_cost_plain_CF,0.9430897983473066,0.6936681341015618,1.11186186458043,False,False
NCMAPSS,group,10,20,KAM_P1_opt_CF,1.2763006744430891,1.0553925335126555,1.7064413666757274,False,True
NCMAPSS,group,10,20,KAM_P1_heur_CF,0.5382456140350877,0.37265251925496323,0.8377885334046551,True,False
NCMAPSS,group,10,50,STW_cost_1se_CF,1.6060293335835132,1.0605128802396036,2.6971221544988144,False,True
NCMAPSS,group,10,50,STW_cost_plain_CF,0.8225969522193062,0.4421732574434411,1.11186186458043,False,False
NCMAPSS,group,10,50,KAM_P1_opt_CF,1.600783896759129,1.0553925335126555,2.690926770527109,False,True
NCMAPSS,group,10,50,KAM_P1_heur_CF,0.8348467466067377,0.3700472844483535,2.2111173573023444,False,False
NCMAPSS,group,15,5,STW_cost_1se_CF,0.9722980881779165,0.9547574304118297,0.9913019922793518,True,False
NCMAPSS,group,15,5,STW_cost_plain_CF,0.9836180427148892,0.8801541938696799,1.0651958666333665,False,False
NCMAPSS,group,15,5,KAM_P1_opt_CF,1.0265858913927584,0.9459049610693148,1.0799406248339618,False,False
NCMAPSS,group,15,5,KAM_P1_heur_CF,0.6096827479972232,0.5211469752710048,0.7309822934584702,True,False
NCMAPSS,group,15,10,STW_cost_1se_CF,0.9750103263114416,0.9513495552643487,0.9993874552482337,True,False
NCMAPSS,group,15,10,STW_cost_plain_CF,0.9966513247182393,0.8487867072081884,1.0894385785361802,False,False
NCMAPSS,group,15,10,KAM_P1_opt_CF,1.0185873605947957,0.8199910589498626,1.2595637041068186,False,False
NCMAPSS,group,15,10,KAM_P1_heur_CF,0.6538124741842214,0.5031662009911834,0.8536203917851047,True,False
NCMAPSS,group,15,20,STW_cost_1se_CF,1.0323275862068966,1.0128410299894641,1.0523903953898404,False,True
NCMAPSS,group,15,20,STW_cost_plain_CF,1.0577586206896552,1.0383870748377542,1.0793517633713874,False,True
NCMAPSS,group,15,20,KAM_P1_opt_CF,1.0362068965517242,0.7063932720689674,1.511022792839043,False,False
NCMAPSS,group,15,20,KAM_P1_heur_CF,0.6262763409961686,0.427762054148207,0.9218678911266589,True,False
NCMAPSS,group,15,50,STW_cost_1se_CF,1.0323275862068966,1.0128410299894641,1.0523903953898404,False,True
NCMAPSS,group,15,50,STW_cost_plain_CF,1.0577586206896552,1.0383870748377544,1.0793517633713874,False,True
NCMAPSS,group,15,50,KAM_P1_opt_CF,1.3284992427772602,0.983548702765829,2.4575553023438856,False,False
NCMAPSS,group,15,50,KAM_P1_heur_CF,0.6695600691659983,0.34541163413665715,1.1595629276815373,False,False
PHM08,cv,0,5,STW_cost_1se_CF,1.0060508483646446,0.9868805167617165,1.0430622759197994,False,False
PHM08,cv,0,5,STW_cost_plain_CF,1.0036000729128691,1.0027353380061894,1.004438270058295,False,True
PHM08,cv,0,5,KAM_P1_opt_CF,1.0151697649061664,0.9962691255934111,1.0520564716131462,False,False
PHM08,cv,0,5,KAM_P1_heur_CF,0.4437952450393209,0.3978581861897014,0.49734522285069804,True,False
PHM08,cv,0,10,STW_cost_1se_CF,1.02870965125574,0.9868805167617165,1.1110880765232647,False,False
PHM08,cv,0,10,STW_cost_plain_CF,1.003600072912869,1.0027353380061894,1.004438270058295,False,True
PHM08,cv,0,10,KAM_P1_opt_CF,1.0380339488004495,0.9962691255934111,1.1206688501966122,False,False
PHM08,cv,0,10,KAM_P1_heur_CF,0.4610872591245556,0.38517288262947613,0.5609809073267857,True,False
PHM08,cv,0,20,STW_cost_1se_CF,1.0740272570379314,0.9868805167617165,1.247139677730195,False,False
PHM08,cv,0,20,STW_cost_plain_CF,1.0036000729128691,1.0027353380061894,1.004438270058295,False,True
PHM08,cv,0,20,KAM_P1_opt_CF,1.0837623165890156,0.9962691255934111,1.2578936073635443,False,False
PHM08,cv,0,20,KAM_P1_heur_CF,0.37047223605958823,0.28344826952179125,0.5010330270332206,True,False
PHM08,cv,0,50,STW_cost_1se_CF,1.209980074384505,0.9868805167617165,1.6552944813509864,False,False
PHM08,cv,0,50,STW_cost_plain_CF,1.0036000729128691,1.0027353380061892,1.004438270058295,False,True
PHM08,cv,0,50,KAM_P1_opt_CF,1.220947419954714,0.9962691255934111,1.6695678788643404,False,False
PHM08,cv,0,50,KAM_P1_heur_CF,0.5286612015243347,0.3356702015103895,0.8295533795484145,True,False
PHM08,cv,5,5,STW_cost_1se_CF,1.0091268983776593,0.9898310618058435,1.0465808731624846,False,False
PHM08,cv,5,5,STW_cost_plain_CF,1.0248923229911655,1.0054440123983213,1.0628702517811799,False,True
PHM08,cv,5,5,KAM_P1_opt_CF,1.018651357265287,0.9993337948223416,1.0563708634926547,False,False
PHM08,cv,5,5,KAM_P1_heur_CF,0.7283798526278072,0.653467481874898,0.8136899038428377,True,False
PHM08,cv,5,10,STW_cost_1se_CF,1.0318549816744536,0.9898310618058435,1.1148361474991684,False,False
PHM08,cv,5,10,STW_cost_plain_CF,1.0479754834188943,1.0054440123983213,1.1321878768973437,False,True
PHM08,cv,5,10,KAM_P1_opt_CF,1.0415939554018927,0.9993337948223416,1.1252646154595671,False,False
PHM08,cv,5,10,KAM_P1_heur_CF,0.7321524179417576,0.6155085053313405,0.876697931193142,True,False
PHM08,cv,5,20,STW_cost_1se_CF,1.0773111482680418,0.9898310618058435,1.2513466961725361,False,False
PHM08,cv,5,20,STW_cost_plain_CF,1.0941418042743525,1.0054440123983213,1.2708231271296715,False,True
PHM08,cv,5,20,KAM_P1_opt_CF,1.087479151675104,0.9993337948223416,1.2630521193933915,False,False
PHM08,cv,5,20,KAM_P1_heur_CF,0.8193212523975976,0.6662549955138067,1.0162223065443703,False,False
PHM08,cv,5,50,STW_cost_1se_CF,1.2136796480488066,0.9898310618058435,1.660878342192639,False,False
PHM08,cv,5,50,STW_cost_plain_CF,1.2326407668407262,1.0054440123983213,1.686728877826655,False,True
PHM08,cv,5,50,KAM_P1_opt_CF,1.2251347404947373,0.9993337948223416,1.6764146311948651,False,False
PHM08,cv,5,50,KAM_P1_heur_CF,0.854578223100904,0.5314168967161353,1.4660688457219402,False,False
PHM08,cv,10,5,STW_cost_1se_CF,1.007380999331572,0.9882643410707024,1.0443434582772853,False,False
PHM08,cv,10,5,STW_cost_plain_CF,1.0033828876513093,1.0022301494809656,1.0045866884755281,False,True
PHM08,cv,10,5,KAM_P1_opt_CF,1.0039351958392784,0.9517285673131058,1.0586432915630504,False,False
PHM08,cv,10,5,KAM_P1_heur_CF,0.6496177918125772,0.5794840342416941,0.731718515499274,True,False
PHM08,cv,10,10,STW_cost_1se_CF,1.0336378019616386,0.991851633740235,1.1162634095000485,False,False
PHM08,cv,10,10,STW_cost_plain_CF,1.0068584888232035,1.0055466985659893,1.0082087047649786,False,True
PHM08,cv,10,10,KAM_P1_opt_CF,1.0016164788472197,0.8918141571364601,1.124999081787325,False,False
PHM08,cv,10,10,KAM_P1_heur_CF,0.7183322443469993,0.6010873508783323,0.8604757219245044,True,False
PHM08,cv,10,20,STW_cost_1se_CF,1.0791725068938691,0.991851633740235,1.2529487249490339,False,False
PHM08,cv,10,20,STW_cost_plain_CF,1.0068584888232035,1.0055466985659893,1.0082087047649786,False,True
PHM08,cv,10,20,KAM_P1_opt_CF,1.0016164788472197,0.7945253399943006,1.2627540713939363,False,False
PHM08,cv,10,20,KAM_P1_heur_CF,0.9464330301473305,0.7299434004828029,1.2009207108313906,False,False
PHM08,cv,10,50,STW_cost_1se_CF,1.2157766216905617,0.991851633740235,1.6630046712959907,False,False
PHM08,cv,10,50,STW_cost_plain_CF,1.0068584888232035,1.0055466985659893,1.0082087047649786,False,True
PHM08,cv,10,50,KAM_P1_opt_CF,1.0016164788472197,0.5986149821874868,1.6760190402137698,False,False
PHM08,cv,10,50,KAM_P1_heur_CF,0.8596680781381906,0.5308894059957504,1.4751201684007325,False,False
PHM08,cv,15,5,STW_cost_1se_CF,1.0057531227382435,0.9861792833249342,1.0431014026875978,False,False
PHM08,cv,15,5,STW_cost_plain_CF,1.0022003983879186,1.0001140360649952,1.0039933839090822,False,True
PHM08,cv,15,5,KAM_P1_opt_CF,1.0004632417658776,0.9984213085639306,1.002226602326193,False,False
PHM08,cv,15,5,KAM_P1_heur_CF,0.637492331557232,0.5646558533958866,0.7251640309614917,True,False
PHM08,cv,15,10,STW_cost_1se_CF,1.0317748465707033,0.9895422564767644,1.1144642319166995,False,False
PHM08,cv,15,10,STW_cost_plain_CF,1.0054841633165246,1.0039319208543351,1.007008439039676,False,True
PHM08,cv,15,10,KAM_P1_opt_CF,0.998931052912881,0.9968696439835562,1.0008457378529,False,False
PHM08,cv,15,10,KAM_P1_heur_CF,0.6180520579677531,0.5194297207754569,0.7527259082104183,True,False
PHM08,cv,15,20,STW_cost_1se_CF,1.0772274829835093,0.9895422564767644,1.2509292399064995,False,False
PHM08,cv,15,20,STW_cost_plain_CF,1.0054841633165246,1.0039319208543351,1.007008439039676,False,True
PHM08,cv,15,20,KAM_P1_opt_CF,0.9989310529128808,0.9968696439835562,1.0008457378529003,False,False
PHM08,cv,15,20,KAM_P1_heur_CF,0.6261164908594987,0.4822747035775909,0.8279058450879777,True,False
PHM08,cv,15,50,STW_cost_1se_CF,1.2135853922219284,0.9895422564767644,1.6603242638758993,False,False
PHM08,cv,15,50,STW_cost_plain_CF,1.0054841633165246,1.0039319208543351,1.007008439039676,False,True
PHM08,cv,15,50,KAM_P1_opt_CF,0.9989310529128809,0.9968696439835562,1.0008457378529,False,False
PHM08,cv,15,50,KAM_P1_heur_CF,0.744510886675374,0.5275980256594995,1.018679106762221,False,False
