dataset,rep,CNAplus_DA,KAM_P1_heur_CF,KAM_P1_opt_CF,STW_cost_1se_CF,STW_cost_plain_CF,age
BATTERY,0,0.015000409860428873,0.4222511418316338,0.020324624237954017,0.07592183285408911,0.013200538434992845,1.3254685392490855
BATTERY,1,0.0492066398927036,0.3767743587715576,0.051511040544662295,0.06511831295312459,0.05064990895244266,1.3873889279666427
BATTERY,2,0.03511101821198631,0.45930823412933336,0.03797408462089097,0.053561393594910925,0.030504650685530987,1.3589475534629187
FD001,0,0.1427137665297375,1.0548326236494936,0.0994186872126671,0.010164061177400041,0.18600710022916744,0.809978974344089
FD001,1,0.09801704809827896,0.6919783281017581,0.05057056473665683,0.01715307731420164,0.09213024760912579,0.8159108854467252
FD001,2,0.13695613334731238,0.8215694275961929,0.0918406137643109,0.006687993948801152,0.1787119504390947,0.7959664460417127
FD002,0,0.009699839085598072,0.6999876184757161,0.01834403979433573,0.01147414017092968,0.06727524211947318,0.584656845747306
FD002,1,0.02644001394204104,0.695111647108036,0.002875177492642947,0.03276809511753384,0.03431135818689028,0.5898827463176858
FD002,2,0.0219744970020279,0.6612958384137341,0.035471875953286935,0.01010378232694932,0.04961108956106383,0.6077065926173676
FD003,0,0.1284593985202392,0.8278144520384413,0.13515786973729943,0.008020090963660367,0.2165035183667803,0.8916347219336518
FD003,1,0.1838441365283998,0.9977298764151523,0.0873393105014706,0.06707127494157716,0.17340217995980306,0.9056027512293094
FD003,2,0.12703335724981912,1.0721719063670332,0.1307220927308112,0.009982892016187045,0.11751508087866461,0.8999791363667844
FD004,0,0.037965924933080056,0.8496686793061503,0.03359988094862788,0.012370897823434257,0.06689290011175164,0.84632182949813
FD004,1,0.02076390066770377,0.7527914374479859,0.020078143613588575,0.017627146156122167,0.012779869617622494,0.7882035281471024
FD004,2,0.054894408066433795,0.78875098412711,0.036091450935742314,0.011559047805787828,0.048216543005352094,0.8450891672811519
NCMAPSS,0,0.12991660469308575,1.376876958113867,0.10405752821388566,0.10992794184867688,0.19607355788703712,0.2676326929166372
NCMAPSS,1,0.07451414510019337,1.0813841065636938,0.06274087991048657,0.10803970506104203,0.08082439079100026,0.2737841169434588
NCMAPSS,2,0.009535414139048196,1.22559157365499,0.10678471354733854,0.13404846752752622,0.206958410391107,0.25026187919113424
PHM08,0,0.08886703763546937,0.7207277157038833,0.042661545198871456,0.006171726948185574,0.06001183328702231,0.841574866764296
PHM08,1,0.0011909515493186418,0.6834822205227016,0.04156803781898302,0.009774148906127642,0.057919230896639015,0.7697810773102776
PHM08,2,0.001621063588612942,0.6266563092437977,0.02270461638568179,0.010632198880497087,0.11074147945384477,0.8490280581819685
