dataset,analysis,policy,mean_excess,max_excess,failures,units
BATTERY,cv,CNAplus_DA,0.015000409860428873,0.07395424347445645,16,1968
BATTERY,cv,KAM_P1_heur_CF,0.4222511418316338,1.3288644268589516,143,1968
BATTERY,cv,KAM_P1_opt_CF,0.020324624237954017,0.07879853344282406,16,1968
BATTERY,cv,STW_cost_1se_CF,0.07592183285408911,0.11809834336266212,16,1968
BATTERY,cv,STW_cost_plain_CF,0.013200538434992845,0.06856534042090057,16,1968
BATTERY,cv,age,1.3254685392490855,2.2017056044573233,56,1968
BATTERY,group,CNAplus_DA,1.4092219538604798,4.537964887745838,183,1968
BATTERY,group,KAM_P1_heur_CF,5.2394578865349715,13.281614150235004,754,1968
BATTERY,group,KAM_P1_opt_CF,0.9726988075418199,3.0523414346303612,133,1968
BATTERY,group,STW_cost_1se_CF,0.0,0.0,0,1968
BATTERY,group,STW_cost_plain_CF,1.3191020941926548,4.525884002697625,189,1968
BATTERY,group,age,12.456871747324794,32.03389489907428,640,1968
FD001,cv,CNAplus_DA,0.1427137665297375,0.4798794750012767,12,1600
FD001,cv,KAM_P1_heur_CF,1.0548326236494936,3.762266680004,161,1600
FD001,cv,KAM_P1_opt_CF,0.0994186872126671,0.49526141035100646,9,1600
FD001,cv,STW_cost_1se_CF,0.010164061177400041,0.021436170212765893,0,1600
FD001,cv,STW_cost_plain_CF,0.18600710022916744,0.47528357601058957,16,1600
FD001,cv,age,0.809978974344089,1.257871279414056,24,1600
FD002,cv,CNAplus_DA,0.009699839085598072,0.03572075790830187,10,4160
FD002,cv,KAM_P1_heur_CF,0.6999876184757161,1.8239839763277268,374,4160
FD002,cv,KAM_P1_opt_CF,0.01834403979433573,0.15202438645142902,12,4160
FD002,cv,STW_cost_1se_CF,0.01147414017092968,0.02933701546897205,8,4160
FD002,cv,STW_cost_plain_CF,0.06727524211947318,0.3366415994398775,24,4160
FD002,cv,age,0.584656845747306,0.8402970442112312,40,4160
FD003,cv,CNAplus_DA,0.1284593985202392,0.4493026577785475,14,1600
FD003,cv,KAM_P1_heur_CF,0.8278144520384413,1.9665867944621946,145,1600
FD003,cv,KAM_P1_opt_CF,0.13515786973729943,0.47778581448360513,12,1600
FD003,cv,STW_cost_1se_CF,0.008020090963660367,0.03160995339839956,0,1600
FD003,cv,STW_cost_plain_CF,0.2165035183667803,0.9672566371681413,20,1600
FD003,cv,age,0.8916347219336518,1.4214176882055543,16,1600
FD004,cv,CNAplus_DA,0.037965924933080056,0.18863573523106214,20,3984
FD004,cv,KAM_P1_heur_CF,0.8496686793061503,2.1930220926051076,470,3984
FD004,cv,KAM_P1_opt_CF,0.03359988094862788,0.17773654069517497,21,3984
FD004,cv,STW_cost_1se_CF,0.012370897823434257,0.03442520724818432,12,3984
FD004,cv,STW_cost_plain_CF,0.06689290011175164,0.3643264714104195,28,3984
FD004,cv,age,0.84632182949813,1.131246208591882,56,3984
NCMAPSS,cv,CNAplus_DA,0.12991660469308575,0.5794284700035495,27,1584
NCMAPSS,cv,KAM_P1_heur_CF,1.376876958113867,6.074118489648394,288,1584
NCMAPSS,cv,KAM_P1_opt_CF,0.10405752821388566,0.48574602996930105,31,1584
NCMAPSS,cv,STW_cost_1se_CF,0.10992794184867688,0.6824328814460392,14,1584
NCMAPSS,cv,STW_cost_plain_CF,0.19607355788703712,0.6605831037649219,39,1584
NCMAPSS,cv,age,0.2676326929166372,0.7448515000753804,20,1584
NCMAPSS,group,CNAplus_DA,0.3369620319004934,1.451750105428038,47,1584
NCMAPSS,group,KAM_P1_heur_CF,1.5966674402165388,5.621682796551906,322,1584
NCMAPSS,group,KAM_P1_opt_CF,0.0988454611242337,0.4739243807040414,47,1584
NCMAPSS,group,STW_cost_1se_CF,0.1529939831026164,0.8623173084798581,24,1584
NCMAPSS,group,STW_cost_plain_CF,0.20797535264087513,0.9523891126153141,48,1584
NCMAPSS,group,age,0.47380640146226877,1.269615617831811,48,1584
PHM08,cv,CNAplus_DA,0.08886703763546937,0.2326407668407262,16,3488
PHM08,cv,KAM_P1_heur_CF,0.7207277157038833,1.925353673236391,293,3488
PHM08,cv,KAM_P1_opt_CF,0.042661545198871456,0.21488403897657982,8,3488
PHM08,cv,STW_cost_1se_CF,0.006171726948185574,0.015622836571745014,0,3488
PHM08,cv,STW_cost_plain_CF,0.06001183328702231,0.21656768757599987,12,3488
PHM08,cv,age,0.841574866764296,1.2833945906399626,52,3488
