dataset,analysis,rep,n,model_pct,const_pct,only_model,only_const,diff_pp,ci90_lo_pp,ci90_hi_pp,p_tost,equivalent_5pp,abs_diff_pp,discordant_pp,symdiff_pp,pred_bound_pp,bound_holds,bound_holds_discordance,sd_est,sd_notice,mean_absD,lemma_ok,immediate,notice_median,missed
BATTERY,cv,0,123,95.1219512195122,85.36585365853658,13,1,9.75609756097561,5.407292339344037,15.32373212652084,0.9638234774713955,False,9.75609756097561,11.382113821138212,11.38211382113821,8.903602200768187,False,False,6.284524846793197,12.927017317386914,5.828782250580458,1.0,0,57.0,1
BATTERY,cv,1,123,92.6829268292683,89.43089430894308,8,4,3.2520325203252036,-1.5219756324091214,8.425375402608307,0.2725929192876122,False,3.2520325203252036,9.75609756097561,9.75609756097561,9.64957379023457,True,False,6.763818262005767,15.632836566077593,5.4662528063892175,1.0,0,59.0,0
BATTERY,cv,2,123,88.6178861788618,86.99186991869918,7,5,1.6260162601626018,-3.283207804911878,6.73073748998296,0.12834415615040812,False,1.6260162601626018,9.75609756097561,9.75609756097561,8.775665648122663,True,False,7.067717273848715,15.623191085481094,6.225563131353668,1.0,0,56.0,0
BATTERY,group,0,123,54.47154471544715,53.65853658536586,7,6,0.8130081300813009,-4.326318303170465,6.040026253116905,0.08885174323287293,False,0.8130081300813009,10.56910569105691,10.569105691056912,7.143486506444679,True,False,7.284264272613404,24.41479265718094,4.06289991571146,1.0,0,46.0,0
BATTERY,group,1,123,60.97560975609756,52.03252032520326,21,10,8.94308943089431,1.5524836329514267,16.492783377387042,0.8122861986629872,False,8.94308943089431,25.203252032520325,25.203252032520325,10.86228265977443,True,False,9.118306750879045,20.875917262928294,7.413210140249133,1.0,0,53.5,3
BATTERY,group,2,123,62.601626016260155,65.04065040650406,8,11,-2.4390243902439024,-8.594896793007372,3.569026883487113,0.23795915384346067,False,2.4390243902439024,15.447154471544716,15.447154471544716,8.117497986036513,True,False,6.802259092623978,22.609388747808147,6.6678434521427725,1.0,0,44.0,0
FD001,cv,0,100,86.0,85.0,6,5,1.0,-4.865657270863311,6.984302231210682,0.12593736275503198,False,1.0,11.0,11.0,19.126674107142854,True,True,3.0384480927694804,5.30042879912045,2.8206751932174696,1.0,0,19.0,0
FD001,cv,1,100,90.0,91.0,4,5,-1.0,-6.550409615741549,4.397840894290369,0.10805810176876329,False,1.0,9.0,9.0,16.314174107142854,True,True,2.5220988492810883,5.017333591025851,2.6393142193607746,1.0,0,18.0,0
FD001,cv,2,100,84.0,86.0,3,5,-2.0,-7.391519797283131,3.038919620577972,0.16160854382288137,False,2.0,8.0,8.0,16.361607142857142,True,True,2.3858522296903,6.392198527909003,2.089260967677058,1.0,0,21.0,0
FD002,cv,0,260,90.38461538461539,91.92307692307692,7,11,-1.5384615384615385,-4.456116582858008,1.2243451849949947,0.027961362494295705,True,1.5384615384615385,6.923076923076923,6.923076923076923,13.647014909897761,True,True,2.4245686515576175,5.209453151569955,2.129548276134378,1.0,0,19.0,0
FD002,cv,1,260,91.15384615384615,92.3076923076923,12,15,-1.153846153846154,-4.598240565900172,2.2209282294494175,0.034290642638238666,True,1.153846153846154,10.384615384615385,10.384615384615385,14.513821205648753,True,True,2.5335719102006573,4.927660543486983,2.2887882596271614,1.0,0,19.0,0
FD002,cv,2,260,91.53846153846153,89.23076923076924,9,3,2.307692307692308,0.13038343695022395,4.854812717479643,0.04242369887411297,True,2.307692307692308,4.615384615384615,4.615384615384616,14.467370341953007,True,True,2.4052102646567333,5.229958422632545,1.8549289675777887,1.0,0,19.0,0
FD003,cv,0,100,84.0,86.0,6,8,-2.0,-8.617205531794994,4.450228623130813,0.21636965232242011,False,2.0,14.0,14.000000000000002,13.560267857142854,True,False,2.859736655863017,5.3156810143635065,1.9934298324290356,1.0,0,18.0,0
FD003,cv,1,100,90.0,93.0,3,6,-3.0,-8.665816710587027,2.196449940876108,0.2601736687546832,False,3.0,9.0,9.0,13.87276785714285,True,True,2.8704349675553913,4.200033375410971,2.421300351840404,1.0,0,19.0,1
FD003,cv,2,100,82.0,86.0,2,6,-4.0,-9.50530041544208,0.7649745911234018,0.3642628109700502,False,4.0,8.0,8.0,15.630580357142854,True,True,2.6917617180423736,6.386886818499544,2.2901397631907696,1.0,0,20.0,0
FD004,cv,0,249,79.11646586345381,85.14056224899599,6,21,-6.024096385542169,-9.69344912855688,-2.73511361499364,0.6940840688080921,False,6.024096385542169,10.843373493975903,10.843373493975903,15.151306166594178,True,True,2.319001135636521,17.998548836486986,2.2346425513469095,1.0,0,17.0,1
FD004,cv,1,249,83.53413654618474,84.33734939759037,7,9,-0.8032128514056224,-3.672027322115995,1.9750775127326905,0.011336053393540602,True,0.8032128514056224,6.42570281124498,6.425702811244979,13.432568112367518,True,True,3.3332520406797865,17.5268721929052,1.9760788764122854,1.0,0,20.0,0
FD004,cv,2,249,80.32128514056225,80.32128514056225,11,11,0.0,-3.2481171325119544,3.248117132511953,0.007864173465146895,True,0.0,8.835341365461847,8.835341365461847,13.300892857142854,True,True,2.447829048185344,17.962283793338162,1.8121553703033766,1.0,0,21.0,0
NCMAPSS,cv,0,99,52.52525252525253,56.56565656565656,13,17,-4.040404040404041,-13.270908765210343,5.177040888352447,0.43099342320555,False,4.040404040404041,30.303030303030305,30.303030303030305,28.065059046061947,True,False,3.2310345394331637,10.98708684778909,4.3204666510619605,1.0,0,18.0,7
NCMAPSS,cv,1,99,53.535353535353536,54.54545454545454,6,7,-1.0101010101010102,-7.462831599611064,5.349061474070124,0.14514970515563963,False,1.0101010101010102,13.131313131313131,13.131313131313133,21.240752633975024,True,True,2.834532678383501,10.806627720411672,2.7299549197951736,1.0,0,21.0,4
NCMAPSS,cv,2,99,61.61616161616161,61.61616161616161,15,15,0.0,-9.248968855755404,9.248968855755402,0.18430265752017472,False,0.0,30.303030303030305,30.303030303030305,30.194779265873013,True,False,3.4207810528769147,9.346852238200544,3.995962699947751,1.0,0,18.0,5
NCMAPSS,group,0,99,55.55555555555556,53.535353535353536,6,4,2.0202020202020203,-3.59007179788505,7.9022871655148235,0.1861901700876874,False,2.0202020202020203,10.1010101010101,10.1010101010101,17.994397900945486,True,True,2.805895438308577,9.844244892786726,2.5964869947921225,1.0,0,19.0,8
NCMAPSS,group,1,99,53.535353535353536,56.56565656565656,10,13,-3.0303030303030303,-11.25190866749493,5.113142382215918,0.3423840026499294,False,3.0303030303030303,23.232323232323232,23.232323232323232,28.875302540776676,True,True,2.726113698815538,9.409617608644018,3.4637989167516308,1.0,0,16.0,8
NCMAPSS,group,2,99,53.535353535353536,45.45454545454545,9,1,8.080808080808081,3.339780693200703,14.150983615544217,0.8591168153947131,False,8.080808080808081,10.1010101010101,10.1010101010101,21.448823128118256,True,True,3.1766310278424053,10.650583112436644,2.7431092257585403,1.0,0,18.0,8
PHM08,cv,0,218,87.61467889908256,94.03669724770643,4,18,-6.422018348623854,-10.268374013116263,-3.0892077441180255,0.7563503046570783,False,6.422018348623854,10.091743119266056,10.091743119266056,15.85131195335277,True,True,2.6235532900343648,4.930566818907298,2.352546344885265,1.0,0,18.0,0
PHM08,cv,1,218,85.77981651376146,84.86238532110092,14,12,0.9174311926605505,-3.0473351377858005,4.935002492653942,0.047499157843876115,True,0.9174311926605505,11.926605504587156,11.926605504587156,16.41166180758017,True,True,2.6104094826878526,5.993240530744467,1.883078737355101,1.0,0,20.0,0
PHM08,cv,2,218,88.53211009174312,84.40366972477065,13,4,4.128440366972478,1.1049325509031358,7.591605856425193,0.3250239600764394,False,4.128440366972478,7.798165137614679,7.79816513761468,14.30495626822157,True,True,2.09393940682607,5.237683428413301,1.9046417759822059,1.0,0,19.0,0
