learner,dataset,policy,n,failures,notice_median,rate,p,p_holm,sig
RF,BATTERY,LBall,123,55,32.0,0.44715447154471544,3.446734953069082e-23,1.723367476534541e-22,True
RF,BATTERY,LBnear,123,3,49.0,0.024390243902439025,0.9997474116057181,1.0,False
RF,FD001,LBall,100,31,13.0,0.31,6.04703847625694e-09,1.209407695251388e-08,True
RF,FD001,LBnear,100,3,17.0,0.03,0.99805511534812,1.0,False
RF,FD002,LBall,260,77,13.0,0.29615384615384616,1.2437461475678878e-18,4.974984590271551e-18,True
RF,FD002,LBnear,260,10,18.0,0.038461538461538464,0.9999386458976581,1.0,False
RF,FD003,LBall,100,43,11.0,0.43,1.0963750656852923e-17,3.289125197055877e-17,True
RF,FD003,LBnear,100,8,17.0,0.08,0.7939491381959893,1.0,False
RF,FD004,LBall,249,119,11.0,0.4779116465863454,4.590274812371073e-52,3.2131923686597514e-51,True
RF,FD004,LBnear,249,26,17.0,0.10441767068273092,0.43862285389282535,1.0,False
RF,NCMAPSS,LBall,99,15,18.0,0.15151515151515152,0.06767059954181119,0.06767059954181119,False
RF,NCMAPSS,LBnear,99,14,19.0,0.1414141414141414,0.11669425677250736,0.8168597974075515,False
RF,PHM08,LBall,218,88,12.0,0.4036697247706422,5.308127427822148e-32,3.1848764566932892e-31,True
RF,PHM08,LBnear,218,22,16.0,0.10091743119266056,0.5149559324637591,1.0,False
RIDGE,BATTERY,LBall,123,58,31.5,0.4715447154471545,7.570930598017072e-26,3.028372239206829e-25,True
RIDGE,BATTERY,LBnear,123,13,46.0,0.10569105691056911,0.4600484330543274,0.4600484330543274,False
RIDGE,FD001,LBall,100,43,12.0,0.43,1.0963750656852923e-17,2.1927501313705846e-17,True
RIDGE,FD001,LBnear,100,22,15.0,0.22,0.00031191800498850516,0.0012476720199540207,True
RIDGE,FD002,LBall,260,113,12.0,0.4346153846153846,2.1774653129199605e-44,1.0887326564599802e-43,True
RIDGE,FD002,LBnear,260,55,16.0,0.21153846153846154,7.717170553329906e-08,3.8585852766649533e-07,True
RIDGE,FD003,LBall,100,46,12.0,0.46,2.8455732880169e-20,8.536719864050699e-20,True
RIDGE,FD003,LBnear,100,16,16.0,0.16,0.0398905271110835,0.079781054222167,False
RIDGE,FD004,LBall,249,136,11.0,0.5461847389558233,1.1771177278732378e-68,8.239824095112664e-68,True
RIDGE,FD004,LBnear,249,54,17.0,0.21686746987951808,4.222458854519201e-08,2.533475312711521e-07,True
RIDGE,NCMAPSS,LBall,99,21,17.0,0.21212121212121213,0.0007034861417969407,0.0007034861417969407,True
RIDGE,NCMAPSS,LBnear,99,19,18.0,0.1919191919191919,0.004086337450300189,0.012259012350900569,True
RIDGE,PHM08,LBall,218,109,11.0,0.5,2.628610160028683e-50,1.57716609601721e-49,True
RIDGE,PHM08,LBnear,218,60,15.0,0.27522935779816515,2.534394813628835e-13,1.7740763695401842e-12,True
WMLP,BATTERY,LBall,123,25,52.0,0.2032520325203252,0.0004589380185502082,0.002294690092751041,True
WMLP,BATTERY,LBnear,123,12,70.0,0.0975609756097561,0.5799390291949715,1.0,False
WMLP,FD001,LBall,100,7,16.0,0.07,0.8828443845641155,1.0,False
WMLP,FD001,LBnear,100,0,19.0,0.0,1.0,1.0,False
WMLP,FD002,LBall,260,28,15.0,0.1076923076923077,0.3688641974847496,1.0,False
WMLP,FD002,LBnear,260,2,19.0,0.007692307692307693,0.9999999999621068,1.0,False
WMLP,FD003,LBall,100,14,14.5,0.14,0.1238767925993305,0.495507170397322,False
WMLP,FD003,LBnear,100,2,19.0,0.02,0.9996783119468059,1.0,False
WMLP,FD004,LBall,249,68,13.0,0.27309236947791166,1.0535871905508192e-14,7.375110333855734e-14,True
WMLP,FD004,LBnear,249,10,19.0,0.040160642570281124,0.999865805648036,1.0,False
WMLP,NCMAPSS,LBall,99,1,32.0,0.010101010101010102,0.9999704873345694,1.0,False
WMLP,NCMAPSS,LBnear,99,1,35.0,0.010101010101010102,0.9999704873345694,1.0,False
WMLP,PHM08,LBall,218,42,15.0,0.1926605504587156,2.717443904866026e-05,0.00016304663429196156,True
WMLP,PHM08,LBnear,218,6,21.0,0.027522935779816515,0.9999912158488475,1.0,False
