dataset,variant,policy,alpha,lead,rep,n,failures,notice_median,rate
BATTERY,K1,LBall,0.05,0,0,123,9,9.0,0.07317073170731707
BATTERY,K1,LBall,0.05,0,1,123,7,10.5,0.056910569105691054
BATTERY,K1,LBall,0.05,0,2,123,7,12.0,0.056910569105691054
BATTERY,K1,LBall,0.05,15,0,123,15,24.0,0.12195121951219512
BATTERY,K1,LBall,0.05,15,1,123,8,25.0,0.06504065040650407
BATTERY,K1,LBall,0.05,15,2,123,6,27.0,0.04878048780487805
BATTERY,K1,LBall,0.05,30,0,123,19,39.0,0.15447154471544716
BATTERY,K1,LBall,0.05,30,1,123,14,40.0,0.11382113821138211
BATTERY,K1,LBall,0.05,30,2,123,9,40.0,0.07317073170731707
BATTERY,K1,LBall,0.05,45,0,123,28,54.0,0.22764227642276422
BATTERY,K1,LBall,0.05,45,1,123,20,55.0,0.16260162601626016
BATTERY,K1,LBall,0.05,45,2,123,17,55.5,0.13821138211382114
BATTERY,K1,LBall,0.1,0,0,123,49,3.0,0.3983739837398374
BATTERY,K1,LBall,0.1,0,1,123,35,5.0,0.2845528455284553
BATTERY,K1,LBall,0.1,0,2,123,25,4.0,0.2032520325203252
BATTERY,K1,LBall,0.1,15,0,123,49,17.0,0.3983739837398374
BATTERY,K1,LBall,0.1,15,1,123,41,18.0,0.3333333333333333
BATTERY,K1,LBall,0.1,15,2,123,39,19.0,0.3170731707317073
BATTERY,K1,LBall,0.1,30,0,123,55,31.0,0.44715447154471544
BATTERY,K1,LBall,0.1,30,1,123,44,33.0,0.35772357723577236
BATTERY,K1,LBall,0.1,30,2,123,46,33.0,0.37398373983739835
BATTERY,K1,LBall,0.1,45,0,123,61,46.0,0.4959349593495935
BATTERY,K1,LBall,0.1,45,1,123,47,48.0,0.3821138211382114
BATTERY,K1,LBall,0.1,45,2,123,47,48.0,0.3821138211382114
BATTERY,K1,LBall,0.2,0,0,123,109,1.0,0.8861788617886179
BATTERY,K1,LBall,0.2,0,1,123,109,1.5,0.8861788617886179
BATTERY,K1,LBall,0.2,0,2,123,113,1.0,0.9186991869918699
BATTERY,K1,LBall,0.2,15,0,123,90,13.0,0.7317073170731707
BATTERY,K1,LBall,0.2,15,1,123,96,12.0,0.7804878048780488
BATTERY,K1,LBall,0.2,15,2,123,95,13.0,0.7723577235772358
BATTERY,K1,LBall,0.2,30,0,123,93,27.0,0.7560975609756098
BATTERY,K1,LBall,0.2,30,1,123,90,27.0,0.7317073170731707
BATTERY,K1,LBall,0.2,30,2,123,92,27.0,0.7479674796747967
BATTERY,K1,LBall,0.2,45,0,123,86,42.5,0.6991869918699187
BATTERY,K1,LBall,0.2,45,1,123,82,43.0,0.6666666666666666
BATTERY,K1,LBall,0.2,45,2,123,90,42.0,0.7317073170731707
BATTERY,K1,LBnear,0.05,0,0,123,1,28.0,0.008130081300813009
BATTERY,K1,LBnear,0.05,0,1,123,0,27.0,0.0
BATTERY,K1,LBnear,0.05,0,2,123,2,30.0,0.016260162601626018
BATTERY,K1,LBnear,0.05,15,0,123,1,44.0,0.008130081300813009
BATTERY,K1,LBnear,0.05,15,1,123,2,42.0,0.016260162601626018
BATTERY,K1,LBnear,0.05,15,2,123,2,43.0,0.016260162601626018
BATTERY,K1,LBnear,0.05,30,0,123,1,60.0,0.008130081300813009
BATTERY,K1,LBnear,0.05,30,1,123,2,58.0,0.016260162601626018
BATTERY,K1,LBnear,0.05,30,2,123,2,59.0,0.016260162601626018
BATTERY,K1,LBnear,0.05,45,0,123,2,75.0,0.016260162601626018
BATTERY,K1,LBnear,0.05,45,1,123,3,73.0,0.024390243902439025
BATTERY,K1,LBnear,0.05,45,2,123,2,73.0,0.016260162601626018
BATTERY,K1,LBnear,0.1,0,0,123,2,19.0,0.016260162601626018
BATTERY,K1,LBnear,0.1,0,1,123,2,19.0,0.016260162601626018
BATTERY,K1,LBnear,0.1,0,2,123,2,21.0,0.016260162601626018
BATTERY,K1,LBnear,0.1,15,0,123,2,34.0,0.016260162601626018
BATTERY,K1,LBnear,0.1,15,1,123,3,33.0,0.024390243902439025
BATTERY,K1,LBnear,0.1,15,2,123,2,36.0,0.016260162601626018
BATTERY,K1,LBnear,0.1,30,0,123,4,49.0,0.032520325203252036
BATTERY,K1,LBnear,0.1,30,1,123,4,48.0,0.032520325203252036
BATTERY,K1,LBnear,0.1,30,2,123,3,50.0,0.024390243902439025
BATTERY,K1,LBnear,0.1,45,0,123,7,66.0,0.056910569105691054
BATTERY,K1,LBnear,0.1,45,1,123,6,63.0,0.04878048780487805
BATTERY,K1,LBnear,0.1,45,2,123,7,64.0,0.056910569105691054
BATTERY,K1,LBnear,0.2,0,0,123,7,10.0,0.056910569105691054
BATTERY,K1,LBnear,0.2,0,1,123,6,11.0,0.04878048780487805
BATTERY,K1,LBnear,0.2,0,2,123,7,13.0,0.056910569105691054
BATTERY,K1,LBnear,0.2,15,0,123,13,24.5,0.10569105691056911
BATTERY,K1,LBnear,0.2,15,1,123,8,25.0,0.06504065040650407
BATTERY,K1,LBnear,0.2,15,2,123,5,27.0,0.04065040650406504
BATTERY,K1,LBnear,0.2,30,0,123,18,39.0,0.14634146341463414
BATTERY,K1,LBnear,0.2,30,1,123,12,41.0,0.0975609756097561
BATTERY,K1,LBnear,0.2,30,2,123,9,42.0,0.07317073170731707
BATTERY,K1,LBnear,0.2,45,0,123,22,55.0,0.17886178861788618
BATTERY,K1,LBnear,0.2,45,1,123,20,55.0,0.16260162601626016
BATTERY,K1,LBnear,0.2,45,2,123,15,56.0,0.12195121951219512
BATTERY,K2C,LBall,0.05,0,0,123,11,9.0,0.08943089430894309
BATTERY,K2C,LBall,0.05,0,1,123,9,11.0,0.07317073170731707
BATTERY,K2C,LBall,0.05,0,2,123,6,12.0,0.04878048780487805
BATTERY,K2C,LBall,0.05,15,0,123,16,24.0,0.13008130081300814
BATTERY,K2C,LBall,0.05,15,1,123,9,26.0,0.07317073170731707
BATTERY,K2C,LBall,0.05,15,2,123,9,27.0,0.07317073170731707
BATTERY,K2C,LBall,0.05,30,0,123,22,39.0,0.17886178861788618
BATTERY,K2C,LBall,0.05,30,1,123,19,40.0,0.15447154471544716
BATTERY,K2C,LBall,0.05,30,2,123,12,41.0,0.0975609756097561
BATTERY,K2C,LBall,0.05,45,0,123,26,54.0,0.21138211382113822
BATTERY,K2C,LBall,0.05,45,1,123,24,55.0,0.1951219512195122
BATTERY,K2C,LBall,0.05,45,2,123,21,55.5,0.17073170731707318
BATTERY,K2C,LBall,0.1,0,0,123,45,3.0,0.36585365853658536
BATTERY,K2C,LBall,0.1,0,1,123,32,5.0,0.2601626016260163
BATTERY,K2C,LBall,0.1,0,2,123,25,4.0,0.2032520325203252
BATTERY,K2C,LBall,0.1,15,0,123,52,17.0,0.42276422764227645
BATTERY,K2C,LBall,0.1,15,1,123,43,18.0,0.34959349593495936
BATTERY,K2C,LBall,0.1,15,2,123,35,19.0,0.2845528455284553
BATTERY,K2C,LBall,0.1,30,0,123,54,31.5,0.43902439024390244
BATTERY,K2C,LBall,0.1,30,1,123,43,33.0,0.34959349593495936
BATTERY,K2C,LBall,0.1,30,2,123,46,33.0,0.37398373983739835
BATTERY,K2C,LBall,0.1,45,0,123,61,46.0,0.4959349593495935
BATTERY,K2C,LBall,0.1,45,1,123,48,48.0,0.3902439024390244
BATTERY,K2C,LBall,0.1,45,2,123,49,48.0,0.3983739837398374
BATTERY,K2C,LBall,0.2,0,0,123,96,2.0,0.7804878048780488
BATTERY,K2C,LBall,0.2,0,1,123,105,2.0,0.8536585365853658
BATTERY,K2C,LBall,0.2,0,2,123,109,1.5,0.8861788617886179
BATTERY,K2C,LBall,0.2,15,0,123,91,13.0,0.7398373983739838
BATTERY,K2C,LBall,0.2,15,1,123,92,12.0,0.7479674796747967
BATTERY,K2C,LBall,0.2,15,2,123,94,13.0,0.7642276422764228
BATTERY,K2C,LBall,0.2,30,0,123,89,27.0,0.7235772357723578
BATTERY,K2C,LBall,0.2,30,1,123,90,27.5,0.7317073170731707
BATTERY,K2C,LBall,0.2,30,2,123,89,27.0,0.7235772357723578
BATTERY,K2C,LBall,0.2,45,0,123,83,42.0,0.6747967479674797
BATTERY,K2C,LBall,0.2,45,1,123,81,42.0,0.6585365853658537
BATTERY,K2C,LBall,0.2,45,2,123,87,42.0,0.7073170731707317
BATTERY,K2C,LBnear,0.05,0,0,123,1,28.0,0.008130081300813009
BATTERY,K2C,LBnear,0.05,0,1,123,1,28.0,0.008130081300813009
BATTERY,K2C,LBnear,0.05,0,2,123,2,30.0,0.016260162601626018
BATTERY,K2C,LBnear,0.05,15,0,123,1,44.0,0.008130081300813009
BATTERY,K2C,LBnear,0.05,15,1,123,2,42.0,0.016260162601626018
BATTERY,K2C,LBnear,0.05,15,2,123,2,43.0,0.016260162601626018
BATTERY,K2C,LBnear,0.05,30,0,123,2,61.0,0.016260162601626018
BATTERY,K2C,LBnear,0.05,30,1,123,2,57.0,0.016260162601626018
BATTERY,K2C,LBnear,0.05,30,2,123,2,58.0,0.016260162601626018
BATTERY,K2C,LBnear,0.05,45,0,123,3,74.0,0.024390243902439025
BATTERY,K2C,LBnear,0.05,45,1,123,3,73.0,0.024390243902439025
BATTERY,K2C,LBnear,0.05,45,2,123,3,73.0,0.024390243902439025
BATTERY,K2C,LBnear,0.1,0,0,123,2,19.0,0.016260162601626018
BATTERY,K2C,LBnear,0.1,0,1,123,3,19.0,0.024390243902439025
BATTERY,K2C,LBnear,0.1,0,2,123,2,21.0,0.016260162601626018
BATTERY,K2C,LBnear,0.1,15,0,123,2,34.5,0.016260162601626018
BATTERY,K2C,LBnear,0.1,15,1,123,3,33.0,0.024390243902439025
BATTERY,K2C,LBnear,0.1,15,2,123,2,35.0,0.016260162601626018
BATTERY,K2C,LBnear,0.1,30,0,123,5,49.0,0.04065040650406504
BATTERY,K2C,LBnear,0.1,30,1,123,5,48.0,0.04065040650406504
BATTERY,K2C,LBnear,0.1,30,2,123,3,50.0,0.024390243902439025
BATTERY,K2C,LBnear,0.1,45,0,123,7,66.0,0.056910569105691054
BATTERY,K2C,LBnear,0.1,45,1,123,9,64.0,0.07317073170731707
BATTERY,K2C,LBnear,0.1,45,2,123,8,64.0,0.06504065040650407
BATTERY,K2C,LBnear,0.2,0,0,123,8,10.0,0.06504065040650407
BATTERY,K2C,LBnear,0.2,0,1,123,7,11.0,0.056910569105691054
BATTERY,K2C,LBnear,0.2,0,2,123,6,12.0,0.04878048780487805
BATTERY,K2C,LBnear,0.2,15,0,123,11,25.0,0.08943089430894309
BATTERY,K2C,LBnear,0.2,15,1,123,9,26.0,0.07317073170731707
BATTERY,K2C,LBnear,0.2,15,2,123,8,27.0,0.06504065040650407
BATTERY,K2C,LBnear,0.2,30,0,123,19,39.0,0.15447154471544716
BATTERY,K2C,LBnear,0.2,30,1,123,16,40.0,0.13008130081300814
BATTERY,K2C,LBnear,0.2,30,2,123,10,42.0,0.08130081300813008
BATTERY,K2C,LBnear,0.2,45,0,123,24,55.0,0.1951219512195122
BATTERY,K2C,LBnear,0.2,45,1,123,22,55.0,0.17886178861788618
BATTERY,K2C,LBnear,0.2,45,2,123,20,55.5,0.16260162601626016
BATTERY,ORIG,LBall,0.05,0,0,123,28,5.0,0.22764227642276422
BATTERY,ORIG,LBall,0.05,0,1,123,19,6.5,0.15447154471544716
BATTERY,ORIG,LBall,0.05,0,2,123,12,7.0,0.0975609756097561
BATTERY,ORIG,LBall,0.05,15,0,123,33,18.0,0.2682926829268293
BATTERY,ORIG,LBall,0.05,15,1,123,24,21.0,0.1951219512195122
BATTERY,ORIG,LBall,0.05,15,2,123,20,21.0,0.16260162601626016
BATTERY,ORIG,LBall,0.05,30,0,123,42,34.0,0.34146341463414637
BATTERY,ORIG,LBall,0.05,30,1,123,31,35.0,0.25203252032520324
BATTERY,ORIG,LBall,0.05,30,2,123,27,36.0,0.21951219512195122
BATTERY,ORIG,LBall,0.05,45,0,123,50,48.0,0.4065040650406504
BATTERY,ORIG,LBall,0.05,45,1,123,37,50.0,0.3008130081300813
BATTERY,ORIG,LBall,0.05,45,2,123,37,51.0,0.3008130081300813
BATTERY,ORIG,LBall,0.1,0,0,123,105,2.0,0.8536585365853658
BATTERY,ORIG,LBall,0.1,0,1,123,91,2.0,0.7398373983739838
BATTERY,ORIG,LBall,0.1,0,2,123,86,2.0,0.6991869918699187
BATTERY,ORIG,LBall,0.1,15,0,123,96,12.0,0.7804878048780488
BATTERY,ORIG,LBall,0.1,15,1,123,84,13.0,0.6829268292682927
BATTERY,ORIG,LBall,0.1,15,2,123,81,14.0,0.6585365853658537
BATTERY,ORIG,LBall,0.1,30,0,123,96,27.0,0.7804878048780488
BATTERY,ORIG,LBall,0.1,30,1,123,84,28.0,0.6829268292682927
BATTERY,ORIG,LBall,0.1,30,2,123,77,28.0,0.6260162601626016
BATTERY,ORIG,LBall,0.1,45,0,123,86,41.0,0.6991869918699187
BATTERY,ORIG,LBall,0.1,45,1,123,81,42.0,0.6585365853658537
BATTERY,ORIG,LBall,0.1,45,2,123,81,43.0,0.6585365853658537
BATTERY,ORIG,LBall,0.2,0,0,123,123,,1.0
BATTERY,ORIG,LBall,0.2,0,1,123,123,,1.0
BATTERY,ORIG,LBall,0.2,0,2,123,123,,1.0
BATTERY,ORIG,LBall,0.2,15,0,123,119,8.0,0.967479674796748
BATTERY,ORIG,LBall,0.2,15,1,123,120,8.0,0.975609756097561
BATTERY,ORIG,LBall,0.2,15,2,123,120,8.0,0.975609756097561
BATTERY,ORIG,LBall,0.2,30,0,123,116,23.0,0.943089430894309
BATTERY,ORIG,LBall,0.2,30,1,123,114,22.0,0.926829268292683
BATTERY,ORIG,LBall,0.2,30,2,123,117,22.0,0.9512195121951219
BATTERY,ORIG,LBall,0.2,45,0,123,106,37.0,0.8617886178861789
BATTERY,ORIG,LBall,0.2,45,1,123,103,37.0,0.8373983739837398
BATTERY,ORIG,LBall,0.2,45,2,123,108,37.0,0.8780487804878049
BATTERY,ORIG,LBnear,0.05,0,0,123,1,22.0,0.008130081300813009
BATTERY,ORIG,LBnear,0.05,0,1,123,2,22.0,0.016260162601626018
BATTERY,ORIG,LBnear,0.05,0,2,123,2,24.0,0.016260162601626018
BATTERY,ORIG,LBnear,0.05,15,0,123,2,39.0,0.016260162601626018
BATTERY,ORIG,LBnear,0.05,15,1,123,2,38.0,0.016260162601626018
BATTERY,ORIG,LBnear,0.05,15,2,123,2,39.0,0.016260162601626018
BATTERY,ORIG,LBnear,0.05,30,0,123,4,55.0,0.032520325203252036
BATTERY,ORIG,LBnear,0.05,30,1,123,2,52.0,0.016260162601626018
BATTERY,ORIG,LBnear,0.05,30,2,123,2,54.0,0.016260162601626018
BATTERY,ORIG,LBnear,0.05,45,0,123,5,69.0,0.04065040650406504
BATTERY,ORIG,LBnear,0.05,45,1,123,4,68.0,0.032520325203252036
BATTERY,ORIG,LBnear,0.05,45,2,123,5,68.0,0.04065040650406504
BATTERY,ORIG,LBnear,0.1,0,0,123,4,14.0,0.032520325203252036
BATTERY,ORIG,LBnear,0.1,0,1,123,5,14.0,0.04065040650406504
BATTERY,ORIG,LBnear,0.1,0,2,123,4,16.0,0.032520325203252036
BATTERY,ORIG,LBnear,0.1,15,0,123,7,30.0,0.056910569105691054
BATTERY,ORIG,LBnear,0.1,15,1,123,8,28.0,0.06504065040650407
BATTERY,ORIG,LBnear,0.1,15,2,123,2,31.0,0.016260162601626018
BATTERY,ORIG,LBnear,0.1,30,0,123,10,45.0,0.08130081300813008
BATTERY,ORIG,LBnear,0.1,30,1,123,10,43.0,0.08130081300813008
BATTERY,ORIG,LBnear,0.1,30,2,123,6,45.0,0.04878048780487805
BATTERY,ORIG,LBnear,0.1,45,0,123,12,61.0,0.0975609756097561
BATTERY,ORIG,LBnear,0.1,45,1,123,17,57.0,0.13821138211382114
BATTERY,ORIG,LBnear,0.1,45,2,123,13,59.0,0.10569105691056911
BATTERY,ORIG,LBnear,0.2,0,0,123,21,6.0,0.17073170731707318
BATTERY,ORIG,LBnear,0.2,0,1,123,19,7.0,0.15447154471544716
BATTERY,ORIG,LBnear,0.2,0,2,123,10,8.0,0.08130081300813008
BATTERY,ORIG,LBnear,0.2,15,0,123,31,20.0,0.25203252032520324
BATTERY,ORIG,LBnear,0.2,15,1,123,24,21.0,0.1951219512195122
BATTERY,ORIG,LBnear,0.2,15,2,123,14,23.0,0.11382113821138211
BATTERY,ORIG,LBnear,0.2,30,0,123,38,34.0,0.3089430894308943
BATTERY,ORIG,LBnear,0.2,30,1,123,30,36.0,0.24390243902439024
BATTERY,ORIG,LBnear,0.2,30,2,123,27,37.0,0.21951219512195122
BATTERY,ORIG,LBnear,0.2,45,0,123,44,49.0,0.35772357723577236
BATTERY,ORIG,LBnear,0.2,45,1,123,36,51.0,0.2926829268292683
BATTERY,ORIG,LBnear,0.2,45,2,123,35,52.0,0.2845528455284553
FD001,K1,LBall,0.05,0,0,100,8,5.5,0.08
FD001,K1,LBall,0.05,0,1,100,6,7.0,0.06
FD001,K1,LBall,0.05,0,2,100,9,7.0,0.09
FD001,K1,LBall,0.05,5,0,100,6,11.0,0.06
FD001,K1,LBall,0.05,5,1,100,5,12.0,0.05
FD001,K1,LBall,0.05,5,2,100,4,12.0,0.04
FD001,K1,LBall,0.05,10,0,100,9,16.0,0.09
FD001,K1,LBall,0.05,10,1,100,7,17.0,0.07
FD001,K1,LBall,0.05,10,2,100,6,16.0,0.06
FD001,K1,LBall,0.05,15,0,100,9,20.5,0.09
FD001,K1,LBall,0.05,15,1,100,10,22.0,0.1
FD001,K1,LBall,0.05,15,2,100,10,22.0,0.1
FD001,K1,LBall,0.1,0,0,100,42,3.0,0.42
FD001,K1,LBall,0.1,0,1,100,38,3.0,0.38
FD001,K1,LBall,0.1,0,2,100,28,3.5,0.28
FD001,K1,LBall,0.1,5,0,100,29,8.0,0.29
FD001,K1,LBall,0.1,5,1,100,23,8.0,0.23
FD001,K1,LBall,0.1,5,2,100,23,9.0,0.23
FD001,K1,LBall,0.1,10,0,100,24,12.0,0.24
FD001,K1,LBall,0.1,10,1,100,21,14.0,0.21
FD001,K1,LBall,0.1,10,2,100,26,13.0,0.26
FD001,K1,LBall,0.1,15,0,100,26,18.0,0.26
FD001,K1,LBall,0.1,15,1,100,26,18.0,0.26
FD001,K1,LBall,0.1,15,2,100,24,18.0,0.24
FD001,K1,LBall,0.2,0,0,100,96,1.0,0.96
FD001,K1,LBall,0.2,0,1,100,94,2.5,0.94
FD001,K1,LBall,0.2,0,2,100,91,1.0,0.91
FD001,K1,LBall,0.2,5,0,100,76,4.0,0.76
FD001,K1,LBall,0.2,5,1,100,70,4.0,0.7
FD001,K1,LBall,0.2,5,2,100,66,5.0,0.66
FD001,K1,LBall,0.2,10,0,100,72,9.0,0.72
FD001,K1,LBall,0.2,10,1,100,57,10.0,0.57
FD001,K1,LBall,0.2,10,2,100,59,10.0,0.59
FD001,K1,LBall,0.2,15,0,100,66,14.0,0.66
FD001,K1,LBall,0.2,15,1,100,56,15.0,0.56
FD001,K1,LBall,0.2,15,2,100,58,15.0,0.58
FD001,K1,LBnear,0.05,0,0,100,2,11.0,0.02
FD001,K1,LBnear,0.05,0,1,100,3,12.0,0.03
FD001,K1,LBnear,0.05,0,2,100,1,12.0,0.01
FD001,K1,LBnear,0.05,5,0,100,2,16.0,0.02
FD001,K1,LBnear,0.05,5,1,100,2,17.0,0.02
FD001,K1,LBnear,0.05,5,2,100,0,17.0,0.0
FD001,K1,LBnear,0.05,10,0,100,1,20.0,0.01
FD001,K1,LBnear,0.05,10,1,100,2,22.0,0.02
FD001,K1,LBnear,0.05,10,2,100,0,22.0,0.0
FD001,K1,LBnear,0.05,15,0,100,3,25.0,0.03
FD001,K1,LBnear,0.05,15,1,100,2,27.5,0.02
FD001,K1,LBnear,0.05,15,2,100,1,27.0,0.01
FD001,K1,LBnear,0.1,0,0,100,4,8.5,0.04
FD001,K1,LBnear,0.1,0,1,100,4,9.0,0.04
FD001,K1,LBnear,0.1,0,2,100,3,9.0,0.03
FD001,K1,LBnear,0.1,5,0,100,4,13.0,0.04
FD001,K1,LBnear,0.1,5,1,100,3,14.0,0.03
FD001,K1,LBnear,0.1,5,2,100,1,14.0,0.01
FD001,K1,LBnear,0.1,10,0,100,3,18.0,0.03
FD001,K1,LBnear,0.1,10,1,100,2,19.0,0.02
FD001,K1,LBnear,0.1,10,2,100,1,19.0,0.01
FD001,K1,LBnear,0.1,15,0,100,6,23.0,0.06
FD001,K1,LBnear,0.1,15,1,100,7,24.0,0.07
FD001,K1,LBnear,0.1,15,2,100,4,24.0,0.04
FD001,K1,LBnear,0.2,0,0,100,14,5.0,0.14
FD001,K1,LBnear,0.2,0,1,100,11,6.0,0.11
FD001,K1,LBnear,0.2,0,2,100,10,6.0,0.1
FD001,K1,LBnear,0.2,5,0,100,7,10.0,0.07
FD001,K1,LBnear,0.2,5,1,100,5,11.0,0.05
FD001,K1,LBnear,0.2,5,2,100,7,11.0,0.07
FD001,K1,LBnear,0.2,10,0,100,9,15.0,0.09
FD001,K1,LBnear,0.2,10,1,100,10,16.0,0.1
FD001,K1,LBnear,0.2,10,2,100,7,15.5,0.07
FD001,K1,LBnear,0.2,15,0,100,13,20.0,0.13
FD001,K1,LBnear,0.2,15,1,100,14,21.0,0.14
FD001,K1,LBnear,0.2,15,2,100,11,20.5,0.11
FD001,K2C,LBall,0.05,0,0,100,9,6.0,0.09
FD001,K2C,LBall,0.05,0,1,100,6,7.0,0.06
FD001,K2C,LBall,0.05,0,2,100,7,7.0,0.07
FD001,K2C,LBall,0.05,5,0,100,6,11.0,0.06
FD001,K2C,LBall,0.05,5,1,100,5,12.0,0.05
FD001,K2C,LBall,0.05,5,2,100,6,11.0,0.06
FD001,K2C,LBall,0.05,10,0,100,9,16.0,0.09
FD001,K2C,LBall,0.05,10,1,100,5,17.0,0.05
FD001,K2C,LBall,0.05,10,2,100,8,16.0,0.08
FD001,K2C,LBall,0.05,15,0,100,12,20.0,0.12
FD001,K2C,LBall,0.05,15,1,100,10,21.5,0.1
FD001,K2C,LBall,0.05,15,2,100,8,22.0,0.08
FD001,K2C,LBall,0.1,0,0,100,39,3.0,0.39
FD001,K2C,LBall,0.1,0,1,100,33,3.0,0.33
FD001,K2C,LBall,0.1,0,2,100,29,4.0,0.29
FD001,K2C,LBall,0.1,5,0,100,25,8.0,0.25
FD001,K2C,LBall,0.1,5,1,100,21,8.0,0.21
FD001,K2C,LBall,0.1,5,2,100,20,9.0,0.2
FD001,K2C,LBall,0.1,10,0,100,25,13.0,0.25
FD001,K2C,LBall,0.1,10,1,100,26,14.0,0.26
FD001,K2C,LBall,0.1,10,2,100,27,13.0,0.27
FD001,K2C,LBall,0.1,15,0,100,27,17.0,0.27
FD001,K2C,LBall,0.1,15,1,100,26,18.0,0.26
FD001,K2C,LBall,0.1,15,2,100,23,18.0,0.23
FD001,K2C,LBall,0.2,0,0,100,89,2.0,0.89
FD001,K2C,LBall,0.2,0,1,100,90,2.0,0.9
FD001,K2C,LBall,0.2,0,2,100,89,2.0,0.89
FD001,K2C,LBall,0.2,5,0,100,73,4.0,0.73
FD001,K2C,LBall,0.2,5,1,100,68,4.0,0.68
FD001,K2C,LBall,0.2,5,2,100,64,5.0,0.64
FD001,K2C,LBall,0.2,10,0,100,74,9.0,0.74
FD001,K2C,LBall,0.2,10,1,100,56,10.0,0.56
FD001,K2C,LBall,0.2,10,2,100,61,10.0,0.61
FD001,K2C,LBall,0.2,15,0,100,64,14.0,0.64
FD001,K2C,LBall,0.2,15,1,100,56,15.0,0.56
FD001,K2C,LBall,0.2,15,2,100,54,15.0,0.54
FD001,K2C,LBnear,0.05,0,0,100,2,11.0,0.02
FD001,K2C,LBnear,0.05,0,1,100,3,12.0,0.03
FD001,K2C,LBnear,0.05,0,2,100,1,12.0,0.01
FD001,K2C,LBnear,0.05,5,0,100,1,16.0,0.01
FD001,K2C,LBnear,0.05,5,1,100,2,17.0,0.02
FD001,K2C,LBnear,0.05,5,2,100,0,17.0,0.0
FD001,K2C,LBnear,0.05,10,0,100,1,20.5,0.01
FD001,K2C,LBnear,0.05,10,1,100,2,21.0,0.02
FD001,K2C,LBnear,0.05,10,2,100,0,22.0,0.0
FD001,K2C,LBnear,0.05,15,0,100,4,25.5,0.04
FD001,K2C,LBnear,0.05,15,1,100,3,27.0,0.03
FD001,K2C,LBnear,0.05,15,2,100,1,26.0,0.01
FD001,K2C,LBnear,0.1,0,0,100,3,9.0,0.03
FD001,K2C,LBnear,0.1,0,1,100,3,9.0,0.03
FD001,K2C,LBnear,0.1,0,2,100,3,9.0,0.03
FD001,K2C,LBnear,0.1,5,0,100,4,13.0,0.04
FD001,K2C,LBnear,0.1,5,1,100,3,15.0,0.03
FD001,K2C,LBnear,0.1,5,2,100,1,13.5,0.01
FD001,K2C,LBnear,0.1,10,0,100,6,18.0,0.06
FD001,K2C,LBnear,0.1,10,1,100,3,19.5,0.03
FD001,K2C,LBnear,0.1,10,2,100,1,19.0,0.01
FD001,K2C,LBnear,0.1,15,0,100,6,23.0,0.06
FD001,K2C,LBnear,0.1,15,1,100,6,24.0,0.06
FD001,K2C,LBnear,0.1,15,2,100,6,24.0,0.06
FD001,K2C,LBnear,0.2,0,0,100,12,5.0,0.12
FD001,K2C,LBnear,0.2,0,1,100,9,6.0,0.09
FD001,K2C,LBnear,0.2,0,2,100,12,6.0,0.12
FD001,K2C,LBnear,0.2,5,0,100,8,10.0,0.08
FD001,K2C,LBnear,0.2,5,1,100,5,11.0,0.05
FD001,K2C,LBnear,0.2,5,2,100,8,11.0,0.08
FD001,K2C,LBnear,0.2,10,0,100,13,15.0,0.13
FD001,K2C,LBnear,0.2,10,1,100,11,16.0,0.11
FD001,K2C,LBnear,0.2,10,2,100,12,16.0,0.12
FD001,K2C,LBnear,0.2,15,0,100,12,19.0,0.12
FD001,K2C,LBnear,0.2,15,1,100,13,21.0,0.13
FD001,K2C,LBnear,0.2,15,2,100,10,21.0,0.1
FD001,ORIG,LBall,0.05,0,0,100,12,5.0,0.12
FD001,ORIG,LBall,0.05,0,1,100,11,6.0,0.11
FD001,ORIG,LBall,0.05,0,2,100,13,6.0,0.13
FD001,ORIG,LBall,0.05,5,0,100,8,10.0,0.08
FD001,ORIG,LBall,0.05,5,1,100,7,11.0,0.07
FD001,ORIG,LBall,0.05,5,2,100,9,11.0,0.09
FD001,ORIG,LBall,0.05,10,0,100,14,15.0,0.14
FD001,ORIG,LBall,0.05,10,1,100,12,16.0,0.12
FD001,ORIG,LBall,0.05,10,2,100,13,15.0,0.13
FD001,ORIG,LBall,0.05,15,0,100,15,19.5,0.15
FD001,ORIG,LBall,0.05,15,1,100,14,21.0,0.14
FD001,ORIG,LBall,0.05,15,2,100,10,21.0,0.1
FD001,ORIG,LBall,0.1,0,0,100,51,3.0,0.51
FD001,ORIG,LBall,0.1,0,1,100,47,3.0,0.47
FD001,ORIG,LBall,0.1,0,2,100,37,3.0,0.37
FD001,ORIG,LBall,0.1,5,0,100,34,7.0,0.34
FD001,ORIG,LBall,0.1,5,1,100,35,7.0,0.35
FD001,ORIG,LBall,0.1,5,2,100,33,8.0,0.33
FD001,ORIG,LBall,0.1,10,0,100,33,11.0,0.33
FD001,ORIG,LBall,0.1,10,1,100,32,13.0,0.32
FD001,ORIG,LBall,0.1,10,2,100,35,12.0,0.35
FD001,ORIG,LBall,0.1,15,0,100,38,17.0,0.38
FD001,ORIG,LBall,0.1,15,1,100,35,17.0,0.35
FD001,ORIG,LBall,0.1,15,2,100,32,17.0,0.32
FD001,ORIG,LBall,0.2,0,0,100,99,1.0,0.99
FD001,ORIG,LBall,0.2,0,1,100,94,1.5,0.94
FD001,ORIG,LBall,0.2,0,2,100,97,1.0,0.97
FD001,ORIG,LBall,0.2,5,0,100,82,3.0,0.82
FD001,ORIG,LBall,0.2,5,1,100,81,3.0,0.81
FD001,ORIG,LBall,0.2,5,2,100,84,4.0,0.84
FD001,ORIG,LBall,0.2,10,0,100,80,8.0,0.8
FD001,ORIG,LBall,0.2,10,1,100,65,9.0,0.65
FD001,ORIG,LBall,0.2,10,2,100,69,9.0,0.69
FD001,ORIG,LBall,0.2,15,0,100,74,13.0,0.74
FD001,ORIG,LBall,0.2,15,1,100,66,14.0,0.66
FD001,ORIG,LBall,0.2,15,2,100,69,14.0,0.69
FD001,ORIG,LBnear,0.05,0,0,100,2,10.0,0.02
FD001,ORIG,LBnear,0.05,0,1,100,3,11.0,0.03
FD001,ORIG,LBnear,0.05,0,2,100,1,11.0,0.01
FD001,ORIG,LBnear,0.05,5,0,100,3,15.0,0.03
FD001,ORIG,LBnear,0.05,5,1,100,2,16.0,0.02
FD001,ORIG,LBnear,0.05,5,2,100,0,16.0,0.0
FD001,ORIG,LBnear,0.05,10,0,100,3,19.0,0.03
FD001,ORIG,LBnear,0.05,10,1,100,2,20.0,0.02
FD001,ORIG,LBnear,0.05,10,2,100,0,21.0,0.0
FD001,ORIG,LBnear,0.05,15,0,100,6,24.0,0.06
FD001,ORIG,LBnear,0.05,15,1,100,3,26.0,0.03
FD001,ORIG,LBnear,0.05,15,2,100,2,26.0,0.02
FD001,ORIG,LBnear,0.1,0,0,100,6,8.0,0.06
FD001,ORIG,LBnear,0.1,0,1,100,4,8.0,0.04
FD001,ORIG,LBnear,0.1,0,2,100,4,8.0,0.04
FD001,ORIG,LBnear,0.1,5,0,100,6,12.0,0.06
FD001,ORIG,LBnear,0.1,5,1,100,3,13.0,0.03
FD001,ORIG,LBnear,0.1,5,2,100,2,13.0,0.02
FD001,ORIG,LBnear,0.1,10,0,100,7,17.0,0.07
FD001,ORIG,LBnear,0.1,10,1,100,4,18.0,0.04
FD001,ORIG,LBnear,0.1,10,2,100,2,17.5,0.02
FD001,ORIG,LBnear,0.1,15,0,100,8,22.0,0.08
FD001,ORIG,LBnear,0.1,15,1,100,7,23.0,0.07
FD001,ORIG,LBnear,0.1,15,2,100,7,23.0,0.07
FD001,ORIG,LBnear,0.2,0,0,100,24,4.0,0.24
FD001,ORIG,LBnear,0.2,0,1,100,15,5.0,0.15
FD001,ORIG,LBnear,0.2,0,2,100,16,5.0,0.16
FD001,ORIG,LBnear,0.2,5,0,100,12,9.0,0.12
FD001,ORIG,LBnear,0.2,5,1,100,8,10.0,0.08
FD001,ORIG,LBnear,0.2,5,2,100,14,10.0,0.14
FD001,ORIG,LBnear,0.2,10,0,100,19,14.0,0.19
FD001,ORIG,LBnear,0.2,10,1,100,14,15.0,0.14
FD001,ORIG,LBnear,0.2,10,2,100,16,14.0,0.16
FD001,ORIG,LBnear,0.2,15,0,100,19,19.0,0.19
FD001,ORIG,LBnear,0.2,15,1,100,18,20.0,0.18
FD001,ORIG,LBnear,0.2,15,2,100,14,19.5,0.14
FD002,K1,LBall,0.05,0,0,260,20,6.0,0.07692307692307693
FD002,K1,LBall,0.05,0,1,260,22,6.0,0.08461538461538462
FD002,K1,LBall,0.05,0,2,260,17,5.0,0.06538461538461539
FD002,K1,LBall,0.05,5,0,260,15,11.0,0.057692307692307696
FD002,K1,LBall,0.05,5,1,260,9,11.0,0.03461538461538462
FD002,K1,LBall,0.05,5,2,260,14,10.0,0.05384615384615385
FD002,K1,LBall,0.05,10,0,260,13,16.0,0.05
FD002,K1,LBall,0.05,10,1,260,15,16.0,0.057692307692307696
FD002,K1,LBall,0.05,10,2,260,21,15.0,0.08076923076923077
FD002,K1,LBall,0.05,15,0,260,22,21.0,0.08461538461538462
FD002,K1,LBall,0.05,15,1,260,30,21.0,0.11538461538461539
FD002,K1,LBall,0.05,15,2,260,31,20.0,0.11923076923076924
FD002,K1,LBall,0.1,0,0,260,80,3.0,0.3076923076923077
FD002,K1,LBall,0.1,0,1,260,87,3.0,0.3346153846153846
FD002,K1,LBall,0.1,0,2,260,99,2.0,0.38076923076923075
FD002,K1,LBall,0.1,5,0,260,65,8.0,0.25
FD002,K1,LBall,0.1,5,1,260,63,8.0,0.2423076923076923
FD002,K1,LBall,0.1,5,2,260,76,7.0,0.2923076923076923
FD002,K1,LBall,0.1,10,0,260,65,13.0,0.25
FD002,K1,LBall,0.1,10,1,260,66,13.0,0.25384615384615383
FD002,K1,LBall,0.1,10,2,260,72,12.0,0.27692307692307694
FD002,K1,LBall,0.1,15,0,260,74,18.0,0.2846153846153846
FD002,K1,LBall,0.1,15,1,260,76,18.0,0.2923076923076923
FD002,K1,LBall,0.1,15,2,260,75,18.0,0.28846153846153844
FD002,K1,LBall,0.2,0,0,260,244,2.0,0.9384615384615385
FD002,K1,LBall,0.2,0,1,260,243,2.0,0.9346153846153846
FD002,K1,LBall,0.2,0,2,260,242,2.0,0.9307692307692308
FD002,K1,LBall,0.2,5,0,260,180,4.0,0.6923076923076923
FD002,K1,LBall,0.2,5,1,260,188,4.0,0.7230769230769231
FD002,K1,LBall,0.2,5,2,260,181,4.0,0.6961538461538461
FD002,K1,LBall,0.2,10,0,260,166,9.0,0.6384615384615384
FD002,K1,LBall,0.2,10,1,260,167,9.0,0.6423076923076924
FD002,K1,LBall,0.2,10,2,260,167,9.0,0.6423076923076924
FD002,K1,LBall,0.2,15,0,260,155,15.0,0.5961538461538461
FD002,K1,LBall,0.2,15,1,260,156,14.0,0.6
FD002,K1,LBall,0.2,15,2,260,152,14.0,0.5846153846153846
FD002,K1,LBnear,0.05,0,0,260,0,11.0,0.0
FD002,K1,LBnear,0.05,0,1,260,1,10.0,0.0038461538461538464
FD002,K1,LBnear,0.05,0,2,260,2,10.0,0.007692307692307693
FD002,K1,LBnear,0.05,5,0,260,2,16.0,0.007692307692307693
FD002,K1,LBnear,0.05,5,1,260,2,15.5,0.007692307692307693
FD002,K1,LBnear,0.05,5,2,260,0,15.0,0.0
FD002,K1,LBnear,0.05,10,0,260,2,21.0,0.007692307692307693
FD002,K1,LBnear,0.05,10,1,260,2,21.0,0.007692307692307693
FD002,K1,LBnear,0.05,10,2,260,2,20.0,0.007692307692307693
FD002,K1,LBnear,0.05,15,0,260,3,25.0,0.011538461538461539
FD002,K1,LBnear,0.05,15,1,260,3,25.0,0.011538461538461539
FD002,K1,LBnear,0.05,15,2,260,4,24.5,0.015384615384615385
FD002,K1,LBnear,0.1,0,0,260,3,8.0,0.011538461538461539
FD002,K1,LBnear,0.1,0,1,260,6,8.0,0.023076923076923078
FD002,K1,LBnear,0.1,0,2,260,6,7.0,0.023076923076923078
FD002,K1,LBnear,0.1,5,0,260,5,13.0,0.019230769230769232
FD002,K1,LBnear,0.1,5,1,260,4,13.0,0.015384615384615385
FD002,K1,LBnear,0.1,5,2,260,6,12.0,0.023076923076923078
FD002,K1,LBnear,0.1,10,0,260,4,18.0,0.015384615384615385
FD002,K1,LBnear,0.1,10,1,260,6,18.0,0.023076923076923078
FD002,K1,LBnear,0.1,10,2,260,5,18.0,0.019230769230769232
FD002,K1,LBnear,0.1,15,0,260,11,23.0,0.04230769230769231
FD002,K1,LBnear,0.1,15,1,260,11,23.0,0.04230769230769231
FD002,K1,LBnear,0.1,15,2,260,9,22.0,0.03461538461538462
FD002,K1,LBnear,0.2,0,0,260,23,5.0,0.08846153846153847
FD002,K1,LBnear,0.2,0,1,260,27,5.0,0.10384615384615385
FD002,K1,LBnear,0.2,0,2,260,24,5.0,0.09230769230769231
FD002,K1,LBnear,0.2,5,0,260,17,10.0,0.06538461538461539
FD002,K1,LBnear,0.2,5,1,260,14,10.0,0.05384615384615385
FD002,K1,LBnear,0.2,5,2,260,21,10.0,0.08076923076923077
FD002,K1,LBnear,0.2,10,0,260,19,15.0,0.07307692307692308
FD002,K1,LBnear,0.2,10,1,260,26,15.0,0.1
FD002,K1,LBnear,0.2,10,2,260,24,15.0,0.09230769230769231
FD002,K1,LBnear,0.2,15,0,260,28,20.0,0.1076923076923077
FD002,K1,LBnear,0.2,15,1,260,38,20.0,0.14615384615384616
FD002,K1,LBnear,0.2,15,2,260,39,20.0,0.15
FD002,K2C,LBall,0.05,0,0,260,18,6.0,0.06923076923076923
FD002,K2C,LBall,0.05,0,1,260,20,6.0,0.07692307692307693
FD002,K2C,LBall,0.05,0,2,260,18,5.0,0.06923076923076923
FD002,K2C,LBall,0.05,5,0,260,15,11.0,0.057692307692307696
FD002,K2C,LBall,0.05,5,1,260,9,11.0,0.03461538461538462
FD002,K2C,LBall,0.05,5,2,260,17,10.0,0.06538461538461539
FD002,K2C,LBall,0.05,10,0,260,15,16.0,0.057692307692307696
FD002,K2C,LBall,0.05,10,1,260,17,16.0,0.06538461538461539
FD002,K2C,LBall,0.05,10,2,260,21,16.0,0.08076923076923077
FD002,K2C,LBall,0.05,15,0,260,25,20.0,0.09615384615384616
FD002,K2C,LBall,0.05,15,1,260,34,21.0,0.13076923076923078
FD002,K2C,LBall,0.05,15,2,260,33,20.0,0.12692307692307692
FD002,K2C,LBall,0.1,0,0,260,65,3.0,0.25
FD002,K2C,LBall,0.1,0,1,260,75,3.0,0.28846153846153844
FD002,K2C,LBall,0.1,0,2,260,87,3.0,0.3346153846153846
FD002,K2C,LBall,0.1,5,0,260,67,8.0,0.25769230769230766
FD002,K2C,LBall,0.1,5,1,260,56,8.0,0.2153846153846154
FD002,K2C,LBall,0.1,5,2,260,73,7.0,0.28076923076923077
FD002,K2C,LBall,0.1,10,0,260,66,13.0,0.25384615384615383
FD002,K2C,LBall,0.1,10,1,260,72,12.5,0.27692307692307694
FD002,K2C,LBall,0.1,10,2,260,73,12.0,0.28076923076923077
FD002,K2C,LBall,0.1,15,0,260,75,18.0,0.28846153846153844
FD002,K2C,LBall,0.1,15,1,260,74,18.0,0.2846153846153846
FD002,K2C,LBall,0.1,15,2,260,84,17.0,0.3230769230769231
FD002,K2C,LBall,0.2,0,0,260,228,1.5,0.8769230769230769
FD002,K2C,LBall,0.2,0,1,260,238,2.0,0.9153846153846154
FD002,K2C,LBall,0.2,0,2,260,236,2.0,0.9076923076923077
FD002,K2C,LBall,0.2,5,0,260,182,5.0,0.7
FD002,K2C,LBall,0.2,5,1,260,185,4.0,0.7115384615384616
FD002,K2C,LBall,0.2,5,2,260,182,4.0,0.7
FD002,K2C,LBall,0.2,10,0,260,164,9.0,0.6307692307692307
FD002,K2C,LBall,0.2,10,1,260,165,9.0,0.6346153846153846
FD002,K2C,LBall,0.2,10,2,260,167,9.0,0.6423076923076924
FD002,K2C,LBall,0.2,15,0,260,156,14.0,0.6
FD002,K2C,LBall,0.2,15,1,260,163,14.0,0.6269230769230769
FD002,K2C,LBall,0.2,15,2,260,157,14.5,0.6038461538461538
FD002,K2C,LBnear,0.05,0,0,260,0,11.0,0.0
FD002,K2C,LBnear,0.05,0,1,260,1,10.0,0.0038461538461538464
FD002,K2C,LBnear,0.05,0,2,260,2,10.0,0.007692307692307693
FD002,K2C,LBnear,0.05,5,0,260,1,16.0,0.0038461538461538464
FD002,K2C,LBnear,0.05,5,1,260,1,16.0,0.0038461538461538464
FD002,K2C,LBnear,0.05,5,2,260,0,15.0,0.0
FD002,K2C,LBnear,0.05,10,0,260,2,20.0,0.007692307692307693
FD002,K2C,LBnear,0.05,10,1,260,3,21.0,0.011538461538461539
FD002,K2C,LBnear,0.05,10,2,260,2,20.0,0.007692307692307693
FD002,K2C,LBnear,0.05,15,0,260,7,25.0,0.026923076923076925
FD002,K2C,LBnear,0.05,15,1,260,5,25.0,0.019230769230769232
FD002,K2C,LBnear,0.05,15,2,260,5,24.0,0.019230769230769232
FD002,K2C,LBnear,0.1,0,0,260,4,8.0,0.015384615384615385
FD002,K2C,LBnear,0.1,0,1,260,5,8.0,0.019230769230769232
FD002,K2C,LBnear,0.1,0,2,260,6,7.0,0.023076923076923078
FD002,K2C,LBnear,0.1,5,0,260,4,13.0,0.015384615384615385
FD002,K2C,LBnear,0.1,5,1,260,5,13.0,0.019230769230769232
FD002,K2C,LBnear,0.1,5,2,260,7,12.0,0.026923076923076925
FD002,K2C,LBnear,0.1,10,0,260,4,18.0,0.015384615384615385
FD002,K2C,LBnear,0.1,10,1,260,4,18.0,0.015384615384615385
FD002,K2C,LBnear,0.1,10,2,260,8,17.0,0.03076923076923077
FD002,K2C,LBnear,0.1,15,0,260,14,22.0,0.05384615384615385
FD002,K2C,LBnear,0.1,15,1,260,13,22.0,0.05
FD002,K2C,LBnear,0.1,15,2,260,11,22.0,0.04230769230769231
FD002,K2C,LBnear,0.2,0,0,260,22,5.0,0.08461538461538462
FD002,K2C,LBnear,0.2,0,1,260,26,5.0,0.1
FD002,K2C,LBnear,0.2,0,2,260,24,5.0,0.09230769230769231
FD002,K2C,LBnear,0.2,5,0,260,19,10.0,0.07307692307692308
FD002,K2C,LBnear,0.2,5,1,260,17,10.0,0.06538461538461539
FD002,K2C,LBnear,0.2,5,2,260,20,10.0,0.07692307692307693
FD002,K2C,LBnear,0.2,10,0,260,24,15.0,0.09230769230769231
FD002,K2C,LBnear,0.2,10,1,260,27,15.0,0.10384615384615385
FD002,K2C,LBnear,0.2,10,2,260,30,15.0,0.11538461538461539
FD002,K2C,LBnear,0.2,15,0,260,31,20.0,0.11923076923076924
FD002,K2C,LBnear,0.2,15,1,260,39,20.0,0.15
FD002,K2C,LBnear,0.2,15,2,260,42,20.0,0.16153846153846155
FD002,ORIG,LBall,0.05,0,0,260,24,5.0,0.09230769230769231
FD002,ORIG,LBall,0.05,0,1,260,28,5.0,0.1076923076923077
FD002,ORIG,LBall,0.05,0,2,260,31,5.0,0.11923076923076924
FD002,ORIG,LBall,0.05,5,0,260,23,10.0,0.08846153846153847
FD002,ORIG,LBall,0.05,5,1,260,22,10.0,0.08461538461538462
FD002,ORIG,LBall,0.05,5,2,260,23,9.0,0.08846153846153847
FD002,ORIG,LBall,0.05,10,0,260,26,15.0,0.1
FD002,ORIG,LBall,0.05,10,1,260,31,15.0,0.11923076923076924
FD002,ORIG,LBall,0.05,10,2,260,33,14.0,0.12692307692307692
FD002,ORIG,LBall,0.05,15,0,260,34,20.0,0.13076923076923078
FD002,ORIG,LBall,0.05,15,1,260,39,20.0,0.15
FD002,ORIG,LBall,0.05,15,2,260,48,19.0,0.18461538461538463
FD002,ORIG,LBall,0.1,0,0,260,119,3.0,0.4576923076923077
FD002,ORIG,LBall,0.1,0,1,260,112,3.0,0.4307692307692308
FD002,ORIG,LBall,0.1,0,2,260,137,2.0,0.5269230769230769
FD002,ORIG,LBall,0.1,5,0,260,92,7.0,0.35384615384615387
FD002,ORIG,LBall,0.1,5,1,260,95,7.0,0.36538461538461536
FD002,ORIG,LBall,0.1,5,2,260,112,6.0,0.4307692307692308
FD002,ORIG,LBall,0.1,10,0,260,92,12.0,0.35384615384615387
FD002,ORIG,LBall,0.1,10,1,260,102,12.0,0.3923076923076923
FD002,ORIG,LBall,0.1,10,2,260,103,11.0,0.39615384615384613
FD002,ORIG,LBall,0.1,15,0,260,95,17.0,0.36538461538461536
FD002,ORIG,LBall,0.1,15,1,260,102,16.0,0.3923076923076923
FD002,ORIG,LBall,0.1,15,2,260,101,17.0,0.38846153846153847
FD002,ORIG,LBall,0.2,0,0,260,250,1.0,0.9615384615384616
FD002,ORIG,LBall,0.2,0,1,260,249,1.0,0.9576923076923077
FD002,ORIG,LBall,0.2,0,2,260,251,2.0,0.9653846153846154
FD002,ORIG,LBall,0.2,5,0,260,205,4.0,0.7884615384615384
FD002,ORIG,LBall,0.2,5,1,260,215,4.0,0.8269230769230769
FD002,ORIG,LBall,0.2,5,2,260,202,4.0,0.7769230769230769
FD002,ORIG,LBall,0.2,10,0,260,182,8.0,0.7
FD002,ORIG,LBall,0.2,10,1,260,187,8.0,0.7192307692307692
FD002,ORIG,LBall,0.2,10,2,260,187,8.0,0.7192307692307692
FD002,ORIG,LBall,0.2,15,0,260,183,14.0,0.7038461538461539
FD002,ORIG,LBall,0.2,15,1,260,190,13.0,0.7307692307692307
FD002,ORIG,LBall,0.2,15,2,260,181,13.0,0.6961538461538461
FD002,ORIG,LBnear,0.05,0,0,260,0,10.0,0.0
FD002,ORIG,LBnear,0.05,0,1,260,2,9.0,0.007692307692307693
FD002,ORIG,LBnear,0.05,0,2,260,4,9.0,0.015384615384615385
FD002,ORIG,LBnear,0.05,5,0,260,2,15.0,0.007692307692307693
FD002,ORIG,LBnear,0.05,5,1,260,3,14.0,0.011538461538461539
FD002,ORIG,LBnear,0.05,5,2,260,1,14.0,0.0038461538461538464
FD002,ORIG,LBnear,0.05,10,0,260,3,20.0,0.011538461538461539
FD002,ORIG,LBnear,0.05,10,1,260,3,20.0,0.011538461538461539
FD002,ORIG,LBnear,0.05,10,2,260,2,19.0,0.007692307692307693
FD002,ORIG,LBnear,0.05,15,0,260,8,24.0,0.03076923076923077
FD002,ORIG,LBnear,0.05,15,1,260,6,24.0,0.023076923076923078
FD002,ORIG,LBnear,0.05,15,2,260,7,23.0,0.026923076923076925
FD002,ORIG,LBnear,0.1,0,0,260,6,7.0,0.023076923076923078
FD002,ORIG,LBnear,0.1,0,1,260,9,7.0,0.03461538461538462
FD002,ORIG,LBnear,0.1,0,2,260,9,6.0,0.03461538461538462
FD002,ORIG,LBnear,0.1,5,0,260,7,12.0,0.026923076923076925
FD002,ORIG,LBnear,0.1,5,1,260,6,12.0,0.023076923076923078
FD002,ORIG,LBnear,0.1,5,2,260,9,11.0,0.03461538461538462
FD002,ORIG,LBnear,0.1,10,0,260,8,17.0,0.03076923076923077
FD002,ORIG,LBnear,0.1,10,1,260,9,17.0,0.03461538461538462
FD002,ORIG,LBnear,0.1,10,2,260,14,16.0,0.05384615384615385
FD002,ORIG,LBnear,0.1,15,0,260,17,22.0,0.06538461538461539
FD002,ORIG,LBnear,0.1,15,1,260,22,22.0,0.08461538461538462
FD002,ORIG,LBnear,0.1,15,2,260,19,21.0,0.07307692307692308
FD002,ORIG,LBnear,0.2,0,0,260,38,4.0,0.14615384615384616
FD002,ORIG,LBnear,0.2,0,1,260,41,4.0,0.1576923076923077
FD002,ORIG,LBnear,0.2,0,2,260,40,4.0,0.15384615384615385
FD002,ORIG,LBnear,0.2,5,0,260,29,9.0,0.11153846153846154
FD002,ORIG,LBnear,0.2,5,1,260,34,9.0,0.13076923076923078
FD002,ORIG,LBnear,0.2,5,2,260,34,9.0,0.13076923076923078
FD002,ORIG,LBnear,0.2,10,0,260,37,14.0,0.1423076923076923
FD002,ORIG,LBnear,0.2,10,1,260,40,14.0,0.15384615384615385
FD002,ORIG,LBnear,0.2,10,2,260,40,14.0,0.15384615384615385
FD002,ORIG,LBnear,0.2,15,0,260,48,19.0,0.18461538461538463
FD002,ORIG,LBnear,0.2,15,1,260,49,19.0,0.18846153846153846
FD002,ORIG,LBnear,0.2,15,2,260,57,19.0,0.21923076923076923
FD003,K1,LBall,0.05,0,0,100,13,6.0,0.13
FD003,K1,LBall,0.05,0,1,100,12,6.0,0.12
FD003,K1,LBall,0.05,0,2,100,15,5.0,0.15
FD003,K1,LBall,0.05,5,0,100,12,11.0,0.12
FD003,K1,LBall,0.05,5,1,100,14,11.0,0.14
FD003,K1,LBall,0.05,5,2,100,12,10.0,0.12
FD003,K1,LBall,0.05,10,0,100,11,16.0,0.11
FD003,K1,LBall,0.05,10,1,100,11,15.0,0.11
FD003,K1,LBall,0.05,10,2,100,15,15.0,0.15
FD003,K1,LBall,0.05,15,0,100,12,20.0,0.12
FD003,K1,LBall,0.05,15,1,100,14,20.0,0.14
FD003,K1,LBall,0.05,15,2,100,12,20.0,0.12
FD003,K1,LBall,0.1,0,0,100,54,3.0,0.54
FD003,K1,LBall,0.1,0,1,100,49,3.0,0.49
FD003,K1,LBall,0.1,0,2,100,58,3.0,0.58
FD003,K1,LBall,0.1,5,0,100,35,7.0,0.35
FD003,K1,LBall,0.1,5,1,100,31,7.0,0.31
FD003,K1,LBall,0.1,5,2,100,41,7.0,0.41
FD003,K1,LBall,0.1,10,0,100,30,12.0,0.3
FD003,K1,LBall,0.1,10,1,100,36,12.0,0.36
FD003,K1,LBall,0.1,10,2,100,35,12.0,0.35
FD003,K1,LBall,0.1,15,0,100,32,17.0,0.32
FD003,K1,LBall,0.1,15,1,100,34,16.0,0.34
FD003,K1,LBall,0.1,15,2,100,39,17.0,0.39
FD003,K1,LBall,0.2,0,0,100,90,1.5,0.9
FD003,K1,LBall,0.2,0,1,100,93,1.0,0.93
FD003,K1,LBall,0.2,0,2,100,98,2.5,0.98
FD003,K1,LBall,0.2,5,0,100,74,4.0,0.74
FD003,K1,LBall,0.2,5,1,100,72,5.0,0.72
FD003,K1,LBall,0.2,5,2,100,74,4.0,0.74
FD003,K1,LBall,0.2,10,0,100,65,10.0,0.65
FD003,K1,LBall,0.2,10,1,100,67,9.0,0.67
FD003,K1,LBall,0.2,10,2,100,66,10.0,0.66
FD003,K1,LBall,0.2,15,0,100,64,14.0,0.64
FD003,K1,LBall,0.2,15,1,100,65,14.0,0.65
FD003,K1,LBall,0.2,15,2,100,61,14.0,0.61
FD003,K1,LBnear,0.05,0,0,100,2,12.0,0.02
FD003,K1,LBnear,0.05,0,1,100,3,11.0,0.03
FD003,K1,LBnear,0.05,0,2,100,4,11.0,0.04
FD003,K1,LBnear,0.05,5,0,100,2,17.0,0.02
FD003,K1,LBnear,0.05,5,1,100,3,16.0,0.03
FD003,K1,LBnear,0.05,5,2,100,2,15.0,0.02
FD003,K1,LBnear,0.05,10,0,100,2,21.0,0.02
FD003,K1,LBnear,0.05,10,1,100,2,21.0,0.02
FD003,K1,LBnear,0.05,10,2,100,2,20.0,0.02
FD003,K1,LBnear,0.05,15,0,100,3,26.0,0.03
FD003,K1,LBnear,0.05,15,1,100,2,26.0,0.02
FD003,K1,LBnear,0.05,15,2,100,2,26.0,0.02
FD003,K1,LBnear,0.1,0,0,100,4,9.0,0.04
FD003,K1,LBnear,0.1,0,1,100,4,9.0,0.04
FD003,K1,LBnear,0.1,0,2,100,6,8.0,0.06
FD003,K1,LBnear,0.1,5,0,100,6,14.0,0.06
FD003,K1,LBnear,0.1,5,1,100,4,14.0,0.04
FD003,K1,LBnear,0.1,5,2,100,6,13.0,0.06
FD003,K1,LBnear,0.1,10,0,100,6,19.0,0.06
FD003,K1,LBnear,0.1,10,1,100,4,18.0,0.04
FD003,K1,LBnear,0.1,10,2,100,5,18.0,0.05
FD003,K1,LBnear,0.1,15,0,100,4,23.0,0.04
FD003,K1,LBnear,0.1,15,1,100,6,23.0,0.06
FD003,K1,LBnear,0.1,15,2,100,4,23.0,0.04
FD003,K1,LBnear,0.2,0,0,100,13,6.0,0.13
FD003,K1,LBnear,0.2,0,1,100,11,6.0,0.11
FD003,K1,LBnear,0.2,0,2,100,14,5.0,0.14
FD003,K1,LBnear,0.2,5,0,100,12,11.0,0.12
FD003,K1,LBnear,0.2,5,1,100,14,11.0,0.14
FD003,K1,LBnear,0.2,5,2,100,11,10.0,0.11
FD003,K1,LBnear,0.2,10,0,100,12,16.0,0.12
FD003,K1,LBnear,0.2,10,1,100,10,15.0,0.1
FD003,K1,LBnear,0.2,10,2,100,14,15.0,0.14
FD003,K1,LBnear,0.2,15,0,100,11,20.0,0.11
FD003,K1,LBnear,0.2,15,1,100,14,20.0,0.14
FD003,K1,LBnear,0.2,15,2,100,11,20.0,0.11
FD003,K2C,LBall,0.05,0,0,100,12,6.0,0.12
FD003,K2C,LBall,0.05,0,1,100,13,6.0,0.13
FD003,K2C,LBall,0.05,0,2,100,12,5.0,0.12
FD003,K2C,LBall,0.05,5,0,100,13,11.0,0.13
FD003,K2C,LBall,0.05,5,1,100,13,11.0,0.13
FD003,K2C,LBall,0.05,5,2,100,11,10.0,0.11
FD003,K2C,LBall,0.05,10,0,100,11,16.0,0.11
FD003,K2C,LBall,0.05,10,1,100,11,15.0,0.11
FD003,K2C,LBall,0.05,10,2,100,16,14.5,0.16
FD003,K2C,LBall,0.05,15,0,100,13,20.0,0.13
FD003,K2C,LBall,0.05,15,1,100,17,20.0,0.17
FD003,K2C,LBall,0.05,15,2,100,15,20.0,0.15
FD003,K2C,LBall,0.1,0,0,100,46,3.0,0.46
FD003,K2C,LBall,0.1,0,1,100,44,3.0,0.44
FD003,K2C,LBall,0.1,0,2,100,51,3.0,0.51
FD003,K2C,LBall,0.1,5,0,100,30,7.0,0.3
FD003,K2C,LBall,0.1,5,1,100,31,7.0,0.31
FD003,K2C,LBall,0.1,5,2,100,39,7.0,0.39
FD003,K2C,LBall,0.1,10,0,100,32,12.0,0.32
FD003,K2C,LBall,0.1,10,1,100,35,12.0,0.35
FD003,K2C,LBall,0.1,10,2,100,40,12.0,0.4
FD003,K2C,LBall,0.1,15,0,100,36,17.0,0.36
FD003,K2C,LBall,0.1,15,1,100,40,16.0,0.4
FD003,K2C,LBall,0.1,15,2,100,42,17.0,0.42
FD003,K2C,LBall,0.2,0,0,100,86,2.0,0.86
FD003,K2C,LBall,0.2,0,1,100,87,1.0,0.87
FD003,K2C,LBall,0.2,0,2,100,92,1.0,0.92
FD003,K2C,LBall,0.2,5,0,100,73,4.0,0.73
FD003,K2C,LBall,0.2,5,1,100,68,5.0,0.68
FD003,K2C,LBall,0.2,5,2,100,68,5.0,0.68
FD003,K2C,LBall,0.2,10,0,100,66,10.0,0.66
FD003,K2C,LBall,0.2,10,1,100,64,9.0,0.64
FD003,K2C,LBall,0.2,10,2,100,66,10.0,0.66
FD003,K2C,LBall,0.2,15,0,100,64,14.0,0.64
FD003,K2C,LBall,0.2,15,1,100,67,14.0,0.67
FD003,K2C,LBall,0.2,15,2,100,63,14.0,0.63
FD003,K2C,LBnear,0.05,0,0,100,2,11.0,0.02
FD003,K2C,LBnear,0.05,0,1,100,3,11.0,0.03
FD003,K2C,LBnear,0.05,0,2,100,4,10.0,0.04
FD003,K2C,LBnear,0.05,5,0,100,2,16.0,0.02
FD003,K2C,LBnear,0.05,5,1,100,3,16.0,0.03
FD003,K2C,LBnear,0.05,5,2,100,4,15.0,0.04
FD003,K2C,LBnear,0.05,10,0,100,3,21.0,0.03
FD003,K2C,LBnear,0.05,10,1,100,1,20.0,0.01
FD003,K2C,LBnear,0.05,10,2,100,2,20.5,0.02
FD003,K2C,LBnear,0.05,15,0,100,3,26.0,0.03
FD003,K2C,LBnear,0.05,15,1,100,3,25.0,0.03
FD003,K2C,LBnear,0.05,15,2,100,3,25.0,0.03
FD003,K2C,LBnear,0.1,0,0,100,4,9.0,0.04
FD003,K2C,LBnear,0.1,0,1,100,4,9.0,0.04
FD003,K2C,LBnear,0.1,0,2,100,6,8.0,0.06
FD003,K2C,LBnear,0.1,5,0,100,6,13.0,0.06
FD003,K2C,LBnear,0.1,5,1,100,4,13.0,0.04
FD003,K2C,LBnear,0.1,5,2,100,7,13.0,0.07
FD003,K2C,LBnear,0.1,10,0,100,5,18.0,0.05
FD003,K2C,LBnear,0.1,10,1,100,5,18.0,0.05
FD003,K2C,LBnear,0.1,10,2,100,6,18.0,0.06
FD003,K2C,LBnear,0.1,15,0,100,4,23.0,0.04
FD003,K2C,LBnear,0.1,15,1,100,4,23.5,0.04
FD003,K2C,LBnear,0.1,15,2,100,4,23.0,0.04
FD003,K2C,LBnear,0.2,0,0,100,12,6.0,0.12
FD003,K2C,LBnear,0.2,0,1,100,13,6.0,0.13
FD003,K2C,LBnear,0.2,0,2,100,10,5.0,0.1
FD003,K2C,LBnear,0.2,5,0,100,14,10.5,0.14
FD003,K2C,LBnear,0.2,5,1,100,13,11.0,0.13
FD003,K2C,LBnear,0.2,5,2,100,11,10.0,0.11
FD003,K2C,LBnear,0.2,10,0,100,11,16.0,0.11
FD003,K2C,LBnear,0.2,10,1,100,11,15.0,0.11
FD003,K2C,LBnear,0.2,10,2,100,16,15.0,0.16
FD003,K2C,LBnear,0.2,15,0,100,13,20.0,0.13
FD003,K2C,LBnear,0.2,15,1,100,17,20.0,0.17
FD003,K2C,LBnear,0.2,15,2,100,14,20.0,0.14
FD003,ORIG,LBall,0.05,0,0,100,18,5.0,0.18
FD003,ORIG,LBall,0.05,0,1,100,17,5.0,0.17
FD003,ORIG,LBall,0.05,0,2,100,21,4.0,0.21
FD003,ORIG,LBall,0.05,5,0,100,16,10.0,0.16
FD003,ORIG,LBall,0.05,5,1,100,17,10.0,0.17
FD003,ORIG,LBall,0.05,5,2,100,15,9.0,0.15
FD003,ORIG,LBall,0.05,10,0,100,18,15.0,0.18
FD003,ORIG,LBall,0.05,10,1,100,17,14.0,0.17
FD003,ORIG,LBall,0.05,10,2,100,20,14.0,0.2
FD003,ORIG,LBall,0.05,15,0,100,16,19.0,0.16
FD003,ORIG,LBall,0.05,15,1,100,21,19.0,0.21
FD003,ORIG,LBall,0.05,15,2,100,19,19.0,0.19
FD003,ORIG,LBall,0.1,0,0,100,66,2.0,0.66
FD003,ORIG,LBall,0.1,0,1,100,58,2.5,0.58
FD003,ORIG,LBall,0.1,0,2,100,69,2.0,0.69
FD003,ORIG,LBall,0.1,5,0,100,45,6.0,0.45
FD003,ORIG,LBall,0.1,5,1,100,41,7.0,0.41
FD003,ORIG,LBall,0.1,5,2,100,51,6.0,0.51
FD003,ORIG,LBall,0.1,10,0,100,44,11.0,0.44
FD003,ORIG,LBall,0.1,10,1,100,49,11.0,0.49
FD003,ORIG,LBall,0.1,10,2,100,51,10.5,0.51
FD003,ORIG,LBall,0.1,15,0,100,44,16.0,0.44
FD003,ORIG,LBall,0.1,15,1,100,53,15.0,0.53
FD003,ORIG,LBall,0.1,15,2,100,46,16.0,0.46
FD003,ORIG,LBall,0.2,0,0,100,96,1.0,0.96
FD003,ORIG,LBall,0.2,0,1,100,99,4.0,0.99
FD003,ORIG,LBall,0.2,0,2,100,98,1.5,0.98
FD003,ORIG,LBall,0.2,5,0,100,81,4.0,0.81
FD003,ORIG,LBall,0.2,5,1,100,86,4.0,0.86
FD003,ORIG,LBall,0.2,5,2,100,81,3.0,0.81
FD003,ORIG,LBall,0.2,10,0,100,81,9.0,0.81
FD003,ORIG,LBall,0.2,10,1,100,77,8.0,0.77
FD003,ORIG,LBall,0.2,10,2,100,75,9.0,0.75
FD003,ORIG,LBall,0.2,15,0,100,71,13.0,0.71
FD003,ORIG,LBall,0.2,15,1,100,75,13.0,0.75
FD003,ORIG,LBall,0.2,15,2,100,73,13.0,0.73
FD003,ORIG,LBnear,0.05,0,0,100,2,11.0,0.02
FD003,ORIG,LBnear,0.05,0,1,100,3,10.0,0.03
FD003,ORIG,LBnear,0.05,0,2,100,4,9.5,0.04
FD003,ORIG,LBnear,0.05,5,0,100,4,15.0,0.04
FD003,ORIG,LBnear,0.05,5,1,100,3,15.0,0.03
FD003,ORIG,LBnear,0.05,5,2,100,7,14.0,0.07
FD003,ORIG,LBnear,0.05,10,0,100,3,20.0,0.03
FD003,ORIG,LBnear,0.05,10,1,100,3,20.0,0.03
FD003,ORIG,LBnear,0.05,10,2,100,3,19.0,0.03
FD003,ORIG,LBnear,0.05,15,0,100,4,25.0,0.04
FD003,ORIG,LBnear,0.05,15,1,100,4,24.5,0.04
FD003,ORIG,LBnear,0.05,15,2,100,3,25.0,0.03
FD003,ORIG,LBnear,0.1,0,0,100,6,8.0,0.06
FD003,ORIG,LBnear,0.1,0,1,100,5,8.0,0.05
FD003,ORIG,LBnear,0.1,0,2,100,7,7.0,0.07
FD003,ORIG,LBnear,0.1,5,0,100,8,13.0,0.08
FD003,ORIG,LBnear,0.1,5,1,100,6,13.0,0.06
FD003,ORIG,LBnear,0.1,5,2,100,7,12.0,0.07
FD003,ORIG,LBnear,0.1,10,0,100,7,18.0,0.07
FD003,ORIG,LBnear,0.1,10,1,100,5,17.0,0.05
FD003,ORIG,LBnear,0.1,10,2,100,7,17.0,0.07
FD003,ORIG,LBnear,0.1,15,0,100,6,22.0,0.06
FD003,ORIG,LBnear,0.1,15,1,100,7,22.0,0.07
FD003,ORIG,LBnear,0.1,15,2,100,6,22.0,0.06
FD003,ORIG,LBnear,0.2,0,0,100,17,5.0,0.17
FD003,ORIG,LBnear,0.2,0,1,100,16,5.0,0.16
FD003,ORIG,LBnear,0.2,0,2,100,18,4.0,0.18
FD003,ORIG,LBnear,0.2,5,0,100,16,10.0,0.16
FD003,ORIG,LBnear,0.2,5,1,100,16,10.0,0.16
FD003,ORIG,LBnear,0.2,5,2,100,15,9.0,0.15
FD003,ORIG,LBnear,0.2,10,0,100,18,15.0,0.18
FD003,ORIG,LBnear,0.2,10,1,100,16,14.0,0.16
FD003,ORIG,LBnear,0.2,10,2,100,19,14.0,0.19
FD003,ORIG,LBnear,0.2,15,0,100,17,19.0,0.17
FD003,ORIG,LBnear,0.2,15,1,100,20,19.0,0.2
FD003,ORIG,LBnear,0.2,15,2,100,17,19.0,0.17
FD004,K1,LBall,0.05,0,0,249,50,5.0,0.20080321285140562
FD004,K1,LBall,0.05,0,1,249,31,5.0,0.12449799196787148
FD004,K1,LBall,0.05,0,2,249,28,6.0,0.11244979919678715
FD004,K1,LBall,0.05,5,0,249,40,10.0,0.1606425702811245
FD004,K1,LBall,0.05,5,1,249,33,10.0,0.13253012048192772
FD004,K1,LBall,0.05,5,2,249,25,11.0,0.10040160642570281
FD004,K1,LBall,0.05,10,0,249,44,15.0,0.17670682730923695
FD004,K1,LBall,0.05,10,1,249,37,15.0,0.14859437751004015
FD004,K1,LBall,0.05,10,2,249,33,16.0,0.13253012048192772
FD004,K1,LBall,0.05,15,0,249,45,19.0,0.18072289156626506
FD004,K1,LBall,0.05,15,1,249,37,20.0,0.14859437751004015
FD004,K1,LBall,0.05,15,2,249,40,20.0,0.1606425702811245
FD004,K1,LBall,0.1,0,0,249,149,2.0,0.5983935742971888
FD004,K1,LBall,0.1,0,1,249,124,3.0,0.4979919678714859
FD004,K1,LBall,0.1,0,2,249,124,3.0,0.4979919678714859
FD004,K1,LBall,0.1,5,0,249,112,6.0,0.4497991967871486
FD004,K1,LBall,0.1,5,1,249,94,7.0,0.37751004016064255
FD004,K1,LBall,0.1,5,2,249,84,7.0,0.3373493975903614
FD004,K1,LBall,0.1,10,0,249,112,11.0,0.4497991967871486
FD004,K1,LBall,0.1,10,1,249,93,12.0,0.37349397590361444
FD004,K1,LBall,0.1,10,2,249,83,13.0,0.3333333333333333
FD004,K1,LBall,0.1,15,0,249,108,16.0,0.43373493975903615
FD004,K1,LBall,0.1,15,1,249,93,17.0,0.37349397590361444
FD004,K1,LBall,0.1,15,2,249,90,17.0,0.3614457831325301
FD004,K1,LBall,0.2,0,0,249,233,1.5,0.9357429718875502
FD004,K1,LBall,0.2,0,1,249,241,1.0,0.9678714859437751
FD004,K1,LBall,0.2,0,2,249,238,3.0,0.9558232931726908
FD004,K1,LBall,0.2,5,0,249,179,5.0,0.7188755020080321
FD004,K1,LBall,0.2,5,1,249,189,4.0,0.7590361445783133
FD004,K1,LBall,0.2,5,2,249,180,4.0,0.7228915662650602
FD004,K1,LBall,0.2,10,0,249,159,9.0,0.6385542168674698
FD004,K1,LBall,0.2,10,1,249,169,9.0,0.678714859437751
FD004,K1,LBall,0.2,10,2,249,152,10.0,0.6104417670682731
FD004,K1,LBall,0.2,15,0,249,159,14.0,0.6385542168674698
FD004,K1,LBall,0.2,15,1,249,159,14.0,0.6385542168674698
FD004,K1,LBall,0.2,15,2,249,146,15.0,0.5863453815261044
FD004,K1,LBnear,0.05,0,0,249,4,10.0,0.01606425702811245
FD004,K1,LBnear,0.05,0,1,249,4,11.0,0.01606425702811245
FD004,K1,LBnear,0.05,0,2,249,5,12.0,0.020080321285140562
FD004,K1,LBnear,0.05,5,0,249,5,15.0,0.020080321285140562
FD004,K1,LBnear,0.05,5,1,249,5,16.0,0.020080321285140562
FD004,K1,LBnear,0.05,5,2,249,4,16.5,0.01606425702811245
FD004,K1,LBnear,0.05,10,0,249,7,20.0,0.028112449799196786
FD004,K1,LBnear,0.05,10,1,249,6,21.0,0.024096385542168676
FD004,K1,LBnear,0.05,10,2,249,5,21.0,0.020080321285140562
FD004,K1,LBnear,0.05,15,0,249,11,25.0,0.04417670682730924
FD004,K1,LBnear,0.05,15,1,249,8,25.0,0.0321285140562249
FD004,K1,LBnear,0.05,15,2,249,7,26.0,0.028112449799196786
FD004,K1,LBnear,0.1,0,0,249,16,8.0,0.0642570281124498
FD004,K1,LBnear,0.1,0,1,249,9,8.0,0.03614457831325301
FD004,K1,LBnear,0.1,0,2,249,12,9.0,0.04819277108433735
FD004,K1,LBnear,0.1,5,0,249,16,12.0,0.0642570281124498
FD004,K1,LBnear,0.1,5,1,249,7,13.5,0.028112449799196786
FD004,K1,LBnear,0.1,5,2,249,12,14.0,0.04819277108433735
FD004,K1,LBnear,0.1,10,0,249,23,18.0,0.09236947791164658
FD004,K1,LBnear,0.1,10,1,249,11,18.0,0.04417670682730924
FD004,K1,LBnear,0.1,10,2,249,16,18.0,0.0642570281124498
FD004,K1,LBnear,0.1,15,0,249,16,22.0,0.0642570281124498
FD004,K1,LBnear,0.1,15,1,249,16,23.0,0.0642570281124498
FD004,K1,LBnear,0.1,15,2,249,15,23.0,0.060240963855421686
FD004,K1,LBnear,0.2,0,0,249,47,5.0,0.18875502008032127
FD004,K1,LBnear,0.2,0,1,249,30,5.0,0.12048192771084337
FD004,K1,LBnear,0.2,0,2,249,28,6.0,0.11244979919678715
FD004,K1,LBnear,0.2,5,0,249,37,10.0,0.14859437751004015
FD004,K1,LBnear,0.2,5,1,249,30,10.0,0.12048192771084337
FD004,K1,LBnear,0.2,5,2,249,24,11.0,0.0963855421686747
FD004,K1,LBnear,0.2,10,0,249,41,15.0,0.1646586345381526
FD004,K1,LBnear,0.2,10,1,249,37,15.0,0.14859437751004015
FD004,K1,LBnear,0.2,10,2,249,32,16.0,0.1285140562248996
FD004,K1,LBnear,0.2,15,0,249,44,20.0,0.17670682730923695
FD004,K1,LBnear,0.2,15,1,249,37,20.0,0.14859437751004015
FD004,K1,LBnear,0.2,15,2,249,38,20.0,0.15261044176706828
FD004,K2C,LBall,0.05,0,0,249,41,5.0,0.1646586345381526
FD004,K2C,LBall,0.05,0,1,249,29,5.0,0.11646586345381527
FD004,K2C,LBall,0.05,0,2,249,26,6.0,0.10441767068273092
FD004,K2C,LBall,0.05,5,0,249,42,9.5,0.1686746987951807
FD004,K2C,LBall,0.05,5,1,249,33,10.0,0.13253012048192772
FD004,K2C,LBall,0.05,5,2,249,27,11.0,0.10843373493975904
FD004,K2C,LBall,0.05,10,0,249,43,15.0,0.17269076305220885
FD004,K2C,LBall,0.05,10,1,249,40,15.0,0.1606425702811245
FD004,K2C,LBall,0.05,10,2,249,38,15.0,0.15261044176706828
FD004,K2C,LBall,0.05,15,0,249,46,19.0,0.18473895582329317
FD004,K2C,LBall,0.05,15,1,249,39,20.0,0.1566265060240964
FD004,K2C,LBall,0.05,15,2,249,41,20.0,0.1646586345381526
FD004,K2C,LBall,0.1,0,0,249,137,2.0,0.5502008032128514
FD004,K2C,LBall,0.1,0,1,249,105,3.0,0.42168674698795183
FD004,K2C,LBall,0.1,0,2,249,107,3.0,0.42971887550200805
FD004,K2C,LBall,0.1,5,0,249,116,6.0,0.46586345381526106
FD004,K2C,LBall,0.1,5,1,249,99,7.0,0.39759036144578314
FD004,K2C,LBall,0.1,5,2,249,84,7.0,0.3373493975903614
FD004,K2C,LBall,0.1,10,0,249,108,11.0,0.43373493975903615
FD004,K2C,LBall,0.1,10,1,249,96,12.0,0.3855421686746988
FD004,K2C,LBall,0.1,10,2,249,85,13.0,0.3413654618473896
FD004,K2C,LBall,0.1,15,0,249,114,16.0,0.4578313253012048
FD004,K2C,LBall,0.1,15,1,249,95,17.0,0.3815261044176707
FD004,K2C,LBall,0.1,15,2,249,98,17.0,0.39357429718875503
FD004,K2C,LBall,0.2,0,0,249,220,2.0,0.8835341365461847
FD004,K2C,LBall,0.2,0,1,249,233,1.0,0.9357429718875502
FD004,K2C,LBall,0.2,0,2,249,230,3.0,0.9236947791164659
FD004,K2C,LBall,0.2,5,0,249,180,5.0,0.7228915662650602
FD004,K2C,LBall,0.2,5,1,249,188,4.0,0.7550200803212851
FD004,K2C,LBall,0.2,5,2,249,173,4.0,0.6947791164658634
FD004,K2C,LBall,0.2,10,0,249,160,9.0,0.642570281124498
FD004,K2C,LBall,0.2,10,1,249,168,9.0,0.6746987951807228
FD004,K2C,LBall,0.2,10,2,249,155,9.0,0.6224899598393574
FD004,K2C,LBall,0.2,15,0,249,158,14.0,0.6345381526104418
FD004,K2C,LBall,0.2,15,1,249,155,14.0,0.6224899598393574
FD004,K2C,LBall,0.2,15,2,249,151,14.0,0.606425702811245
FD004,K2C,LBnear,0.05,0,0,249,4,10.0,0.01606425702811245
FD004,K2C,LBnear,0.05,0,1,249,4,12.0,0.01606425702811245
FD004,K2C,LBnear,0.05,0,2,249,4,12.0,0.01606425702811245
FD004,K2C,LBnear,0.05,5,0,249,6,15.0,0.024096385542168676
FD004,K2C,LBnear,0.05,5,1,249,6,16.0,0.024096385542168676
FD004,K2C,LBnear,0.05,5,2,249,5,16.0,0.020080321285140562
FD004,K2C,LBnear,0.05,10,0,249,8,20.0,0.0321285140562249
FD004,K2C,LBnear,0.05,10,1,249,7,21.0,0.028112449799196786
FD004,K2C,LBnear,0.05,10,2,249,6,20.0,0.024096385542168676
FD004,K2C,LBnear,0.05,15,0,249,11,25.0,0.04417670682730924
FD004,K2C,LBnear,0.05,15,1,249,8,25.0,0.0321285140562249
FD004,K2C,LBnear,0.05,15,2,249,7,26.0,0.028112449799196786
FD004,K2C,LBnear,0.1,0,0,249,14,8.0,0.05622489959839357
FD004,K2C,LBnear,0.1,0,1,249,7,8.0,0.028112449799196786
FD004,K2C,LBnear,0.1,0,2,249,12,9.0,0.04819277108433735
FD004,K2C,LBnear,0.1,5,0,249,19,13.0,0.07630522088353414
FD004,K2C,LBnear,0.1,5,1,249,11,14.0,0.04417670682730924
FD004,K2C,LBnear,0.1,5,2,249,12,14.0,0.04819277108433735
FD004,K2C,LBnear,0.1,10,0,249,22,18.0,0.08835341365461848
FD004,K2C,LBnear,0.1,10,1,249,13,18.0,0.05220883534136546
FD004,K2C,LBnear,0.1,10,2,249,13,18.0,0.05220883534136546
FD004,K2C,LBnear,0.1,15,0,249,20,22.0,0.08032128514056225
FD004,K2C,LBnear,0.1,15,1,249,16,22.0,0.0642570281124498
FD004,K2C,LBnear,0.1,15,2,249,15,23.0,0.060240963855421686
FD004,K2C,LBnear,0.2,0,0,249,40,5.0,0.1606425702811245
FD004,K2C,LBnear,0.2,0,1,249,28,5.0,0.11244979919678715
FD004,K2C,LBnear,0.2,0,2,249,25,6.0,0.10040160642570281
FD004,K2C,LBnear,0.2,5,0,249,41,10.0,0.1646586345381526
FD004,K2C,LBnear,0.2,5,1,249,32,10.0,0.1285140562248996
FD004,K2C,LBnear,0.2,5,2,249,27,11.0,0.10843373493975904
FD004,K2C,LBnear,0.2,10,0,249,43,15.0,0.17269076305220885
FD004,K2C,LBnear,0.2,10,1,249,40,15.0,0.1606425702811245
FD004,K2C,LBnear,0.2,10,2,249,37,15.5,0.14859437751004015
FD004,K2C,LBnear,0.2,15,0,249,45,19.0,0.18072289156626506
FD004,K2C,LBnear,0.2,15,1,249,39,20.0,0.1566265060240964
FD004,K2C,LBnear,0.2,15,2,249,40,20.0,0.1606425702811245
FD004,ORIG,LBall,0.05,0,0,249,65,4.0,0.26104417670682734
FD004,ORIG,LBall,0.05,0,1,249,47,4.5,0.18875502008032127
FD004,ORIG,LBall,0.05,0,2,249,38,5.0,0.15261044176706828
FD004,ORIG,LBall,0.05,5,0,249,57,9.0,0.2289156626506024
FD004,ORIG,LBall,0.05,5,1,249,46,9.0,0.18473895582329317
FD004,ORIG,LBall,0.05,5,2,249,37,10.0,0.14859437751004015
FD004,ORIG,LBall,0.05,10,0,249,54,14.0,0.21686746987951808
FD004,ORIG,LBall,0.05,10,1,249,49,14.0,0.19678714859437751
FD004,ORIG,LBall,0.05,10,2,249,48,15.0,0.1927710843373494
FD004,ORIG,LBall,0.05,15,0,249,61,18.0,0.24497991967871485
FD004,ORIG,LBall,0.05,15,1,249,57,19.0,0.2289156626506024
FD004,ORIG,LBall,0.05,15,2,249,54,19.0,0.21686746987951808
FD004,ORIG,LBall,0.1,0,0,249,178,2.0,0.714859437751004
FD004,ORIG,LBall,0.1,0,1,249,149,2.0,0.5983935742971888
FD004,ORIG,LBall,0.1,0,2,249,156,2.0,0.6265060240963856
FD004,ORIG,LBall,0.1,5,0,249,143,5.0,0.5742971887550201
FD004,ORIG,LBall,0.1,5,1,249,129,6.0,0.5180722891566265
FD004,ORIG,LBall,0.1,5,2,249,116,6.0,0.46586345381526106
FD004,ORIG,LBall,0.1,10,0,249,136,10.0,0.5461847389558233
FD004,ORIG,LBall,0.1,10,1,249,113,11.0,0.4538152610441767
FD004,ORIG,LBall,0.1,10,2,249,99,12.0,0.39759036144578314
FD004,ORIG,LBall,0.1,15,0,249,132,15.0,0.5301204819277109
FD004,ORIG,LBall,0.1,15,1,249,119,16.0,0.4779116465863454
FD004,ORIG,LBall,0.1,15,2,249,114,16.0,0.4578313253012048
FD004,ORIG,LBall,0.2,0,0,249,242,2.0,0.9718875502008032
FD004,ORIG,LBall,0.2,0,1,249,246,2.0,0.9879518072289156
FD004,ORIG,LBall,0.2,0,2,249,241,3.0,0.9678714859437751
FD004,ORIG,LBall,0.2,5,0,249,199,4.0,0.7991967871485943
FD004,ORIG,LBall,0.2,5,1,249,202,3.0,0.8112449799196787
FD004,ORIG,LBall,0.2,5,2,249,198,4.0,0.7951807228915663
FD004,ORIG,LBall,0.2,10,0,249,177,8.0,0.7108433734939759
FD004,ORIG,LBall,0.2,10,1,249,190,7.5,0.7630522088353414
FD004,ORIG,LBall,0.2,10,2,249,172,9.0,0.6907630522088354
FD004,ORIG,LBall,0.2,15,0,249,184,13.0,0.7389558232931727
FD004,ORIG,LBall,0.2,15,1,249,182,13.0,0.7309236947791165
FD004,ORIG,LBall,0.2,15,2,249,169,14.0,0.678714859437751
FD004,ORIG,LBnear,0.05,0,0,249,7,9.0,0.028112449799196786
FD004,ORIG,LBnear,0.05,0,1,249,5,10.0,0.020080321285140562
FD004,ORIG,LBnear,0.05,0,2,249,8,11.0,0.0321285140562249
FD004,ORIG,LBnear,0.05,5,0,249,9,14.0,0.03614457831325301
FD004,ORIG,LBnear,0.05,5,1,249,6,15.0,0.024096385542168676
FD004,ORIG,LBnear,0.05,5,2,249,5,15.5,0.020080321285140562
FD004,ORIG,LBnear,0.05,10,0,249,11,19.0,0.04417670682730924
FD004,ORIG,LBnear,0.05,10,1,249,7,20.0,0.028112449799196786
FD004,ORIG,LBnear,0.05,10,2,249,8,20.0,0.0321285140562249
FD004,ORIG,LBnear,0.05,15,0,249,13,24.0,0.05220883534136546
FD004,ORIG,LBnear,0.05,15,1,249,9,24.0,0.03614457831325301
FD004,ORIG,LBnear,0.05,15,2,249,7,25.0,0.028112449799196786
FD004,ORIG,LBnear,0.1,0,0,249,20,7.0,0.08032128514056225
FD004,ORIG,LBnear,0.1,0,1,249,11,7.0,0.04417670682730924
FD004,ORIG,LBnear,0.1,0,2,249,14,8.0,0.05622489959839357
FD004,ORIG,LBnear,0.1,5,0,249,24,11.0,0.0963855421686747
FD004,ORIG,LBnear,0.1,5,1,249,12,12.0,0.04819277108433735
FD004,ORIG,LBnear,0.1,5,2,249,14,13.0,0.05622489959839357
FD004,ORIG,LBnear,0.1,10,0,249,29,17.0,0.11646586345381527
FD004,ORIG,LBnear,0.1,10,1,249,17,17.0,0.06827309236947791
FD004,ORIG,LBnear,0.1,10,2,249,18,17.0,0.07228915662650602
FD004,ORIG,LBnear,0.1,15,0,249,23,21.0,0.09236947791164658
FD004,ORIG,LBnear,0.1,15,1,249,24,22.0,0.0963855421686747
FD004,ORIG,LBnear,0.1,15,2,249,24,22.0,0.0963855421686747
FD004,ORIG,LBnear,0.2,0,0,249,61,4.0,0.24497991967871485
FD004,ORIG,LBnear,0.2,0,1,249,46,5.0,0.18473895582329317
FD004,ORIG,LBnear,0.2,0,2,249,39,5.0,0.1566265060240964
FD004,ORIG,LBnear,0.2,5,0,249,56,9.0,0.2248995983935743
FD004,ORIG,LBnear,0.2,5,1,249,44,9.0,0.17670682730923695
FD004,ORIG,LBnear,0.2,5,2,249,36,10.0,0.14457831325301204
FD004,ORIG,LBnear,0.2,10,0,249,54,14.0,0.21686746987951808
FD004,ORIG,LBnear,0.2,10,1,249,49,14.0,0.19678714859437751
FD004,ORIG,LBnear,0.2,10,2,249,48,15.0,0.1927710843373494
FD004,ORIG,LBnear,0.2,15,0,249,61,19.0,0.24497991967871485
FD004,ORIG,LBnear,0.2,15,1,249,57,19.0,0.2289156626506024
FD004,ORIG,LBnear,0.2,15,2,249,53,19.0,0.21285140562248997
NCMAPSS,K1,LBall,0.05,0,0,99,9,13.0,0.09090909090909091
NCMAPSS,K1,LBall,0.05,0,1,99,7,14.0,0.0707070707070707
NCMAPSS,K1,LBall,0.05,0,2,99,6,13.0,0.06060606060606061
NCMAPSS,K1,LBall,0.05,5,0,99,9,17.0,0.09090909090909091
NCMAPSS,K1,LBall,0.05,5,1,99,8,19.5,0.08080808080808081
NCMAPSS,K1,LBall,0.05,5,2,99,6,18.0,0.06060606060606061
NCMAPSS,K1,LBall,0.05,10,0,99,9,24.0,0.09090909090909091
NCMAPSS,K1,LBall,0.05,10,1,99,5,23.0,0.050505050505050504
NCMAPSS,K1,LBall,0.05,10,2,99,10,23.0,0.10101010101010101
NCMAPSS,K1,LBall,0.05,15,0,99,16,30.0,0.16161616161616163
NCMAPSS,K1,LBall,0.05,15,1,99,14,28.0,0.1414141414141414
NCMAPSS,K1,LBall,0.05,15,2,99,13,28.0,0.13131313131313133
NCMAPSS,K1,LBall,0.1,0,0,99,13,11.0,0.13131313131313133
NCMAPSS,K1,LBall,0.1,0,1,99,12,11.0,0.12121212121212122
NCMAPSS,K1,LBall,0.1,0,2,99,11,11.0,0.1111111111111111
NCMAPSS,K1,LBall,0.1,5,0,99,14,14.5,0.1414141414141414
NCMAPSS,K1,LBall,0.1,5,1,99,12,15.0,0.12121212121212122
NCMAPSS,K1,LBall,0.1,5,2,99,16,15.0,0.16161616161616163
NCMAPSS,K1,LBall,0.1,10,0,99,17,18.5,0.1717171717171717
NCMAPSS,K1,LBall,0.1,10,1,99,16,21.0,0.16161616161616163
NCMAPSS,K1,LBall,0.1,10,2,99,14,19.0,0.1414141414141414
NCMAPSS,K1,LBall,0.1,15,0,99,19,24.0,0.1919191919191919
NCMAPSS,K1,LBall,0.1,15,1,99,19,25.0,0.1919191919191919
NCMAPSS,K1,LBall,0.1,15,2,99,18,24.0,0.18181818181818182
NCMAPSS,K1,LBall,0.2,0,0,99,21,6.5,0.21212121212121213
NCMAPSS,K1,LBall,0.2,0,1,99,34,8.0,0.3434343434343434
NCMAPSS,K1,LBall,0.2,0,2,99,29,7.0,0.29292929292929293
NCMAPSS,K1,LBall,0.2,5,0,99,28,11.0,0.2828282828282828
NCMAPSS,K1,LBall,0.2,5,1,99,34,11.0,0.3434343434343434
NCMAPSS,K1,LBall,0.2,5,2,99,30,10.0,0.30303030303030304
NCMAPSS,K1,LBall,0.2,10,0,99,31,14.5,0.31313131313131315
NCMAPSS,K1,LBall,0.2,10,1,99,35,14.0,0.35353535353535354
NCMAPSS,K1,LBall,0.2,10,2,99,30,15.0,0.30303030303030304
NCMAPSS,K1,LBall,0.2,15,0,99,31,20.0,0.31313131313131315
NCMAPSS,K1,LBall,0.2,15,1,99,34,19.5,0.3434343434343434
NCMAPSS,K1,LBall,0.2,15,2,99,36,18.5,0.36363636363636365
NCMAPSS,K1,LBnear,0.05,0,0,99,9,14.0,0.09090909090909091
NCMAPSS,K1,LBnear,0.05,0,1,99,6,15.0,0.06060606060606061
NCMAPSS,K1,LBnear,0.05,0,2,99,5,14.0,0.050505050505050504
NCMAPSS,K1,LBnear,0.05,5,0,99,8,19.0,0.08080808080808081
NCMAPSS,K1,LBnear,0.05,5,1,99,7,20.0,0.0707070707070707
NCMAPSS,K1,LBnear,0.05,5,2,99,5,18.0,0.050505050505050504
NCMAPSS,K1,LBnear,0.05,10,0,99,7,25.0,0.0707070707070707
NCMAPSS,K1,LBnear,0.05,10,1,99,5,25.0,0.050505050505050504
NCMAPSS,K1,LBnear,0.05,10,2,99,10,23.0,0.10101010101010101
NCMAPSS,K1,LBnear,0.05,15,0,99,12,31.0,0.12121212121212122
NCMAPSS,K1,LBnear,0.05,15,1,99,11,29.0,0.1111111111111111
NCMAPSS,K1,LBnear,0.05,15,2,99,11,29.0,0.1111111111111111
NCMAPSS,K1,LBnear,0.1,0,0,99,11,12.0,0.1111111111111111
NCMAPSS,K1,LBnear,0.1,0,1,99,7,12.0,0.0707070707070707
NCMAPSS,K1,LBnear,0.1,0,2,99,9,12.0,0.09090909090909091
NCMAPSS,K1,LBnear,0.1,5,0,99,13,15.0,0.13131313131313133
NCMAPSS,K1,LBnear,0.1,5,1,99,9,17.0,0.09090909090909091
NCMAPSS,K1,LBnear,0.1,5,2,99,13,16.0,0.13131313131313133
NCMAPSS,K1,LBnear,0.1,10,0,99,13,20.0,0.13131313131313133
NCMAPSS,K1,LBnear,0.1,10,1,99,12,22.0,0.12121212121212122
NCMAPSS,K1,LBnear,0.1,10,2,99,14,21.0,0.1414141414141414
NCMAPSS,K1,LBnear,0.1,15,0,99,16,27.0,0.16161616161616163
NCMAPSS,K1,LBnear,0.1,15,1,99,17,26.0,0.1717171717171717
NCMAPSS,K1,LBnear,0.1,15,2,99,16,27.0,0.16161616161616163
NCMAPSS,K1,LBnear,0.2,0,0,99,14,8.0,0.1414141414141414
NCMAPSS,K1,LBnear,0.2,0,1,99,25,9.0,0.25252525252525254
NCMAPSS,K1,LBnear,0.2,0,2,99,22,8.0,0.2222222222222222
NCMAPSS,K1,LBnear,0.2,5,0,99,22,13.0,0.2222222222222222
NCMAPSS,K1,LBnear,0.2,5,1,99,25,12.0,0.25252525252525254
NCMAPSS,K1,LBnear,0.2,5,2,99,22,12.0,0.2222222222222222
NCMAPSS,K1,LBnear,0.2,10,0,99,26,16.0,0.26262626262626265
NCMAPSS,K1,LBnear,0.2,10,1,99,29,17.0,0.29292929292929293
NCMAPSS,K1,LBnear,0.2,10,2,99,21,16.5,0.21212121212121213
NCMAPSS,K1,LBnear,0.2,15,0,99,24,21.0,0.24242424242424243
NCMAPSS,K1,LBnear,0.2,15,1,99,29,21.5,0.29292929292929293
NCMAPSS,K1,LBnear,0.2,15,2,99,28,21.0,0.2828282828282828
NCMAPSS,K2C,LBall,0.05,0,0,99,9,13.0,0.09090909090909091
NCMAPSS,K2C,LBall,0.05,0,1,99,7,14.0,0.0707070707070707
NCMAPSS,K2C,LBall,0.05,0,2,99,6,13.0,0.06060606060606061
NCMAPSS,K2C,LBall,0.05,5,0,99,9,17.0,0.09090909090909091
NCMAPSS,K2C,LBall,0.05,5,1,99,10,19.5,0.10101010101010101
NCMAPSS,K2C,LBall,0.05,5,2,99,7,17.0,0.0707070707070707
NCMAPSS,K2C,LBall,0.05,10,0,99,12,23.0,0.12121212121212122
NCMAPSS,K2C,LBall,0.05,10,1,99,6,24.0,0.06060606060606061
NCMAPSS,K2C,LBall,0.05,10,2,99,10,22.0,0.10101010101010101
NCMAPSS,K2C,LBall,0.05,15,0,99,16,29.0,0.16161616161616163
NCMAPSS,K2C,LBall,0.05,15,1,99,13,28.0,0.13131313131313133
NCMAPSS,K2C,LBall,0.05,15,2,99,13,28.0,0.13131313131313133
NCMAPSS,K2C,LBall,0.1,0,0,99,13,11.0,0.13131313131313133
NCMAPSS,K2C,LBall,0.1,0,1,99,11,10.5,0.1111111111111111
NCMAPSS,K2C,LBall,0.1,0,2,99,10,10.0,0.10101010101010101
NCMAPSS,K2C,LBall,0.1,5,0,99,15,14.0,0.15151515151515152
NCMAPSS,K2C,LBall,0.1,5,1,99,12,15.0,0.12121212121212122
NCMAPSS,K2C,LBall,0.1,5,2,99,16,15.0,0.16161616161616163
NCMAPSS,K2C,LBall,0.1,10,0,99,16,19.0,0.16161616161616163
NCMAPSS,K2C,LBall,0.1,10,1,99,18,21.0,0.18181818181818182
NCMAPSS,K2C,LBall,0.1,10,2,99,14,20.0,0.1414141414141414
NCMAPSS,K2C,LBall,0.1,15,0,99,19,25.0,0.1919191919191919
NCMAPSS,K2C,LBall,0.1,15,1,99,20,25.0,0.20202020202020202
NCMAPSS,K2C,LBall,0.1,15,2,99,19,24.0,0.1919191919191919
NCMAPSS,K2C,LBall,0.2,0,0,99,21,6.0,0.21212121212121213
NCMAPSS,K2C,LBall,0.2,0,1,99,35,8.0,0.35353535353535354
NCMAPSS,K2C,LBall,0.2,0,2,99,27,6.5,0.2727272727272727
NCMAPSS,K2C,LBall,0.2,5,0,99,28,11.0,0.2828282828282828
NCMAPSS,K2C,LBall,0.2,5,1,99,36,10.0,0.36363636363636365
NCMAPSS,K2C,LBall,0.2,5,2,99,28,10.0,0.2828282828282828
NCMAPSS,K2C,LBall,0.2,10,0,99,32,15.0,0.32323232323232326
NCMAPSS,K2C,LBall,0.2,10,1,99,35,14.0,0.35353535353535354
NCMAPSS,K2C,LBall,0.2,10,2,99,30,15.0,0.30303030303030304
NCMAPSS,K2C,LBall,0.2,15,0,99,32,19.0,0.32323232323232326
NCMAPSS,K2C,LBall,0.2,15,1,99,35,20.0,0.35353535353535354
NCMAPSS,K2C,LBall,0.2,15,2,99,37,20.0,0.37373737373737376
NCMAPSS,K2C,LBnear,0.05,0,0,99,9,14.0,0.09090909090909091
NCMAPSS,K2C,LBnear,0.05,0,1,99,7,15.0,0.0707070707070707
NCMAPSS,K2C,LBnear,0.05,0,2,99,4,13.0,0.04040404040404041
NCMAPSS,K2C,LBnear,0.05,5,0,99,7,19.5,0.0707070707070707
NCMAPSS,K2C,LBnear,0.05,5,1,99,6,19.5,0.06060606060606061
NCMAPSS,K2C,LBnear,0.05,5,2,99,6,18.0,0.06060606060606061
NCMAPSS,K2C,LBnear,0.05,10,0,99,8,26.0,0.08080808080808081
NCMAPSS,K2C,LBnear,0.05,10,1,99,6,24.0,0.06060606060606061
NCMAPSS,K2C,LBnear,0.05,10,2,99,10,24.0,0.10101010101010101
NCMAPSS,K2C,LBnear,0.05,15,0,99,9,31.0,0.09090909090909091
NCMAPSS,K2C,LBnear,0.05,15,1,99,11,29.0,0.1111111111111111
NCMAPSS,K2C,LBnear,0.05,15,2,99,12,29.0,0.12121212121212122
NCMAPSS,K2C,LBnear,0.1,0,0,99,12,11.0,0.12121212121212122
NCMAPSS,K2C,LBnear,0.1,0,1,99,9,12.0,0.09090909090909091
NCMAPSS,K2C,LBnear,0.1,0,2,99,10,12.0,0.10101010101010101
NCMAPSS,K2C,LBnear,0.1,5,0,99,14,15.0,0.1414141414141414
NCMAPSS,K2C,LBnear,0.1,5,1,99,10,17.0,0.10101010101010101
NCMAPSS,K2C,LBnear,0.1,5,2,99,12,15.5,0.12121212121212122
NCMAPSS,K2C,LBnear,0.1,10,0,99,14,20.0,0.1414141414141414
NCMAPSS,K2C,LBnear,0.1,10,1,99,13,21.0,0.13131313131313133
NCMAPSS,K2C,LBnear,0.1,10,2,99,13,21.0,0.13131313131313133
NCMAPSS,K2C,LBnear,0.1,15,0,99,16,27.0,0.16161616161616163
NCMAPSS,K2C,LBnear,0.1,15,1,99,19,26.0,0.1919191919191919
NCMAPSS,K2C,LBnear,0.1,15,2,99,15,26.0,0.15151515151515152
NCMAPSS,K2C,LBnear,0.2,0,0,99,15,8.0,0.15151515151515152
NCMAPSS,K2C,LBnear,0.2,0,1,99,24,8.0,0.24242424242424243
NCMAPSS,K2C,LBnear,0.2,0,2,99,22,8.0,0.2222222222222222
NCMAPSS,K2C,LBnear,0.2,5,0,99,21,12.0,0.21212121212121213
NCMAPSS,K2C,LBnear,0.2,5,1,99,26,12.0,0.26262626262626265
NCMAPSS,K2C,LBnear,0.2,5,2,99,20,12.0,0.20202020202020202
NCMAPSS,K2C,LBnear,0.2,10,0,99,26,15.0,0.26262626262626265
NCMAPSS,K2C,LBnear,0.2,10,1,99,29,17.0,0.29292929292929293
NCMAPSS,K2C,LBnear,0.2,10,2,99,22,16.0,0.2222222222222222
NCMAPSS,K2C,LBnear,0.2,15,0,99,26,21.0,0.26262626262626265
NCMAPSS,K2C,LBnear,0.2,15,1,99,29,20.0,0.29292929292929293
NCMAPSS,K2C,LBnear,0.2,15,2,99,29,21.0,0.29292929292929293
NCMAPSS,ORIG,LBall,0.05,0,0,99,11,12.5,0.1111111111111111
NCMAPSS,ORIG,LBall,0.05,0,1,99,7,12.5,0.0707070707070707
NCMAPSS,ORIG,LBall,0.05,0,2,99,8,12.0,0.08080808080808081
NCMAPSS,ORIG,LBall,0.05,5,0,99,11,16.0,0.1111111111111111
NCMAPSS,ORIG,LBall,0.05,5,1,99,10,19.0,0.10101010101010101
NCMAPSS,ORIG,LBall,0.05,5,2,99,8,17.0,0.08080808080808081
NCMAPSS,ORIG,LBall,0.05,10,0,99,13,23.0,0.13131313131313133
NCMAPSS,ORIG,LBall,0.05,10,1,99,9,22.5,0.09090909090909091
NCMAPSS,ORIG,LBall,0.05,10,2,99,11,22.0,0.1111111111111111
NCMAPSS,ORIG,LBall,0.05,15,0,99,16,29.0,0.16161616161616163
NCMAPSS,ORIG,LBall,0.05,15,1,99,17,27.0,0.1717171717171717
NCMAPSS,ORIG,LBall,0.05,15,2,99,14,27.0,0.1414141414141414
NCMAPSS,ORIG,LBall,0.1,0,0,99,13,10.0,0.13131313131313133
NCMAPSS,ORIG,LBall,0.1,0,1,99,13,10.0,0.13131313131313133
NCMAPSS,ORIG,LBall,0.1,0,2,99,15,10.0,0.15151515151515152
NCMAPSS,ORIG,LBall,0.1,5,0,99,17,14.0,0.1717171717171717
NCMAPSS,ORIG,LBall,0.1,5,1,99,17,14.0,0.1717171717171717
NCMAPSS,ORIG,LBall,0.1,5,2,99,18,13.5,0.18181818181818182
NCMAPSS,ORIG,LBall,0.1,10,0,99,19,17.5,0.1919191919191919
NCMAPSS,ORIG,LBall,0.1,10,1,99,21,20.0,0.21212121212121213
NCMAPSS,ORIG,LBall,0.1,10,2,99,14,18.5,0.1414141414141414
NCMAPSS,ORIG,LBall,0.1,15,0,99,20,23.0,0.20202020202020202
NCMAPSS,ORIG,LBall,0.1,15,1,99,24,24.0,0.24242424242424243
NCMAPSS,ORIG,LBall,0.1,15,2,99,20,23.0,0.20202020202020202
NCMAPSS,ORIG,LBall,0.2,0,0,99,28,6.0,0.2828282828282828
NCMAPSS,ORIG,LBall,0.2,0,1,99,38,7.0,0.3838383838383838
NCMAPSS,ORIG,LBall,0.2,0,2,99,35,7.0,0.35353535353535354
NCMAPSS,ORIG,LBall,0.2,5,0,99,30,10.0,0.30303030303030304
NCMAPSS,ORIG,LBall,0.2,5,1,99,40,10.0,0.40404040404040403
NCMAPSS,ORIG,LBall,0.2,5,2,99,34,9.0,0.3434343434343434
NCMAPSS,ORIG,LBall,0.2,10,0,99,35,14.0,0.35353535353535354
NCMAPSS,ORIG,LBall,0.2,10,1,99,39,13.0,0.3939393939393939
NCMAPSS,ORIG,LBall,0.2,10,2,99,36,14.0,0.36363636363636365
NCMAPSS,ORIG,LBall,0.2,15,0,99,37,18.0,0.37373737373737376
NCMAPSS,ORIG,LBall,0.2,15,1,99,41,18.5,0.41414141414141414
NCMAPSS,ORIG,LBall,0.2,15,2,99,41,17.5,0.41414141414141414
NCMAPSS,ORIG,LBnear,0.05,0,0,99,9,13.0,0.09090909090909091
NCMAPSS,ORIG,LBnear,0.05,0,1,99,7,14.0,0.0707070707070707
NCMAPSS,ORIG,LBnear,0.05,0,2,99,6,13.0,0.06060606060606061
NCMAPSS,ORIG,LBnear,0.05,5,0,99,9,18.0,0.09090909090909091
NCMAPSS,ORIG,LBnear,0.05,5,1,99,10,19.0,0.10101010101010101
NCMAPSS,ORIG,LBnear,0.05,5,2,99,6,17.0,0.06060606060606061
NCMAPSS,ORIG,LBnear,0.05,10,0,99,12,24.0,0.12121212121212122
NCMAPSS,ORIG,LBnear,0.05,10,1,99,6,24.0,0.06060606060606061
NCMAPSS,ORIG,LBnear,0.05,10,2,99,11,22.0,0.1111111111111111
NCMAPSS,ORIG,LBnear,0.05,15,0,99,14,30.0,0.1414141414141414
NCMAPSS,ORIG,LBnear,0.05,15,1,99,13,28.0,0.13131313131313133
NCMAPSS,ORIG,LBnear,0.05,15,2,99,13,28.0,0.13131313131313133
NCMAPSS,ORIG,LBnear,0.1,0,0,99,13,11.0,0.13131313131313133
NCMAPSS,ORIG,LBnear,0.1,0,1,99,10,11.0,0.10101010101010101
NCMAPSS,ORIG,LBnear,0.1,0,2,99,10,11.0,0.10101010101010101
NCMAPSS,ORIG,LBnear,0.1,5,0,99,14,14.0,0.1414141414141414
NCMAPSS,ORIG,LBnear,0.1,5,1,99,11,16.0,0.1111111111111111
NCMAPSS,ORIG,LBnear,0.1,5,2,99,15,15.0,0.15151515151515152
NCMAPSS,ORIG,LBnear,0.1,10,0,99,15,19.0,0.15151515151515152
NCMAPSS,ORIG,LBnear,0.1,10,1,99,16,21.0,0.16161616161616163
NCMAPSS,ORIG,LBnear,0.1,10,2,99,14,20.0,0.1414141414141414
NCMAPSS,ORIG,LBnear,0.1,15,0,99,17,26.0,0.1717171717171717
NCMAPSS,ORIG,LBnear,0.1,15,1,99,19,25.0,0.1919191919191919
NCMAPSS,ORIG,LBnear,0.1,15,2,99,17,25.0,0.1717171717171717
NCMAPSS,ORIG,LBnear,0.2,0,0,99,17,7.0,0.1717171717171717
NCMAPSS,ORIG,LBnear,0.2,0,1,99,26,8.0,0.26262626262626265
NCMAPSS,ORIG,LBnear,0.2,0,2,99,26,7.0,0.26262626262626265
NCMAPSS,ORIG,LBnear,0.2,5,0,99,27,12.0,0.2727272727272727
NCMAPSS,ORIG,LBnear,0.2,5,1,99,30,11.5,0.30303030303030304
NCMAPSS,ORIG,LBnear,0.2,5,2,99,26,11.0,0.26262626262626265
NCMAPSS,ORIG,LBnear,0.2,10,0,99,26,15.0,0.26262626262626265
NCMAPSS,ORIG,LBnear,0.2,10,1,99,32,16.0,0.32323232323232326
NCMAPSS,ORIG,LBnear,0.2,10,2,99,28,15.0,0.2828282828282828
NCMAPSS,ORIG,LBnear,0.2,15,0,99,27,20.0,0.2727272727272727
NCMAPSS,ORIG,LBnear,0.2,15,1,99,31,21.0,0.31313131313131315
NCMAPSS,ORIG,LBnear,0.2,15,2,99,32,20.0,0.32323232323232326
PHM08,K1,LBall,0.05,0,0,218,37,5.0,0.16972477064220184
PHM08,K1,LBall,0.05,0,1,218,12,5.0,0.05504587155963303
PHM08,K1,LBall,0.05,0,2,218,22,5.0,0.10091743119266056
PHM08,K1,LBall,0.05,5,0,218,21,9.0,0.0963302752293578
PHM08,K1,LBall,0.05,5,1,218,13,10.0,0.05963302752293578
PHM08,K1,LBall,0.05,5,2,218,21,10.0,0.0963302752293578
PHM08,K1,LBall,0.05,10,0,218,30,14.0,0.13761467889908258
PHM08,K1,LBall,0.05,10,1,218,22,15.0,0.10091743119266056
PHM08,K1,LBall,0.05,10,2,218,25,15.0,0.11467889908256881
PHM08,K1,LBall,0.05,15,0,218,41,19.0,0.18807339449541285
PHM08,K1,LBall,0.05,15,1,218,32,21.0,0.14678899082568808
PHM08,K1,LBall,0.05,15,2,218,32,20.0,0.14678899082568808
PHM08,K1,LBall,0.1,0,0,218,125,3.0,0.573394495412844
PHM08,K1,LBall,0.1,0,1,218,84,3.0,0.3853211009174312
PHM08,K1,LBall,0.1,0,2,218,113,2.0,0.518348623853211
PHM08,K1,LBall,0.1,5,0,218,74,7.0,0.3394495412844037
PHM08,K1,LBall,0.1,5,1,218,63,7.0,0.2889908256880734
PHM08,K1,LBall,0.1,5,2,218,68,7.0,0.3119266055045872
PHM08,K1,LBall,0.1,10,0,218,78,12.0,0.3577981651376147
PHM08,K1,LBall,0.1,10,1,218,66,12.0,0.30275229357798167
PHM08,K1,LBall,0.1,10,2,218,71,12.0,0.3256880733944954
PHM08,K1,LBall,0.1,15,0,218,83,17.0,0.38073394495412843
PHM08,K1,LBall,0.1,15,1,218,70,18.0,0.3211009174311927
PHM08,K1,LBall,0.1,15,2,218,77,17.0,0.3532110091743119
PHM08,K1,LBall,0.2,0,0,218,208,2.0,0.9541284403669725
PHM08,K1,LBall,0.2,0,1,218,209,1.0,0.9587155963302753
PHM08,K1,LBall,0.2,0,2,218,211,1.0,0.9678899082568807
PHM08,K1,LBall,0.2,5,0,218,148,5.0,0.6788990825688074
PHM08,K1,LBall,0.2,5,1,218,152,4.0,0.6972477064220184
PHM08,K1,LBall,0.2,5,2,218,158,4.0,0.7247706422018348
PHM08,K1,LBall,0.2,10,0,218,139,9.0,0.6376146788990825
PHM08,K1,LBall,0.2,10,1,218,140,9.0,0.6422018348623854
PHM08,K1,LBall,0.2,10,2,218,138,9.0,0.6330275229357798
PHM08,K1,LBall,0.2,15,0,218,134,14.0,0.6146788990825688
PHM08,K1,LBall,0.2,15,1,218,134,14.0,0.6146788990825688
PHM08,K1,LBall,0.2,15,2,218,132,15.0,0.6055045871559633
PHM08,K1,LBnear,0.05,0,0,218,1,8.0,0.0045871559633027525
PHM08,K1,LBnear,0.05,0,1,218,0,10.0,0.0
PHM08,K1,LBnear,0.05,0,2,218,0,9.0,0.0
PHM08,K1,LBnear,0.05,5,0,218,0,14.0,0.0
PHM08,K1,LBnear,0.05,5,1,218,0,15.0,0.0
PHM08,K1,LBnear,0.05,5,2,218,1,15.0,0.0045871559633027525
PHM08,K1,LBnear,0.05,10,0,218,0,18.0,0.0
PHM08,K1,LBnear,0.05,10,1,218,2,20.0,0.009174311926605505
PHM08,K1,LBnear,0.05,10,2,218,3,19.0,0.013761467889908258
PHM08,K1,LBnear,0.05,15,0,218,8,24.0,0.03669724770642202
PHM08,K1,LBnear,0.05,15,1,218,6,25.0,0.027522935779816515
PHM08,K1,LBnear,0.05,15,2,218,9,24.0,0.04128440366972477
PHM08,K1,LBnear,0.1,0,0,218,6,6.0,0.027522935779816515
PHM08,K1,LBnear,0.1,0,1,218,4,8.0,0.01834862385321101
PHM08,K1,LBnear,0.1,0,2,218,5,7.0,0.022935779816513763
PHM08,K1,LBnear,0.1,5,0,218,7,11.0,0.03211009174311927
PHM08,K1,LBnear,0.1,5,1,218,2,13.0,0.009174311926605505
PHM08,K1,LBnear,0.1,5,2,218,3,12.0,0.013761467889908258
PHM08,K1,LBnear,0.1,10,0,218,10,16.0,0.045871559633027525
PHM08,K1,LBnear,0.1,10,1,218,5,18.0,0.022935779816513763
PHM08,K1,LBnear,0.1,10,2,218,10,17.0,0.045871559633027525
PHM08,K1,LBnear,0.1,15,0,218,21,21.0,0.0963302752293578
PHM08,K1,LBnear,0.1,15,1,218,11,23.0,0.05045871559633028
PHM08,K1,LBnear,0.1,15,2,218,13,21.5,0.05963302752293578
PHM08,K1,LBnear,0.2,0,0,218,47,4.0,0.21559633027522937
PHM08,K1,LBnear,0.2,0,1,218,20,5.0,0.09174311926605505
PHM08,K1,LBnear,0.2,0,2,218,32,4.0,0.14678899082568808
PHM08,K1,LBnear,0.2,5,0,218,25,9.0,0.11467889908256881
PHM08,K1,LBnear,0.2,5,1,218,18,10.0,0.08256880733944955
PHM08,K1,LBnear,0.2,5,2,218,23,9.0,0.10550458715596331
PHM08,K1,LBnear,0.2,10,0,218,38,14.0,0.1743119266055046
PHM08,K1,LBnear,0.2,10,1,218,29,15.0,0.13302752293577982
PHM08,K1,LBnear,0.2,10,2,218,32,14.0,0.14678899082568808
PHM08,K1,LBnear,0.2,15,0,218,49,18.0,0.22477064220183487
PHM08,K1,LBnear,0.2,15,1,218,37,20.0,0.16972477064220184
PHM08,K1,LBnear,0.2,15,2,218,36,19.0,0.1651376146788991
PHM08,K2C,LBall,0.05,0,0,218,32,5.0,0.14678899082568808
PHM08,K2C,LBall,0.05,0,1,218,9,5.0,0.04128440366972477
PHM08,K2C,LBall,0.05,0,2,218,22,5.0,0.10091743119266056
PHM08,K2C,LBall,0.05,5,0,218,19,9.0,0.0871559633027523
PHM08,K2C,LBall,0.05,5,1,218,11,11.0,0.05045871559633028
PHM08,K2C,LBall,0.05,5,2,218,19,9.0,0.0871559633027523
PHM08,K2C,LBall,0.05,10,0,218,29,14.0,0.13302752293577982
PHM08,K2C,LBall,0.05,10,1,218,23,15.0,0.10550458715596331
PHM08,K2C,LBall,0.05,10,2,218,27,15.0,0.12385321100917432
PHM08,K2C,LBall,0.05,15,0,218,44,19.0,0.2018348623853211
PHM08,K2C,LBall,0.05,15,1,218,36,20.0,0.1651376146788991
PHM08,K2C,LBall,0.05,15,2,218,33,20.0,0.15137614678899083
PHM08,K2C,LBall,0.1,0,0,218,109,3.0,0.5
PHM08,K2C,LBall,0.1,0,1,218,76,3.0,0.3486238532110092
PHM08,K2C,LBall,0.1,0,2,218,105,3.0,0.481651376146789
PHM08,K2C,LBall,0.1,5,0,218,72,6.0,0.3302752293577982
PHM08,K2C,LBall,0.1,5,1,218,69,8.0,0.3165137614678899
PHM08,K2C,LBall,0.1,5,2,218,68,7.0,0.3119266055045872
PHM08,K2C,LBall,0.1,10,0,218,85,11.5,0.38990825688073394
PHM08,K2C,LBall,0.1,10,1,218,63,13.0,0.2889908256880734
PHM08,K2C,LBall,0.1,10,2,218,75,12.0,0.3440366972477064
PHM08,K2C,LBall,0.1,15,0,218,89,16.0,0.40825688073394495
PHM08,K2C,LBall,0.1,15,1,218,72,18.0,0.3302752293577982
PHM08,K2C,LBall,0.1,15,2,218,80,17.0,0.3669724770642202
PHM08,K2C,LBall,0.2,0,0,218,194,1.5,0.8899082568807339
PHM08,K2C,LBall,0.2,0,1,218,200,2.0,0.9174311926605505
PHM08,K2C,LBall,0.2,0,2,218,200,1.5,0.9174311926605505
PHM08,K2C,LBall,0.2,5,0,218,146,5.0,0.6697247706422018
PHM08,K2C,LBall,0.2,5,1,218,153,4.0,0.7018348623853211
PHM08,K2C,LBall,0.2,5,2,218,152,4.0,0.6972477064220184
PHM08,K2C,LBall,0.2,10,0,218,141,9.0,0.6467889908256881
PHM08,K2C,LBall,0.2,10,1,218,139,9.0,0.6376146788990825
PHM08,K2C,LBall,0.2,10,2,218,139,9.0,0.6376146788990825
PHM08,K2C,LBall,0.2,15,0,218,135,14.0,0.6192660550458715
PHM08,K2C,LBall,0.2,15,1,218,136,14.0,0.6238532110091743
PHM08,K2C,LBall,0.2,15,2,218,131,15.0,0.6009174311926605
PHM08,K2C,LBnear,0.05,0,0,218,1,9.0,0.0045871559633027525
PHM08,K2C,LBnear,0.05,0,1,218,0,10.0,0.0
PHM08,K2C,LBnear,0.05,0,2,218,0,9.0,0.0
PHM08,K2C,LBnear,0.05,5,0,218,0,14.0,0.0
PHM08,K2C,LBnear,0.05,5,1,218,0,15.0,0.0
PHM08,K2C,LBnear,0.05,5,2,218,2,14.0,0.009174311926605505
PHM08,K2C,LBnear,0.05,10,0,218,1,18.0,0.0045871559633027525
PHM08,K2C,LBnear,0.05,10,1,218,2,20.0,0.009174311926605505
PHM08,K2C,LBnear,0.05,10,2,218,3,19.0,0.013761467889908258
PHM08,K2C,LBnear,0.05,15,0,218,7,23.0,0.03211009174311927
PHM08,K2C,LBnear,0.05,15,1,218,8,25.0,0.03669724770642202
PHM08,K2C,LBnear,0.05,15,2,218,7,24.0,0.03211009174311927
PHM08,K2C,LBnear,0.1,0,0,218,7,6.0,0.03211009174311927
PHM08,K2C,LBnear,0.1,0,1,218,4,8.0,0.01834862385321101
PHM08,K2C,LBnear,0.1,0,2,218,3,7.0,0.013761467889908258
PHM08,K2C,LBnear,0.1,5,0,218,6,11.0,0.027522935779816515
PHM08,K2C,LBnear,0.1,5,1,218,2,13.0,0.009174311926605505
PHM08,K2C,LBnear,0.1,5,2,218,4,12.0,0.01834862385321101
PHM08,K2C,LBnear,0.1,10,0,218,12,16.0,0.05504587155963303
PHM08,K2C,LBnear,0.1,10,1,218,6,18.0,0.027522935779816515
PHM08,K2C,LBnear,0.1,10,2,218,14,17.0,0.06422018348623854
PHM08,K2C,LBnear,0.1,15,0,218,25,21.0,0.11467889908256881
PHM08,K2C,LBnear,0.1,15,1,218,11,22.0,0.05045871559633028
PHM08,K2C,LBnear,0.1,15,2,218,15,21.0,0.06880733944954129
PHM08,K2C,LBnear,0.2,0,0,218,41,4.0,0.18807339449541285
PHM08,K2C,LBnear,0.2,0,1,218,18,5.0,0.08256880733944955
PHM08,K2C,LBnear,0.2,0,2,218,28,4.0,0.12844036697247707
PHM08,K2C,LBnear,0.2,5,0,218,22,9.0,0.10091743119266056
PHM08,K2C,LBnear,0.2,5,1,218,15,10.0,0.06880733944954129
PHM08,K2C,LBnear,0.2,5,2,218,26,9.0,0.11926605504587157
PHM08,K2C,LBnear,0.2,10,0,218,39,14.0,0.17889908256880735
PHM08,K2C,LBnear,0.2,10,1,218,32,15.0,0.14678899082568808
PHM08,K2C,LBnear,0.2,10,2,218,32,14.0,0.14678899082568808
PHM08,K2C,LBnear,0.2,15,0,218,56,19.0,0.25688073394495414
PHM08,K2C,LBnear,0.2,15,1,218,40,20.0,0.1834862385321101
PHM08,K2C,LBnear,0.2,15,2,218,36,19.0,0.1651376146788991
PHM08,ORIG,LBall,0.05,0,0,218,56,4.0,0.25688073394495414
PHM08,ORIG,LBall,0.05,0,1,218,25,4.0,0.11467889908256881
PHM08,ORIG,LBall,0.05,0,2,218,45,4.0,0.20642201834862386
PHM08,ORIG,LBall,0.05,5,0,218,30,8.0,0.13761467889908258
PHM08,ORIG,LBall,0.05,5,1,218,21,9.0,0.0963302752293578
PHM08,ORIG,LBall,0.05,5,2,218,29,9.0,0.13302752293577982
PHM08,ORIG,LBall,0.05,10,0,218,58,13.0,0.26605504587155965
PHM08,ORIG,LBall,0.05,10,1,218,38,14.0,0.1743119266055046
PHM08,ORIG,LBall,0.05,10,2,218,40,14.0,0.1834862385321101
PHM08,ORIG,LBall,0.05,15,0,218,61,18.0,0.2798165137614679
PHM08,ORIG,LBall,0.05,15,1,218,45,20.0,0.20642201834862386
PHM08,ORIG,LBall,0.05,15,2,218,44,19.0,0.2018348623853211
PHM08,ORIG,LBall,0.1,0,0,218,141,2.0,0.6467889908256881
PHM08,ORIG,LBall,0.1,0,1,218,111,3.0,0.5091743119266054
PHM08,ORIG,LBall,0.1,0,2,218,139,2.0,0.6376146788990825
PHM08,ORIG,LBall,0.1,5,0,218,107,6.0,0.4908256880733945
PHM08,ORIG,LBall,0.1,5,1,218,86,6.0,0.3944954128440367
PHM08,ORIG,LBall,0.1,5,2,218,100,6.0,0.45871559633027525
PHM08,ORIG,LBall,0.1,10,0,218,104,11.0,0.47706422018348627
PHM08,ORIG,LBall,0.1,10,1,218,91,11.0,0.41743119266055045
PHM08,ORIG,LBall,0.1,10,2,218,97,11.0,0.44495412844036697
PHM08,ORIG,LBall,0.1,15,0,218,106,16.0,0.48623853211009177
PHM08,ORIG,LBall,0.1,15,1,218,85,17.0,0.38990825688073394
PHM08,ORIG,LBall,0.1,15,2,218,98,16.0,0.44954128440366975
PHM08,ORIG,LBall,0.2,0,0,218,213,1.0,0.9770642201834863
PHM08,ORIG,LBall,0.2,0,1,218,214,1.0,0.981651376146789
PHM08,ORIG,LBall,0.2,0,2,218,215,2.0,0.9862385321100917
PHM08,ORIG,LBall,0.2,5,0,218,173,4.0,0.7935779816513762
PHM08,ORIG,LBall,0.2,5,1,218,175,3.0,0.8027522935779816
PHM08,ORIG,LBall,0.2,5,2,218,178,4.0,0.8165137614678899
PHM08,ORIG,LBall,0.2,10,0,218,159,8.0,0.7293577981651376
PHM08,ORIG,LBall,0.2,10,1,218,163,8.0,0.7477064220183486
PHM08,ORIG,LBall,0.2,10,2,218,158,8.0,0.7247706422018348
PHM08,ORIG,LBall,0.2,15,0,218,151,13.0,0.6926605504587156
PHM08,ORIG,LBall,0.2,15,1,218,155,13.0,0.7110091743119266
PHM08,ORIG,LBall,0.2,15,2,218,156,14.0,0.7155963302752294
PHM08,ORIG,LBnear,0.05,0,0,218,1,7.0,0.0045871559633027525
PHM08,ORIG,LBnear,0.05,0,1,218,0,9.0,0.0
PHM08,ORIG,LBnear,0.05,0,2,218,1,8.0,0.0045871559633027525
PHM08,ORIG,LBnear,0.05,5,0,218,1,13.0,0.0045871559633027525
PHM08,ORIG,LBnear,0.05,5,1,218,0,14.0,0.0
PHM08,ORIG,LBnear,0.05,5,2,218,2,14.0,0.009174311926605505
PHM08,ORIG,LBnear,0.05,10,0,218,5,17.0,0.022935779816513763
PHM08,ORIG,LBnear,0.05,10,1,218,2,19.0,0.009174311926605505
PHM08,ORIG,LBnear,0.05,10,2,218,4,18.0,0.01834862385321101
PHM08,ORIG,LBnear,0.05,15,0,218,13,22.0,0.05963302752293578
PHM08,ORIG,LBnear,0.05,15,1,218,8,24.0,0.03669724770642202
PHM08,ORIG,LBnear,0.05,15,2,218,10,22.5,0.045871559633027525
PHM08,ORIG,LBnear,0.1,0,0,218,18,5.0,0.08256880733944955
PHM08,ORIG,LBnear,0.1,0,1,218,7,7.0,0.03211009174311927
PHM08,ORIG,LBnear,0.1,0,2,218,10,6.0,0.045871559633027525
PHM08,ORIG,LBnear,0.1,5,0,218,15,10.0,0.06880733944954129
PHM08,ORIG,LBnear,0.1,5,1,218,5,12.0,0.022935779816513763
PHM08,ORIG,LBnear,0.1,5,2,218,8,11.0,0.03669724770642202
PHM08,ORIG,LBnear,0.1,10,0,218,21,15.0,0.0963302752293578
PHM08,ORIG,LBnear,0.1,10,1,218,12,17.0,0.05504587155963303
PHM08,ORIG,LBnear,0.1,10,2,218,19,16.0,0.0871559633027523
PHM08,ORIG,LBnear,0.1,15,0,218,32,20.0,0.14678899082568808
PHM08,ORIG,LBnear,0.1,15,1,218,17,21.5,0.0779816513761468
PHM08,ORIG,LBnear,0.1,15,2,218,21,20.0,0.0963302752293578
PHM08,ORIG,LBnear,0.2,0,0,218,71,4.0,0.3256880733944954
PHM08,ORIG,LBnear,0.2,0,1,218,34,4.0,0.1559633027522936
PHM08,ORIG,LBnear,0.2,0,2,218,53,3.0,0.24311926605504589
PHM08,ORIG,LBnear,0.2,5,0,218,42,8.0,0.1926605504587156
PHM08,ORIG,LBnear,0.2,5,1,218,32,9.0,0.14678899082568808
PHM08,ORIG,LBnear,0.2,5,2,218,39,8.0,0.17889908256880735
PHM08,ORIG,LBnear,0.2,10,0,218,64,13.0,0.29357798165137616
PHM08,ORIG,LBnear,0.2,10,1,218,46,14.0,0.21100917431192662
PHM08,ORIG,LBnear,0.2,10,2,218,49,13.0,0.22477064220183487
PHM08,ORIG,LBnear,0.2,15,0,218,65,17.0,0.2981651376146789
PHM08,ORIG,LBnear,0.2,15,1,218,55,19.0,0.25229357798165136
PHM08,ORIG,LBnear,0.2,15,2,218,54,18.0,0.24770642201834864
