dataset,ratio,policy,M_pct,lo,hi,failures,n
FD001,0.02,CNA_DA,153.17152930356139,2.568218298555358,351.81593652336034,3,100
FD001,0.02,CNA_a0.05,153.17152930356139,2.568218298555358,351.81593652336034,3,100
FD001,0.02,KAM_P1_heur,155.65347505288685,3.6725761786379603,355.6622175013444,3,100
FD001,0.02,KAM_P1_opt,155.65347505288685,3.6725761786379603,355.6622175013444,3,100
FD001,0.02,STW_cost_1se,6.137566137566131,5.452652825297108,6.823059226016224,0,100
FD001,0.02,age,145.03525168060335,59.212923430136556,314.4436635056224,1,100
FD001,0.1,CNA_DA,30.17321547187166,2.680833091985,66.5751713156317,3,100
FD001,0.1,CNA_a0.05,30.17321547187166,2.680833091985,66.5751713156317,3,100
FD001,0.1,KAM_P1_heur,48.82828489562014,12.249629789252262,94.12799575249818,5,100
FD001,0.1,KAM_P1_opt,31.449357618285934,3.690754663157588,68.10073641108106,3,100
FD001,0.1,STW_cost_1se,6.137566137566131,5.475182814844668,6.82975252625273,0,100
FD001,0.1,age,79.25397606164945,59.603497714773034,111.42713114174101,1,100
FD002,0.02,CNA_DA,99.71324327675313,22.264188437364965,196.04186234474247,5,260
FD002,0.02,CNA_a0.05,210.75925273280725,96.68235792012605,343.58610434992534,11,260
FD002,0.02,KAM_P1_heur,81.32956281785218,22.67480338805307,159.53833887273944,4,260
FD002,0.02,KAM_P1_opt,81.32956281785218,22.67480338805307,159.53833887273944,4,260
FD002,0.02,STW_cost_1se,5.251509054325965,4.868278478936751,5.619185491416378,0,260
FD002,0.02,age,67.66025641025641,63.10897435897436,72.53205128205128,0,260
FD002,0.1,CNA_DA,20.61888950378159,6.538848302124618,38.16561710212153,5,260
FD002,0.1,CNA_a0.05,39.62774935053541,18.787840137714383,63.80165446711656,11,260
FD002,0.1,KAM_P1_heur,23.43086361491271,9.195495011930047,41.20330020068868,6,260
FD002,0.1,KAM_P1_opt,17.705154811588276,6.568776012086258,32.177754740214226,4,260
FD002,0.1,STW_cost_1se,5.251509054325965,4.873971815384742,5.63209827422598,0,260
FD002,0.1,age,73.50082680913714,60.47706498075232,91.12111279527531,2,260
FD003,0.02,CNA_DA,158.5727869986169,4.955732280953514,361.80543823173986,3,100
FD003,0.02,CNA_a0.05,158.5727869986169,4.955732280953514,361.80543823173986,3,100
FD003,0.02,KAM_P1_heur,110.35925779707858,6.017322495232941,267.1175353966986,2,100
FD003,0.02,KAM_P1_opt,110.35925779707858,6.017322495232941,267.1175353966986,2,100
FD003,0.02,STW_cost_1se,61.41611128505613,7.891164886773121,168.09557378263722,1,100
FD003,0.02,age,73.0,61.28392857142856,85.21607142857141,0,100
FD003,0.1,CNA_DA,32.95038035961273,4.9696134754885035,69.73378992624299,3,100
FD003,0.1,CNA_a0.05,32.95038035961273,4.9696134754885035,69.73378992624299,3,100
FD003,0.1,KAM_P1_heur,39.01329394387003,11.245729090998685,75.72270701408095,4,100
FD003,0.1,KAM_P1_opt,25.365618283107437,5.982811631132175,53.95547179797978,2,100
FD003,0.1,STW_cost_1se,18.082927047457176,7.875777354888225,37.78310585941777,1,100
FD003,0.1,age,73.0,61.355357142857144,84.7875,0,100
FD004,0.02,CNA_DA,154.41754147497258,50.03449506533357,263.29755134452466,7,249
FD004,0.02,CNA_a0.05,426.5328620857659,264.5901067999133,604.8794000486334,21,249
FD004,0.02,KAM_P1_heur,89.9999757527107,26.351190001261482,174.18280375069662,4,249
FD004,0.02,KAM_P1_opt,134.60894792106427,49.59712903907846,242.58278633790752,6,249
FD004,0.02,STW_cost_1se,53.09984801213072,9.395330730396548,118.16734218206068,2,249
FD004,0.02,age,135.86689902674755,92.13966121225268,224.85476049739205,1,249
FD004,0.1,CNA_DA,34.08492050708014,15.848385121251823,56.45747394772934,7,249
FD004,0.1,CNA_a0.05,80.45492456460521,50.71479680576124,112.66594016486428,21,249
FD004,0.1,KAM_P1_heur,77.15066562297412,47.44338287112885,110.8996299625328,20,249
FD004,0.1,KAM_P1_opt,30.914385304019287,15.020330135832186,50.11769810559558,6,249
FD004,0.1,STW_cost_1se,17.803053081380128,9.456756727925008,29.93118168063425,2,249
FD004,0.1,age,91.65217468986175,80.03154906404583,108.85299534399917,1,249
PHM08,0.02,CNA_DA,49.888922648420376,3.3110869720347913,119.51150295819461,2,218
PHM08,0.02,CNA_a0.05,230.022340594009,93.41601386207935,387.6717211221404,10,218
PHM08,0.02,KAM_P1_heur,27.380708318384507,3.740845138858906,74.23964704955475,1,218
PHM08,0.02,KAM_P1_opt,27.380708318384507,3.740845138858906,74.23964704955475,1,218
PHM08,0.02,STW_cost_1se,4.416919841084366,4.000917863026599,4.835742311667771,0,218
PHM08,0.02,age,105.81748267480808,64.99019526876985,184.68927058176888,1,218
PHM08,0.1,CNA_DA,11.942359952617743,3.345939166767712,24.717199777821193,2,218
PHM08,0.1,CNA_a0.05,43.569040823382444,18.672334775381177,69.07362393285635,10,218
PHM08,0.1,KAM_P1_heur,18.941575177877002,6.202416562241032,35.79204720144109,4,218
PHM08,0.1,KAM_P1_opt,8.297456135854976,3.737854673601409,17.184760773801784,1,218
PHM08,0.1,STW_cost_1se,4.416919841084366,3.9942617322186327,4.83576078052762,0,218
PHM08,0.1,age,64.17738427540158,54.44513055751591,78.45146088305748,1,218
