dataset,ratio,comparator,diff_pp,lo,hi,verdict
FD001,0.02,CNA_a0.05,0.0,0.0,0.0,unclear
FD001,0.02,KAM_P1_heur,-2.4819457493254617,-4.7669533037653755,-0.9364243083153087,CNA-DA better
FD001,0.02,KAM_P1_opt,-2.4819457493254617,-4.7669533037653755,-0.9364243083153087,CNA-DA better
FD001,0.02,STW_cost_1se,147.03396316599526,-3.6785275592868683,346.06987766665935,unclear
FD001,0.02,age,8.136277622958033,-231.311126233457,238.4991003826492,unclear
FD001,0.1,CNA_a0.05,0.0,0.0,0.0,unclear
FD001,0.1,KAM_P1_heur,-18.655069423748483,-46.429685274815625,0.0,unclear
FD001,0.1,KAM_P1_opt,-1.2761421464142728,-1.9740811430165528,-0.6817184789779304,CNA-DA better
FD001,0.1,STW_cost_1se,24.035649334305532,-3.624639623102874,60.69652720420597,unclear
FD001,0.1,age,-49.080760589777796,-89.17870505313006,-5.8788623935145905,CNA-DA better
FD002,0.02,CNA_a0.05,-111.04600945605412,-205.07809771915325,-33.993853256528425,CNA-DA better
FD002,0.02,KAM_P1_heur,18.383680458900955,-40.122747575029095,95.65460815235224,unclear
FD002,0.02,KAM_P1_opt,18.383680458900955,-40.122747575029095,95.65460815235224,unclear
FD002,0.02,STW_cost_1se,94.46173422242717,16.991404525086296,190.8284789498067,CNA-DA worse
FD002,0.02,age,32.052986866496724,-45.917009655243035,127.08089872084808,unclear
FD002,0.1,CNA_a0.05,-19.008859846753822,-36.56645890283209,-5.007427276952776,CNA-DA better
FD002,0.1,KAM_P1_heur,-2.8119741111311214,-10.012676554280254,0.9337213410291588,unclear
FD002,0.1,KAM_P1_opt,2.9137346921933123,-7.95433569101066,17.025216494800702,unclear
FD002,0.1,STW_cost_1se,15.367380449455624,1.175267803120954,33.00624298709363,CNA-DA worse
FD002,0.1,age,-52.88193730535555,-75.47328763413631,-29.75911683729506,CNA-DA better
FD003,0.02,CNA_a0.05,0.0,0.0,0.0,unclear
FD003,0.02,KAM_P1_heur,48.21352920153831,-4.957368196136738,151.69595958045636,unclear
FD003,0.02,KAM_P1_opt,48.21352920153831,-4.957368196136738,151.69595958045636,unclear
FD003,0.02,STW_cost_1se,97.15667571356076,-6.6510095352477006,251.61568958324455,unclear
FD003,0.02,age,85.57278699861689,-68.32755351408132,287.07920912444206,unclear
FD003,0.1,CNA_a0.05,0.0,0.0,0.0,unclear
FD003,0.1,KAM_P1_heur,-6.062913584257302,-41.6460790764619,22.207731176194915,unclear
FD003,0.1,KAM_P1_opt,7.584762076505292,-2.3160459327503395,26.687957608809963,unclear
FD003,0.1,STW_cost_1se,14.867453312155554,-4.287787034483678,43.204628331323484,unclear
FD003,0.1,age,-40.04961964038727,-69.1815179393581,-2.35407285247825,CNA-DA better
FD004,0.02,CNA_a0.05,-272.11532061079333,-430.47174774337105,-131.53357545310476,CNA-DA better
FD004,0.02,KAM_P1_heur,64.41756572226188,-19.80397440072353,168.79105415547875,unclear
FD004,0.02,KAM_P1_opt,19.80859355390831,-43.921485804878955,103.71195550992582,unclear
FD004,0.02,STW_cost_1se,101.31769346284186,17.49021027496728,205.10533426100298,CNA-DA worse
FD004,0.02,age,18.550642448225034,-107.17419705143601,147.74231104276922,unclear
FD004,0.1,CNA_a0.05,-46.370004057525065,-72.81339807503085,-23.25524589814788,CNA-DA better
FD004,0.1,KAM_P1_heur,-43.065745115893975,-71.73701611942302,-20.432594210606457,CNA-DA better
FD004,0.1,KAM_P1_opt,3.1705352030608545,-8.426386501444663,18.399576604753573,unclear
FD004,0.1,STW_cost_1se,16.281867425700014,0.9281798888562637,35.40636072094742,CNA-DA worse
FD004,0.1,age,-57.56725418278161,-82.27164482916085,-31.92790748063518,CNA-DA better
PHM08,0.02,CNA_a0.05,-180.13341794558863,-316.954327517228,-65.6738362535576,CNA-DA better
PHM08,0.02,KAM_P1_heur,22.50821433003587,-47.445970979828964,92.54983928549807,unclear
PHM08,0.02,KAM_P1_opt,22.50821433003587,-47.445970979828964,92.54983928549807,unclear
PHM08,0.02,STW_cost_1se,45.47200280733601,-1.1094130430851967,115.1572852576751,unclear
PHM08,0.02,age,-55.9285600263877,-156.74554207405907,32.24005496393619,unclear
PHM08,0.1,CNA_a0.05,-31.6266808707647,-56.547655629121415,-10.721806775999095,CNA-DA better
PHM08,0.1,KAM_P1_heur,-6.99921522525926,-19.713155942898325,1.5454743410123488,unclear
PHM08,0.1,KAM_P1_opt,3.644903816762767,-9.256427732296633,20.38670171236561,unclear
PHM08,0.1,STW_cost_1se,7.525440111533377,-1.1365089027199637,20.357673053322,unclear
PHM08,0.1,age,-52.235024322783836,-70.24144818543581,-35.029752052125865,CNA-DA better
