dataset,analysis,split,rep,eta_frac,group,T,fail,fail_p95,fail_second_half,static_fail,notice,bound,q1,q_final
BATTERY,cv,cv1,0,0.05,1,25,0.064,0.08,0.09499999999999996,0.0,47.98362717391305,0.5072986447845637,62.68966188583727,54.5896618858373
BATTERY,cv,cv1,0,0.05,5,25,0.0572,0.08199999999999932,0.09769230769230766,0.0,47.57961976284585,0.6672986447845637,62.68966188583727,53.059661885837265
BATTERY,cv,cv1,0,0.1,1,25,0.0832,0.12,0.10384615384615381,0.0,47.8880138339921,0.2736493223922818,62.68966188583727,55.12966188583734
BATTERY,cv,cv1,0,0.1,5,25,0.0964,0.16,0.1323076923076923,0.0,49.498537855260686,0.4336493223922818,62.68966188583727,61.06966188583727
BATTERY,cv,cv1,0,0.2,1,25,0.092,0.12,0.09999999999999996,0.0,51.35851778656126,0.1568246611961409,62.68966188583727,55.489661885837265
BATTERY,cv,cv1,0,0.2,5,25,0.1416,0.24,0.1515384615384615,0.0,115.053161688807,0.3168246611961409,62.68966188583727,100.12966188583727
BATTERY,cv,cv1,1,0.05,1,25,0.125,0.16,0.10807692307692304,0.16,46.46512751741013,0.5156182808240406,48.33308629616099,53.95808629616103
BATTERY,cv,cv1,1,0.05,5,25,0.1244,0.16,0.10461538461538458,0.16,46.26188170525127,0.6756182808240406,48.33308629616099,53.823086296160994
BATTERY,cv,cv1,1,0.1,1,25,0.1148,0.12,0.09615384615384613,0.16,48.12347826086957,0.2778091404120203,48.33308629616099,54.99308629616105
BATTERY,cv,cv1,1,0.1,5,25,0.1264,0.2,0.07692307692307691,0.16,54.55513179936006,0.4378091404120203,48.33308629616099,60.21308629616099
BATTERY,cv,cv1,1,0.2,1,25,0.1192,0.12,0.11346153846153843,0.16,53.8248814229249,0.1589045702060101,48.33308629616099,65.61308629616101
BATTERY,cv,cv1,1,0.2,5,25,0.1604,0.24,0.09038461538461537,0.16,143.30885884672153,0.3189045702060101,48.33308629616099,102.693086296161
BATTERY,cv,cv1,2,0.05,1,25,0.0916,0.12,0.09923076923076919,0.04,45.15106225296443,0.5315293865273005,53.23272992219422,51.34272992219425
BATTERY,cv,cv1,2,0.05,5,25,0.0958,0.16,0.11423076923076919,0.04,44.9044053500847,0.6915293865273004,53.23272992219422,52.28772992219421
BATTERY,cv,cv1,2,0.1,1,25,0.09939999999999999,0.12,0.10576923076923073,0.04,46.18256916996047,0.2857646932636502,53.23272992219422,52.962729922194285
BATTERY,cv,cv1,2,0.1,5,25,0.1164,0.2,0.1169230769230769,0.04,49.18794363626457,0.4457646932636502,53.23272992219422,60.61272992219421
BATTERY,cv,cv1,2,0.2,1,25,0.1108,0.12,0.12730769230769226,0.04,50.282747035573124,0.1628823466318251,53.23272992219422,62.95272992219422
BATTERY,cv,cv1,2,0.2,5,25,0.14279999999999998,0.2,0.05384615384615384,0.04,97.32113762915192,0.3228823466318251,53.23272992219422,91.7527299221942
BATTERY,cv,cv2,0,0.05,1,25,0.1232,0.16,0.08961538461538458,0.32,43.70465603237342,0.1641825473503983,46.17257858664921,51.39257858664925
BATTERY,cv,cv2,0,0.05,5,25,0.1376,0.2,0.09499999999999999,0.32,46.3308984070849,0.3241825473503983,46.17257858664921,54.6325785866492
BATTERY,cv,cv2,0,0.1,1,25,0.1192,0.12,0.09499999999999996,0.32,46.44063241106719,0.1020912736751991,46.17257858664921,54.81257858664928
BATTERY,cv,cv2,0,0.1,5,25,0.1426,0.2,0.11230769230769228,0.32,53.830806918481976,0.2620912736751992,46.17257858664921,65.34257858664921
BATTERY,cv,cv2,0,0.2,1,25,0.12,0.12,0.10538461538461535,0.32,53.19545454545455,0.0710456368375995,46.17257858664921,64.17257858664924
BATTERY,cv,cv2,0,0.2,5,25,0.1482,0.24,0.1119230769230769,0.32,88.9331245034523,0.2310456368375995,46.17257858664921,89.55257858664919
BATTERY,cv,cv2,1,0.05,1,25,0.1134,0.12,0.10461538461538458,0.2,40.83462450592886,0.4149090286279857,47.57800510346384,50.593005103463874
BATTERY,cv,cv2,1,0.05,5,25,0.1276,0.2,0.10038461538461535,0.2,43.074880811217774,0.5749090286279858,47.57800510346384,53.78800510346384
BATTERY,cv,cv2,1,0.1,1,25,0.1168,0.12,0.11961538461538458,0.2,43.16314229249012,0.2274545143139928,47.57800510346384,55.13800510346391
BATTERY,cv,cv2,1,0.1,5,25,0.1348,0.2,0.08269230769230768,0.2,53.079748902889634,0.3874545143139928,47.57800510346384,63.23800510346384
BATTERY,cv,cv2,1,0.2,1,25,0.12,0.12,0.11884615384615381,0.2,49.82590909090909,0.1337272571569964,47.57800510346384,65.57800510346385
BATTERY,cv,cv2,1,0.2,5,25,0.152,0.24,0.08423076923076922,0.2,132.0287083345716,0.2937272571569964,47.57800510346384,94.37800510346383
BATTERY,cv,cv2,2,0.05,1,25,0.0836,0.12,0.09730769230769228,0.0,42.25875905797101,0.5579616764311561,54.88137824530168,51.19137824530172
BATTERY,cv,cv2,2,0.05,5,25,0.09359999999999999,0.16,0.14038461538461536,0.0,42.182885751929234,0.7179616764311563,54.88137824530168,53.441378245301685
BATTERY,cv,cv2,2,0.1,1,25,0.09759999999999999,0.12,0.10807692307692304,0.0,44.42833003952569,0.2989808382155781,54.88137824530168,53.80137824530175
BATTERY,cv,cv2,2,0.1,5,25,0.1262,0.2,0.11884615384615381,0.0,51.643852583533935,0.4589808382155781,54.88137824530168,66.67137824530168
BATTERY,cv,cv2,2,0.2,1,25,0.1108,0.12,0.1334615384615384,0.0,49.58053359683794,0.169490419107789,54.88137824530168,64.60137824530169
BATTERY,cv,cv2,2,0.2,5,25,0.158,0.2,0.0,0.0,191.44914916243178,0.329490419107789,54.88137824530168,107.08137824530168
BATTERY,cv,cv3,0,0.05,1,25,0.0956,0.12,0.09807692307692305,0.08,50.90943334744965,0.3131581936293381,56.62189031368786,55.63189031368789
BATTERY,cv,cv3,0,0.05,5,25,0.1016,0.16,0.1092307692307692,0.08,51.3036397044984,0.4731581936293382,56.62189031368786,56.981890313687856
BATTERY,cv,cv3,0,0.1,1,25,0.105,0.12,0.1065384615384615,0.08,53.03303453792584,0.1765790968146691,56.62189031368786,58.87189031368793
BATTERY,cv,cv3,0,0.1,5,25,0.11720000000000001,0.16,0.1069230769230769,0.08,56.534944981029646,0.3365790968146691,56.62189031368786,64.36189031368785
BATTERY,cv,cv3,0,0.2,1,25,0.11259999999999999,0.12,0.11499999999999996,0.08,60.008539902126856,0.1082895484073345,56.62189031368786,67.96189031368789
BATTERY,cv,cv3,0,0.2,5,25,0.133,0.2,0.07307692307692307,0.08,90.21624150544345,0.2682895484073345,56.62189031368786,86.32189031368786
BATTERY,cv,cv3,1,0.05,1,25,0.1164,0.16,0.11499999999999996,0.12,56.81942687747036,0.278292077881089,50.39765206647572,54.08765206647575
BATTERY,cv,cv3,1,0.05,5,25,0.1174,0.16,0.12346153846153843,0.12,56.028178947863736,0.438292077881089,50.39765206647572,54.31265206647572
BATTERY,cv,cv3,1,0.1,1,25,0.11379999999999998,0.16,0.09846153846153843,0.12,59.60912808206286,0.1591460389405445,50.39765206647572,56.60765206647579
BATTERY,cv,cv3,1,0.1,5,25,0.1242,0.2,0.12499999999999996,0.12,60.32521742349946,0.3191460389405445,50.39765206647572,61.28765206647572
BATTERY,cv,cv3,1,0.2,1,25,0.1164,0.16,0.10384615384615381,0.12,66.58259457933372,0.0995730194702722,50.39765206647572,65.15765206647573
BATTERY,cv,cv3,1,0.2,5,25,0.1376,0.2,0.06846153846153845,0.12,107.26693352452277,0.2595730194702723,50.39765206647572,84.23765206647572
BATTERY,cv,cv3,2,0.05,1,25,0.11320000000000001,0.12,0.11769230769230767,0.12,52.777706568793526,0.3279859863308665,56.10629079485905,59.07629079485907
BATTERY,cv,cv3,2,0.05,5,25,0.1166,0.16,0.12076923076923073,0.12,52.905661820064,0.4879859863308665,56.10629079485905,59.84129079485905
BATTERY,cv,cv3,2,0.1,1,25,0.111,0.12,0.10846153846153843,0.12,54.687949369471106,0.1839929931654332,56.10629079485905,61.05629079485912
BATTERY,cv,cv3,2,0.1,5,25,0.11939999999999999,0.16,0.10961538461538459,0.12,57.14102677395069,0.3439929931654332,56.10629079485905,64.83629079485905
BATTERY,cv,cv3,2,0.2,1,25,0.1142,0.12,0.11269230769230766,0.12,61.90488189346885,0.1119964965827166,56.10629079485905,68.88629079485908
BATTERY,cv,cv3,2,0.2,5,25,0.1278,0.2,0.09153846153846151,0.12,79.60993638741121,0.2719964965827166,56.10629079485905,81.12629079485905
BATTERY,cv,cv4,0,0.05,1,24,0.14104166666666665,0.1666666666666666,0.12208333333333331,0.1666666666666666,48.69586363636364,0.2052920548966245,49.3456738988678,58.210673898867825
BATTERY,cv,cv4,0,0.05,5,24,0.14124999999999996,0.1666666666666666,0.12124999999999997,0.1666666666666666,48.13907461836409,0.3719587215632912,49.3456738988678,58.2556738988678
BATTERY,cv,cv4,0,0.1,1,24,0.12291666666666666,0.1666666666666666,0.10041666666666663,0.1666666666666666,51.2657196969697,0.1234793607816456,49.3456738988678,59.24567389886787
BATTERY,cv,cv4,0,0.1,5,24,0.1252083333333333,0.1666666666666666,0.08249999999999998,0.1666666666666666,53.47232467532467,0.2901460274483123,49.3456738988678,60.2356738988678
BATTERY,cv,cv4,0,0.2,1,24,0.12041666666666666,0.125,0.11124999999999996,0.1666666666666666,54.89551948051948,0.0825730137241561,49.3456738988678,66.98567389886782
BATTERY,cv,cv4,0,0.2,5,24,0.15687499999999996,0.25,0.09374999999999999,0.1666666666666666,139.36725609478242,0.2492396803908228,49.3456738988678,98.48567389886779
BATTERY,cv,cv4,1,0.05,1,24,0.12291666666666666,0.1666666666666666,0.1158333333333333,0.1666666666666666,48.213221861471865,0.5589178302958285,52.65509814874615,57.60509814874617
BATTERY,cv,cv4,1,0.05,5,24,0.1308333333333333,0.1666666666666666,0.12333333333333331,0.1666666666666666,48.73240641376167,0.7255844969624952,52.65509814874615,59.315098148746145
BATTERY,cv,cv4,1,0.1,1,24,0.11749999999999998,0.1666666666666666,0.10374999999999997,0.1666666666666666,50.927958874458874,0.3002922484812476,52.65509814874615,60.21509814874622
BATTERY,cv,cv4,1,0.1,5,24,0.12791666666666665,0.1666666666666666,0.10749999999999997,0.1666666666666666,53.45530411255411,0.4669589151479142,52.65509814874615,64.71509814874615
BATTERY,cv,cv4,1,0.2,1,24,0.11895833333333332,0.1666666666666666,0.10958333333333331,0.1666666666666666,58.62221212121212,0.1709794575739571,52.65509814874615,69.03509814874617
BATTERY,cv,cv4,1,0.2,5,24,0.14374999999999996,0.2083333333333333,0.07791666666666665,0.1666666666666666,104.68019668489406,0.3376461242406238,52.65509814874615,90.45509814874615
BATTERY,cv,cv4,2,0.05,1,24,0.11562499999999998,0.125,0.0995833333333333,0.125,45.1751158008658,0.5453343414775763,51.07256433317031,54.44756433317035
BATTERY,cv,cv4,2,0.05,5,24,0.12020833333333332,0.1666666666666666,0.09999999999999996,0.125,45.616226990400904,0.7120010081442429,51.07256433317031,55.437564333170315
BATTERY,cv,cv4,2,0.1,1,24,0.11604166666666665,0.12708333333333263,0.1033333333333333,0.125,49.125704545454546,0.2935005040721214,51.07256433317031,58.00256433317037
BATTERY,cv,cv4,2,0.1,5,24,0.1289583333333333,0.2083333333333333,0.0958333333333333,0.125,52.37699174071542,0.4601671707387881,51.07256433317031,63.5825643331703
BATTERY,cv,cv4,2,0.2,1,24,0.12041666666666666,0.1666666666666666,0.11249999999999996,0.125,57.03034848484848,0.167583585369394,51.07256433317031,68.71256433317035
BATTERY,cv,cv4,2,0.2,5,24,0.17687499999999998,0.25,0.09958333333333334,0.125,185.90405453026506,0.3342502520360607,51.07256433317031,117.49256433317031
BATTERY,cv,cv5,0,0.05,1,24,0.09312499999999999,0.125,0.0995833333333333,0.0416666666666666,42.445313852813854,0.3227919142227121,50.16682998882617,48.6818299888262
BATTERY,cv,cv5,0,0.05,5,24,0.1002083333333333,0.1666666666666666,0.1208333333333333,0.0416666666666666,42.99028249477448,0.4894585808893787,50.16682998882617,50.211829988826175
BATTERY,cv,cv5,0,0.1,1,24,0.09562499999999999,0.125,0.0970833333333333,0.0416666666666666,43.84642857142857,0.1822292904446893,50.16682998882617,48.276829988826236
BATTERY,cv,cv5,0,0.1,5,24,0.1208333333333333,0.2083333333333333,0.08916666666666664,0.0416666666666666,51.915986785144675,0.348895957111356,50.16682998882617,59.16682998882617
BATTERY,cv,cv5,0,0.2,1,24,0.10812499999999999,0.125,0.12208333333333328,0.0416666666666666,49.080573593073595,0.111947978555678,50.16682998882617,57.18682998882617
BATTERY,cv,cv5,0,0.2,5,24,0.19729166666666662,0.25,0.06666666666666667,0.0416666666666666,221.71787573099417,0.2786146452223447,50.16682998882617,134.22682998882615
BATTERY,cv,cv5,1,0.05,1,24,0.08791666666666664,0.125,0.10249999999999997,0.0416666666666666,43.05546725014116,0.2035040247895535,53.34675383126241,50.73675383126245
BATTERY,cv,cv5,1,0.05,5,24,0.0858333333333333,0.12708333333333263,0.11541666666666664,0.0416666666666666,42.5917012987013,0.3701706914562201,53.34675383126241,50.286753831262416
BATTERY,cv,cv5,1,0.1,1,24,0.09499999999999999,0.125,0.0945833333333333,0.0416666666666666,45.58515151515152,0.12258534572811,53.34675383126241,51.18675383126248
BATTERY,cv,cv5,1,0.1,5,24,0.12979166666666664,0.2083333333333333,0.13749999999999998,0.0416666666666666,50.70740555935293,0.2892520123947767,53.34675383126241,66.21675383126241
BATTERY,cv,cv5,1,0.2,1,24,0.10666666666666666,0.125,0.11999999999999994,0.0416666666666666,50.847716450216446,0.0821260061973883,53.34675383126241,59.106753831262424
BATTERY,cv,cv5,1,0.2,5,24,0.19333333333333327,0.25,0.0775,0.0416666666666666,201.9830714285714,0.248792672864055,53.34675383126241,133.9867538312624
BATTERY,cv,cv5,2,0.05,1,24,0.07104166666666663,0.0833333333333333,0.09541666666666662,0.0,43.74804724261246,0.187490093852628,54.68128882164931,48.42628882164935
BATTERY,cv,cv5,2,0.05,5,24,0.07666666666666662,0.12708333333333263,0.12416666666666665,0.0,44.105595614530394,0.3541567605192947,54.68128882164931,49.641288821649304
BATTERY,cv,cv5,2,0.1,1,24,0.0877083333333333,0.125,0.08999999999999997,0.0,45.39024891774892,0.1145783802596473,54.68128882164931,49.371288821649365
BATTERY,cv,cv5,2,0.1,5,24,0.13479166666666662,0.2083333333333333,0.16416666666666666,0.0,52.80709735554301,0.281245046926314,54.68128882164931,69.7112888216493
BATTERY,cv,cv5,2,0.2,1,24,0.09208333333333331,0.125,0.09874999999999996,0.0,49.9512012987013,0.078122523463157,54.68128882164931,47.84128882164931
BATTERY,cv,cv5,2,0.2,5,24,0.1352083333333333,0.2083333333333333,0.017083333333333332,0.0,113.53871221614644,0.2447891901298236,54.68128882164931,85.1012888216493
BATTERY,group,g1,0,0.05,1,36,0.062083333333333275,0.0833333333333333,0.09444444444444441,0.0,50.96265724471606,0.1651908007229119,51.61959163741429,39.33459163741434
BATTERY,group,g1,0,0.05,5,36,0.06888888888888883,0.08472222222222171,0.11277777777777773,0.0,51.74076209292368,0.276301911834023,51.61959163741429,41.53959163741429
BATTERY,group,g1,0,0.1,1,36,0.08541666666666664,0.1111111111111111,0.1047222222222222,0.0,52.34216215463458,0.0964842892503448,51.61959163741429,42.16959163741438
BATTERY,group,g1,0,0.1,5,36,0.09541666666666665,0.1388888888888889,0.09638888888888886,0.0,56.052339489534816,0.2075954003614559,51.61959163741429,48.64959163741429
BATTERY,group,g1,0,0.2,1,36,0.09444444444444443,0.1111111111111111,0.08472222222222218,0.0,56.2450946969697,0.0621310335140613,51.61959163741429,44.41959163741425
BATTERY,group,g1,0,0.2,5,36,0.11999999999999998,0.1944444444444444,0.09249999999999999,0.0,84.39749914151245,0.1732421446251724,51.61959163741429,77.53959163741429
BATTERY,group,g1,1,0.05,1,36,0.016944444444444397,0.0277777777777777,0.029444444444444415,0.0,61.856857142857145,0.4090530379721294,67.36900915157601,40.45900915157604
BATTERY,group,g1,1,0.05,5,36,0.016944444444444397,0.0277777777777777,0.029444444444444415,0.0,63.36138095238095,0.5201641490832405,67.36900915157601,40.45900915157601
BATTERY,group,g1,1,0.1,1,36,0.05874999999999995,0.0833333333333333,0.10305555555555554,0.0,56.5831550802139,0.2184154078749535,67.36900915157601,40.6390091515761
BATTERY,group,g1,1,0.1,5,36,0.0783333333333333,0.1388888888888889,0.14611111111111108,0.0,60.6861667870594,0.3295265189860646,67.36900915157601,53.32900915157601
BATTERY,group,g1,1,0.2,1,36,0.08486111111111107,0.1111111111111111,0.10777777777777776,0.0,59.47282196969697,0.1230965928263656,67.36900915157601,47.74900915157596
BATTERY,group,g1,1,0.2,5,36,0.10416666666666664,0.1388888888888889,0.10027777777777774,0.0,78.17187615869484,0.2342077039374767,67.36900915157601,72.76900915157601
BATTERY,group,g1,2,0.05,1,36,0.06361111111111106,0.0833333333333333,0.0983333333333333,0.0,49.47441622103387,0.1696652436635872,49.92673637160101,38.13673637160106
BATTERY,group,g1,2,0.05,5,36,0.06874999999999995,0.1111111111111111,0.11638888888888886,0.0,50.666429058903624,0.2807763547746983,49.92673637160101,39.80173637160101
BATTERY,group,g1,2,0.1,1,36,0.0831944444444444,0.0833333333333333,0.10527777777777776,0.0,50.32231729055258,0.0987215107206825,49.92673637160101,39.036736371601094
BATTERY,group,g1,2,0.1,5,36,0.10041666666666664,0.1388888888888889,0.09611111111111109,0.0,56.952601882798575,0.2098326218317936,49.92673637160101,50.19673637160101
BATTERY,group,g1,2,0.2,1,36,0.09624999999999999,0.1111111111111111,0.0883333333333333,0.0,55.28733428030303,0.0632496442492301,49.92673637160101,45.06673637160097
BATTERY,group,g1,2,0.2,5,36,0.11777777777777777,0.1944444444444444,0.09055555555555554,0.0,81.73365311520377,0.1743607553603412,49.92673637160101,72.96673637160102
BATTERY,group,g2,0,0.05,1,43,0.14813953488372092,0.1627906976744186,0.1011363636363636,0.7674418604651163,41.986018509110615,0.207803283943819,52.28060592158228,70.9106059215821
BATTERY,group,g2,0,0.05,5,43,0.15162790697674416,0.1860465116279069,0.07818181818181814,0.7674418604651163,47.26170447648002,0.3008265397577725,52.28060592158228,72.26060592158227
BATTERY,group,g2,0,0.1,1,43,0.12686046511627902,0.1395348837209302,0.09636363636363632,0.7674418604651163,45.417162162162164,0.1155295489486537,52.28060592158228,73.0706059215824
BATTERY,group,g2,0,0.1,5,43,0.13360465116279066,0.1627906976744186,0.07568181818181814,0.7674418604651163,58.7803857354701,0.2085528047626071,52.28060592158228,78.29060592158227
BATTERY,group,g2,0,0.2,1,43,0.1193023255813953,0.1395348837209302,0.09545454545454543,0.7674418604651163,52.0850106685633,0.069392681451071,52.28060592158228,82.16060592158244
BATTERY,group,g2,0,0.2,5,43,0.13534883720930227,0.1860465116279069,0.08590909090909088,0.7674418604651163,118.16252238140396,0.1624159372650245,52.28060592158228,107.00060592158226
BATTERY,group,g2,1,0.05,1,43,0.1605813953488372,0.1860465116279069,0.10772727272727269,0.7906976744186046,44.33248895323895,0.1988393681999599,53.9248343860082,77.36983438600798
BATTERY,group,g2,1,0.05,5,43,0.1620930232558139,0.1860465116279069,0.09090909090909088,0.7906976744186046,48.122216859716865,0.2918626240139134,53.9248343860082,77.9548343860082
BATTERY,group,g2,1,0.1,1,43,0.13302325581395347,0.1395348837209302,0.1045454545454545,0.7906976744186046,46.82476469890944,0.1110475910767241,53.9248343860082,79.48483438600833
BATTERY,group,g2,1,0.1,5,43,0.13558139534883717,0.1627906976744186,0.07136363636363634,0.7906976744186046,61.38806551852605,0.2040708468906776,53.9248343860082,81.46483438600819
BATTERY,group,g2,1,0.2,1,43,0.11825581395348833,0.1395348837209302,0.09477272727272724,0.7906976744186046,52.58836059743954,0.0671517025151062,53.9248343860082,82.1848343860084
BATTERY,group,g2,1,0.2,5,43,0.13139534883720924,0.1627906976744186,0.07068181818181815,0.7906976744186046,131.36866737225947,0.1601749583290597,53.9248343860082,102.52483438600821
BATTERY,group,g2,2,0.05,1,43,0.13988372093023252,0.1627906976744186,0.09999999999999996,0.6511627906976745,46.219672830725465,0.1468069918622817,49.61815718296489,65.05315718296478
BATTERY,group,g2,2,0.05,5,43,0.13930232558139533,0.1627906976744186,0.0861363636363636,0.6511627906976745,49.223564694393644,0.2398302476762352,49.61815718296489,64.82815718296489
BATTERY,group,g2,2,0.1,1,43,0.12162790697674414,0.1395348837209302,0.09840909090909088,0.6511627906976745,48.41551956815115,0.085031402907885,49.61815718296489,66.35815718296502
BATTERY,group,g2,2,0.1,5,43,0.12755813953488368,0.1627906976744186,0.08386363636363633,0.6511627906976745,62.04244554560344,0.1780546587218385,49.61815718296489,70.94815718296489
BATTERY,group,g2,2,0.2,1,43,0.11616279069767436,0.1162790697674418,0.0968181818181818,0.6511627906976745,54.24130229419703,0.0541436084306867,49.61815718296489,74.63815718296503
BATTERY,group,g2,2,0.2,5,43,0.13465116279069764,0.1627906976744186,0.10022727272727269,0.6511627906976745,114.87817391581866,0.1471668642446402,49.61815718296489,103.2581571829649
BATTERY,group,g3,0,0.05,1,44,0.15874999999999997,0.1818181818181818,0.10795454545454541,0.5909090909090909,52.09029397818872,0.1437045725513167,48.50642920095541,71.77142920095525
BATTERY,group,g3,0,0.05,5,44,0.15920454545454543,0.1818181818181818,0.1011363636363636,0.5909090909090909,54.072795640348275,0.2346136634604076,48.50642920095541,71.95142920095542
BATTERY,group,g3,0,0.1,1,44,0.1322727272727272,0.1363636363636363,0.10477272727272723,0.5909090909090909,56.40961812014443,0.0832159226392947,48.50642920095541,74.06642920095554
BATTERY,group,g3,0,0.1,5,44,0.1342045454545454,0.1590909090909091,0.09431818181818179,0.5909090909090909,66.11331951891162,0.1741250135483856,48.50642920095541,75.59642920095541
BATTERY,group,g3,0,0.2,1,44,0.11602272727272724,0.1363636363636363,0.09454545454545453,0.5909090909090909,63.377248144399466,0.0529715976832837,48.50642920095541,73.88642920095556
BATTERY,group,g3,0,0.2,5,44,0.1321590909090909,0.1818181818181818,0.1027272727272727,0.5909090909090909,123.77542104351315,0.1438806885923746,48.50642920095541,99.44642920095541
BATTERY,group,g3,1,0.05,1,44,0.17511363636363633,0.2045454545454545,0.11977272727272723,0.7272727272727273,53.804707280588865,0.1767619725489084,48.21123555914676,77.95623555914658
BATTERY,group,g3,1,0.05,5,44,0.17784090909090908,0.2045454545454545,0.10681818181818178,0.7272727272727273,57.72154451975195,0.2676710634579993,48.21123555914676,79.03623555914676
BATTERY,group,g3,1,0.1,1,44,0.14022727272727267,0.1590909090909091,0.10477272727272723,0.7272727272727273,58.51839688879162,0.0997446226380905,48.21123555914676,80.07123555914688
BATTERY,group,g3,1,0.1,5,44,0.14318181818181816,0.16022727272727233,0.09590909090909089,0.7272727272727273,68.50781534049956,0.1906537135471815,48.21123555914676,82.41123555914675
BATTERY,group,g3,1,0.2,1,44,0.12284090909090904,0.1363636363636363,0.10409090909090907,0.7272727272727273,64.7921862348178,0.0612359476826816,48.21123555914676,84.39123555914695
BATTERY,group,g3,1,0.2,5,44,0.13136363636363632,0.1818181818181818,0.0877272727272727,0.7272727272727273,151.2975951052267,0.1521450385917725,48.21123555914676,97.89123555914675
BATTERY,group,g3,2,0.05,1,44,0.15852272727272726,0.1818181818181818,0.11727272727272724,0.5227272727272727,52.361206877206875,0.2052505009960278,53.168214039874144,76.34321403987396
BATTERY,group,g3,2,0.05,5,44,0.16238636363636363,0.1818181818181818,0.10727272727272723,0.5227272727272727,55.25497710492447,0.2961595919051187,53.168214039874144,77.87321403987414
BATTERY,group,g3,2,0.1,1,44,0.13159090909090904,0.1590909090909091,0.09886363636363633,0.5227272727272727,57.33452155596892,0.1139888868616502,53.168214039874144,78.18821403987427
BATTERY,group,g3,2,0.1,5,44,0.13340909090909087,0.1590909090909091,0.0927272727272727,0.5227272727272727,63.81250001519739,0.2048979777707412,53.168214039874144,79.62821403987414
BATTERY,group,g3,2,0.2,1,44,0.11840909090909087,0.1363636363636363,0.09795454545454543,0.5227272727272727,64.19219973009447,0.0683580797944615,53.168214039874144,82.32821403987431
BATTERY,group,g3,2,0.2,5,44,0.12931818181818178,0.1590909090909091,0.10386363636363632,0.5227272727272727,104.55724722343801,0.1592671707035524,53.168214039874144,99.60821403987414
NCMAPSS,cv,cv1,0,0.05,1,20,0.151,0.2,0.1215,0.2,20.139303513071894,0.5454476492881366,23.68814539674772,26.74814539674771
NCMAPSS,cv,cv1,0,0.05,5,20,0.15625,0.2,0.1145,0.2,20.102206699346404,0.7454476492881366,23.68814539674772,27.06314539674772
NCMAPSS,cv,cv1,0,0.1,1,20,0.13775,0.15,0.10400000000000001,0.2,21.404750816993463,0.2977238246440682,23.68814539674772,28.21814539674769
NCMAPSS,cv,cv1,0,0.1,5,20,0.13175,0.2,0.08700000000000001,0.2,21.362846580298786,0.4977238246440683,23.68814539674772,27.498145396747724
NCMAPSS,cv,cv1,0,0.2,1,20,0.12525,0.15,0.10400000000000001,0.2,23.149101307189543,0.1738619123220341,23.68814539674772,29.748145396747724
NCMAPSS,cv,cv1,0,0.2,5,20,0.13075,0.2,0.085,0.2,25.29324445611578,0.3738619123220341,23.68814539674772,31.068145396747724
NCMAPSS,cv,cv1,1,0.05,1,20,0.14025,0.2,0.138,0.15,19.980592320261437,0.4700672990166054,22.43389366442693,24.848893664426917
NCMAPSS,cv,cv1,1,0.05,5,20,0.14425000000000002,0.2,0.14100000000000001,0.15,19.804319852941177,0.6700672990166053,22.43389366442693,25.088893664426926
NCMAPSS,cv,cv1,1,0.1,1,20,0.13324999999999998,0.15,0.128,0.15,20.984395424836602,0.2600336495083027,22.43389366442693,26.423893664426906
NCMAPSS,cv,cv1,1,0.1,5,20,0.14125,0.2,0.128,0.15,20.887439542483662,0.4600336495083026,22.43389366442693,27.383893664426928
NCMAPSS,cv,cv1,1,0.2,1,20,0.12225,0.15,0.114,0.15,22.369689542483663,0.1550168247541513,22.43389366442693,27.773893664426936
NCMAPSS,cv,cv1,1,0.2,5,20,0.13949999999999999,0.2,0.10550000000000001,0.15,24.096615368077053,0.3550168247541513,22.43389366442693,31.913893664426933
NCMAPSS,cv,cv1,2,0.05,1,20,0.04625,0.05,0.043500000000000004,0.0,27.10975,0.6750225118789162,37.24172862140996,34.01672862141001
NCMAPSS,cv,cv1,2,0.05,5,20,0.03725,0.05,0.043500000000000004,0.0,26.890815789473685,0.8750225118789161,37.24172862140996,33.476728621409954
NCMAPSS,cv,cv1,2,0.1,1,20,0.05,0.05,0.051000000000000004,0.0,25.980191520467837,0.362511255939458,37.24172862140996,31.241728621409926
NCMAPSS,cv,cv1,2,0.1,5,20,0.04825,0.1,0.0655,0.0,25.72367844857241,0.562511255939458,37.24172862140996,31.031728621409957
NCMAPSS,cv,cv1,2,0.2,1,20,0.07200000000000001,0.1,0.0825,0.0,25.188494152046783,0.206255627969729,37.24172862140996,30.521728621409935
NCMAPSS,cv,cv1,2,0.2,5,20,0.07550000000000001,0.15,0.12,0.0,25.044356897144823,0.406255627969729,37.24172862140996,31.361728621409956
NCMAPSS,cv,cv2,0,0.05,1,20,0.05,0.05,0.052000000000000005,0.05,32.066315789473684,0.7080683201924648,30.95133154644905,27.95133154644904
NCMAPSS,cv,cv2,0,0.05,5,20,0.05,0.05,0.052000000000000005,0.05,32.383947368421055,0.9080683201924648,30.95133154644905,27.95133154644905
NCMAPSS,cv,cv2,0,0.1,1,20,0.05,0.05,0.052000000000000005,0.05,30.28184210526316,0.3790341600962323,30.95133154644905,24.951331546449023
NCMAPSS,cv,cv2,0,0.1,5,20,0.05,0.05,0.052000000000000005,0.05,31.09526315789474,0.5790341600962324,30.95133154644905,24.95133154644905
NCMAPSS,cv,cv2,0,0.2,1,20,0.06325,0.1,0.0785,0.05,28.31687134502924,0.2145170800481161,30.95133154644905,22.13133154644906
NCMAPSS,cv,cv2,0,0.2,5,20,0.07975,0.2,0.1115,0.05,28.918407830237356,0.4145170800481162,30.95133154644905,26.09133154644905
NCMAPSS,cv,cv2,1,0.05,1,20,0.05,0.05,0.051000000000000004,0.05,27.301052631578944,0.5188819020551316,25.731789556116524,22.73178955611651
NCMAPSS,cv,cv2,1,0.05,5,20,0.05,0.05,0.051000000000000004,0.05,27.637368421052635,0.7188819020551317,25.731789556116524,22.731789556116524
NCMAPSS,cv,cv2,1,0.1,1,20,0.05375,0.1,0.0585,0.05,25.817266081871345,0.2844409510275658,25.731789556116524,20.181789556116495
NCMAPSS,cv,cv2,1,0.1,5,20,0.05475000000000001,0.1,0.060500000000000005,0.05,26.40317509459924,0.4844409510275658,25.731789556116524,20.301789556116525
NCMAPSS,cv,cv2,1,0.2,1,20,0.08200000000000002,0.1,0.098,0.05,25.828442552459578,0.1672204755137829,25.731789556116524,21.41178955611654
NCMAPSS,cv,cv2,1,0.2,5,20,0.0805,0.15249999999999914,0.11200000000000002,0.05,26.033825786893704,0.3672204755137829,25.731789556116524,21.051789556116525
NCMAPSS,cv,cv2,2,0.05,1,20,0.052000000000000005,0.05,0.055,0.05,22.338040935672517,0.5361360224525316,22.746646737146435,19.86664673714642
NCMAPSS,cv,cv2,2,0.05,5,20,0.0525,0.05249999999999915,0.05600000000000001,0.05,22.885102339181284,0.7361360224525316,22.746646737146435,19.896646737146433
NCMAPSS,cv,cv2,2,0.1,1,20,0.07375,0.1,0.0875,0.05,21.987242862057105,0.2930680112262658,22.746646737146435,19.596646737146408
NCMAPSS,cv,cv2,2,0.1,5,20,0.06925,0.15,0.08950000000000001,0.05,21.986917032163742,0.4930680112262658,22.746646737146435,19.056646737146433
NCMAPSS,cv,cv2,2,0.2,1,20,0.1025,0.15,0.1005,0.05,24.37577485380117,0.1715340056131329,22.746646737146435,23.346646737146447
NCMAPSS,cv,cv2,2,0.2,5,20,0.11474999999999999,0.2,0.1435,0.05,26.177882503439974,0.3715340056131329,22.746646737146435,26.286646737146434
NCMAPSS,cv,cv3,0,0.05,1,20,0.09825,0.1,0.1065,0.1,32.87127192982456,0.6758170378995991,31.58752956835903,31.48252956835904
NCMAPSS,cv,cv3,0,0.05,5,20,0.0975,0.1,0.1065,0.1,32.86194444444445,0.8758170378995992,31.58752956835903,31.437529568359032
NCMAPSS,cv,cv3,0,0.1,1,20,0.09525,0.1,0.10700000000000001,0.1,32.257829377364985,0.3629085189497996,31.58752956835903,31.017529568359
NCMAPSS,cv,cv3,0,0.1,5,20,0.0955,0.1,0.1085,0.1,32.48372463020296,0.5629085189497995,31.58752956835903,31.04752956835903
NCMAPSS,cv,cv3,0,0.2,1,20,0.096,0.1,0.10200000000000001,0.1,32.234854661162714,0.2064542594748998,31.58752956835903,30.627529568359023
NCMAPSS,cv,cv3,0,0.2,5,20,0.09849999999999999,0.15,0.1145,0.1,32.732876547987615,0.4064542594748997,31.58752956835903,31.22752956835903
NCMAPSS,cv,cv3,1,0.05,1,20,0.0995,0.15,0.1015,0.1,25.789314585483318,0.6342642277193192,25.30994807054099,25.27994807054098
NCMAPSS,cv,cv3,1,0.05,5,20,0.1085,0.15,0.113,0.1,26.15391468868249,0.8342642277193193,25.30994807054099,25.819948070540992
NCMAPSS,cv,cv3,1,0.1,1,20,0.10225,0.15,0.10300000000000001,0.1,26.221860165118677,0.3421321138596596,25.30994807054099,25.579948070540958
NCMAPSS,cv,cv3,1,0.1,5,20,0.10975,0.15,0.1155,0.1,26.644908733230135,0.5421321138596596,25.30994807054099,26.479948070540992
NCMAPSS,cv,cv3,1,0.2,1,20,0.10550000000000001,0.15,0.10550000000000001,0.1,27.532892156862744,0.1960660569298298,25.30994807054099,26.629948070541
NCMAPSS,cv,cv3,1,0.2,5,20,0.126,0.2,0.11,0.1,29.908072518919848,0.3960660569298298,25.30994807054099,31.549948070540992
NCMAPSS,cv,cv3,2,0.05,1,20,0.05550000000000001,0.1,0.0635,0.05,34.65728070175439,0.6498969995278846,37.95399814462038,35.28399814462043
NCMAPSS,cv,cv3,2,0.05,5,20,0.053000000000000005,0.1,0.0585,0.05,34.787353801169594,0.8498969995278846,37.95399814462038,35.13399814462038
NCMAPSS,cv,cv3,2,0.1,1,20,0.07425000000000001,0.1,0.086,0.05,34.52141812865497,0.3499484997639423,37.95399814462038,34.86399814462035
NCMAPSS,cv,cv3,2,0.1,5,20,0.06125,0.1,0.075,0.05,34.15701926384589,0.5499484997639423,37.95399814462038,33.30399814462038
NCMAPSS,cv,cv3,2,0.2,1,20,0.08875,0.1,0.10200000000000001,0.05,34.31185070519436,0.1999742498819711,37.95399814462038,35.25399814462035
NCMAPSS,cv,cv3,2,0.2,5,20,0.08725,0.15,0.1065,0.05,34.17437747248022,0.3999742498819711,37.95399814462038,34.893998144620376
NCMAPSS,cv,cv4,0,0.05,1,20,0.08425,0.1,0.09700000000000002,0.05,25.792397660818715,0.6285657592469306,31.03968646578249,30.094686465782488
NCMAPSS,cv,cv4,0,0.05,5,20,0.0785,0.1,0.0925,0.05,25.656695906432745,0.8285657592469307,31.03968646578249,29.749686465782492
NCMAPSS,cv,cv4,0,0.1,1,20,0.094,0.15,0.11,0.05,25.84300481596147,0.3392828796234653,31.03968646578249,30.319686465782464
NCMAPSS,cv,cv4,0,0.1,5,20,0.09225,0.15,0.12,0.05,25.413848684210524,0.5392828796234653,31.03968646578249,30.10968646578249
NCMAPSS,cv,cv4,0,0.2,1,20,0.1065,0.15,0.10950000000000001,0.05,27.474549363605092,0.1946414398117326,31.03968646578249,32.59968646578248
NCMAPSS,cv,cv4,0,0.2,5,20,0.11925000000000001,0.15,0.1165,0.05,27.806952936876506,0.3946414398117326,31.03968646578249,35.65968646578249
NCMAPSS,cv,cv4,1,0.05,1,20,0.12375,0.15,0.1275,0.15,25.03969814241486,0.6640888200647972,30.566307418196267,31.991307418196275
NCMAPSS,cv,cv4,1,0.05,5,20,0.12050000000000001,0.15,0.1165,0.15,25.109934640522873,0.8640888200647971,30.566307418196267,31.796307418196264
NCMAPSS,cv,cv4,1,0.1,1,20,0.11325000000000002,0.15,0.115,0.15,25.17517371861025,0.3570444100323985,30.566307418196267,32.156307418196235
NCMAPSS,cv,cv4,1,0.1,5,20,0.12125,0.15,0.11800000000000001,0.15,25.81800728844169,0.5570444100323986,30.566307418196267,33.116307418196264
NCMAPSS,cv,cv4,1,0.2,1,20,0.1115,0.15,0.106,0.15,26.33780959752322,0.2035222050161992,30.566307418196267,33.32630741819625
NCMAPSS,cv,cv4,1,0.2,5,20,0.12300000000000001,0.15249999999999914,0.10450000000000001,0.15,28.440241314069485,0.4035222050161993,30.566307418196267,36.08630741819626
NCMAPSS,cv,cv4,2,0.05,1,20,0.1225,0.15,0.1085,0.1,19.76653390522876,0.6347117819490434,23.382389439445205,24.732389439445193
NCMAPSS,cv,cv4,2,0.05,5,20,0.11675,0.15,0.114,0.1,19.142305964052287,0.8347117819490434,23.382389439445205,24.387389439445204
NCMAPSS,cv,cv4,2,0.1,1,20,0.12625,0.15,0.11,0.1,21.083747957516337,0.3423558909745217,23.382389439445205,26.53238943944518
NCMAPSS,cv,cv4,2,0.1,5,20,0.12525,0.15,0.11599999999999999,0.1,20.318330473856207,0.5423558909745217,23.382389439445205,26.412389439445207
NCMAPSS,cv,cv4,2,0.2,1,20,0.12325,0.15,0.1025,0.1,23.08302287581699,0.1961779454872608,23.382389439445205,28.96238943944521
NCMAPSS,cv,cv4,2,0.2,5,20,0.14475,0.25,0.095,0.1,25.33343382352941,0.3961779454872609,23.382389439445205,34.12238943944521
NCMAPSS,cv,cv5,0,0.05,1,19,0.11394736842105259,0.1578947368421052,0.10400000000000001,0.1578947368421052,29.642375408496733,0.5668286796657548,30.79911179927716,31.594111799277165
NCMAPSS,cv,cv5,0,0.05,5,19,0.12631578947368416,0.1578947368421052,0.10950000000000001,0.1578947368421052,30.06427614379085,0.7773549954552285,30.79911179927716,32.299111799277156
NCMAPSS,cv,cv5,0,0.1,1,19,0.11078947368421048,0.1578947368421052,0.105,0.1578947368421052,30.073876633986927,0.3097301293065616,30.79911179927716,32.02911179927713
NCMAPSS,cv,cv5,0,0.1,5,19,0.11999999999999994,0.1578947368421052,0.106,0.1578947368421052,31.190679330065358,0.5202564450960353,30.79911179927716,33.079111799277165
NCMAPSS,cv,cv5,0,0.2,1,19,0.10684210526315784,0.1052631578947368,0.0975,0.1578947368421052,31.621711601307187,0.181180854126965,30.79911179927716,32.359111799277144
NCMAPSS,cv,cv5,0,0.2,5,19,0.12842105263157888,0.2105263157894736,0.09450000000000001,0.1578947368421052,35.574480392156865,0.3917071699164387,30.79911179927716,37.27911179927716
NCMAPSS,cv,cv5,1,0.05,1,19,0.14499999999999993,0.1578947368421052,0.126,0.2105263157894736,26.938174019607843,0.6099826811634845,24.955089427771167,27.520089427771158
NCMAPSS,cv,cv5,1,0.05,5,19,0.15263157894736834,0.2105263157894736,0.1285,0.2105263157894736,27.178794467787114,0.8205089969529582,24.955089427771167,27.955089427771167
NCMAPSS,cv,cv5,1,0.1,1,19,0.13315789473684206,0.1578947368421052,0.117,0.2105263157894736,27.681671568627454,0.3313071300554264,24.955089427771167,28.735089427771143
NCMAPSS,cv,cv5,1,0.1,5,19,0.14184210526315785,0.2105263157894736,0.11349999999999999,0.2105263157894736,28.46825980392157,0.5418334458449001,24.955089427771167,29.725089427771167
NCMAPSS,cv,cv5,1,0.2,1,19,0.12473684210526309,0.1578947368421052,0.109,0.2105263157894736,29.487665441176475,0.1919693545013974,24.955089427771167,30.595089427771164
NCMAPSS,cv,cv5,1,0.2,5,19,0.13526315789473678,0.2105263157894736,0.098,0.2105263157894736,31.845538865546217,0.4024956702908711,24.955089427771167,32.99508942777117
NCMAPSS,cv,cv5,2,0.05,1,19,0.19131578947368413,0.2105263157894736,0.156,0.2631578947368421,26.775669642857142,0.5406607325508883,23.606311124950857,28.811311124950844
NCMAPSS,cv,cv5,2,0.05,5,19,0.19263157894736835,0.2631578947368421,0.1565,0.2631578947368421,26.266605217086834,0.751187048340362,23.606311124950857,28.886311124950858
NCMAPSS,cv,cv5,2,0.1,1,19,0.15526315789473677,0.1578947368421052,0.113,0.2631578947368421,27.794542892156866,0.2966461557491284,23.606311124950857,29.90631112495083
NCMAPSS,cv,cv5,2,0.1,5,19,0.16394736842105256,0.2105263157894736,0.11,0.2631578947368421,28.014620098039217,0.5071724715386021,23.606311124950857,30.896311124950856
NCMAPSS,cv,cv5,2,0.2,1,19,0.12947368421052627,0.1578947368421052,0.0965,0.2631578947368421,28.382647058823533,0.1746388673482484,23.606311124950857,30.326311124950852
NCMAPSS,cv,cv5,2,0.2,5,19,0.1297368421052631,0.1605263157894727,0.0655,0.2631578947368421,31.333724964985993,0.3851651831377221,23.606311124950857,30.386311124950854
NCMAPSS,group,g0,0,0.05,1,10,0.0,0.0,0.0,0.0,36.869499999999995,1.0939640941176343,25.062194628916867,22.06219462891686
NCMAPSS,group,g0,0,0.05,5,10,0.0,0.0,0.0,0.0,37.4995,1.4939640941176344,25.062194628916867,22.062194628916867
NCMAPSS,group,g0,0,0.1,1,10,0.0,0.0,0.0,0.0,34.985,0.5969820470588173,25.062194628916867,19.062194628916853
NCMAPSS,group,g0,0,0.1,5,10,0.0,0.0,0.0,0.0,36.618,0.9969820470588172,25.062194628916867,19.062194628916867
NCMAPSS,group,g0,0,0.2,1,10,0.0,0.0,0.0,0.0,30.9725,0.3484910235294086,25.062194628916867,13.062194628916876
NCMAPSS,group,g0,0,0.2,5,10,0.0,0.0,0.0,0.0,34.411,0.7484910235294087,25.062194628916867,13.062194628916869
NCMAPSS,group,g0,1,0.05,1,10,0.0,0.0,0.0,0.0,31.480999999999998,1.1528030526131212,25.63202407648246,22.63202407648245
NCMAPSS,group,g0,1,0.05,5,10,0.0,0.0,0.0,0.0,32.1205,1.5528030526131211,25.63202407648246,22.63202407648246
NCMAPSS,group,g0,1,0.1,1,10,0.0,0.0,0.0,0.0,29.743499999999997,0.6264015263065607,25.63202407648246,19.632024076482445
NCMAPSS,group,g0,1,0.1,5,10,0.0,0.0,0.0,0.0,31.099,1.026401526306561,25.63202407648246,19.63202407648246
NCMAPSS,group,g0,1,0.2,1,10,0.021,0.1,0.042,0.0,27.129944444444444,0.3632007631532803,25.63202407648246,16.152024076482466
NCMAPSS,group,g0,1,0.2,5,10,0.0,0.0,0.0,0.0,29.320999999999998,0.7632007631532803,25.63202407648246,13.632024076482459
NCMAPSS,group,g0,2,0.05,1,10,0.0,0.0,0.0,0.0,35.8715,1.101514262473919,27.42553862764136,24.425538627641355
NCMAPSS,group,g0,2,0.05,5,10,0.0,0.0,0.0,0.0,37.354,1.5015142624739188,27.42553862764136,24.42553862764136
NCMAPSS,group,g0,2,0.1,1,10,0.0,0.0,0.0,0.0,33.486,0.6007571312369594,27.42553862764136,21.425538627641345
NCMAPSS,group,g0,2,0.1,5,10,0.0,0.0,0.0,0.0,36.1945,1.0007571312369594,27.42553862764136,21.42553862764136
NCMAPSS,group,g0,2,0.2,1,10,0.0,0.0,0.0,0.0,29.1935,0.3503785656184797,27.42553862764136,15.425538627641366
NCMAPSS,group,g0,2,0.2,5,10,0.0,0.0,0.0,0.0,33.503,0.7503785656184797,27.42553862764136,15.42553862764136
NCMAPSS,group,g1,0,0.05,1,9,0.0,0.0,0.0,0.0,29.910555555555558,1.7723992456630868,31.83982632043516,29.139826320435155
NCMAPSS,group,g1,0,0.05,5,9,0.0,0.0,0.0,0.0,30.445,2.2168436901075315,31.83982632043516,29.13982632043516
NCMAPSS,group,g1,0,0.1,1,9,0.0,0.0,0.0,0.0,28.24222222222222,0.941755178387099,31.83982632043516,26.43982632043515
NCMAPSS,group,g1,0,0.1,5,9,0.0,0.0,0.0,0.0,29.662777777777777,1.3861996228315434,31.83982632043516,26.43982632043516
NCMAPSS,group,g1,0,0.2,1,9,0.0,0.0,0.0,0.0,24.49388888888889,0.5264331447491051,31.83982632043516,21.039826320435168
NCMAPSS,group,g1,0,0.2,5,9,0.0,0.0,0.0,0.0,27.145555555555557,0.9708775891935496,31.83982632043516,21.039826320435157
NCMAPSS,group,g1,1,0.05,1,9,0.0,0.0,0.0,0.0,22.286111111111108,1.244674666719654,27.339818225265805,24.6398182252658
NCMAPSS,group,g1,1,0.05,5,9,0.0,0.0,0.0,0.0,22.91777777777778,1.6891191111640984,27.339818225265805,24.63981822526581
NCMAPSS,group,g1,1,0.1,1,9,0.0,0.0,0.0,0.0,20.78611111111111,0.6778928889153826,27.339818225265805,21.939818225265796
NCMAPSS,group,g1,1,0.1,5,9,0.0,0.0,0.0,0.0,22.09,1.122337333359827,27.339818225265805,21.939818225265803
NCMAPSS,group,g1,1,0.2,1,9,0.0,0.0,0.0,0.0,18.239444444444445,0.3945020000132468,27.339818225265805,16.53981822526581
NCMAPSS,group,g1,1,0.2,5,9,0.0,0.0,0.0,0.0,20.494444444444444,0.8389464444576912,27.339818225265805,16.539818225265805
NCMAPSS,group,g1,2,0.05,1,9,0.028333333333333332,0.1111111111111111,0.051000000000000004,0.0,17.31083333333333,1.1506649881601372,27.302526165311544,25.36752616531153
NCMAPSS,group,g1,2,0.05,5,9,0.0,0.0,0.0,0.0,17.628333333333334,1.5951094326045818,27.302526165311544,24.602526165311545
NCMAPSS,group,g1,2,0.1,1,9,0.08333333333333331,0.1111111111111111,0.15,0.0,17.591597222222223,0.6308880496356243,27.302526165311544,26.40252616531153
NCMAPSS,group,g1,2,0.1,5,9,0.04944444444444444,0.1111111111111111,0.08900000000000001,0.0,17.42152777777778,1.0753324940800686,27.302526165311544,24.572526165311547
NCMAPSS,group,g1,2,0.2,1,9,0.10944444444444444,0.1111111111111111,0.14200000000000002,0.0,18.987708333333334,0.3709995803733676,27.302526165311544,28.322526165311547
NCMAPSS,group,g1,2,0.2,5,9,0.10277777777777777,0.2222222222222222,0.185,0.0,16.999861111111112,0.8154440248178121,27.302526165311544,27.602526165311545
NCMAPSS,group,g2,0,0.05,1,15,0.013999999999999986,0.0666666666666666,0.02625,0.0,22.832952380952378,0.7845608417397837,27.62231505114385,23.752315051143842
NCMAPSS,group,g2,0,0.05,5,15,0.0,0.0,0.0,0.0,23.195,1.0512275084064504,27.62231505114385,23.12231505114385
NCMAPSS,group,g2,0,0.1,1,15,0.05666666666666661,0.0666666666666666,0.09875,0.0,22.91611904761905,0.4256137542032251,27.62231505114385,23.722315051143827
NCMAPSS,group,g2,0,0.1,5,15,0.0423333333333333,0.1333333333333333,0.079375,0.0,22.24307142857143,0.6922804208698918,27.62231505114385,22.43231505114385
NCMAPSS,group,g2,0,0.2,1,15,0.07633333333333327,0.1333333333333333,0.08875,0.0,23.350604395604396,0.2461402104349459,27.62231505114385,23.36231505114386
NCMAPSS,group,g2,0,0.2,5,15,0.09066666666666662,0.1333333333333333,0.13375,0.0,23.797569763569765,0.5128068771016125,27.62231505114385,25.94231505114385
NCMAPSS,group,g2,1,0.05,1,15,0.0666666666666666,0.0666666666666666,0.065,0.0666666666666666,22.40535714285714,0.7098558913393588,20.549907873426207,19.0499078734262
NCMAPSS,group,g2,1,0.05,5,15,0.0666666666666666,0.0666666666666666,0.065,0.0666666666666666,22.533214285714283,0.9765225580060256,20.549907873426207,19.049907873426207
NCMAPSS,group,g2,1,0.1,1,15,0.07866666666666661,0.1333333333333333,0.0875,0.0666666666666666,22.327032967032963,0.3882612790030127,20.549907873426207,18.629907873426188
NCMAPSS,group,g2,1,0.1,5,15,0.0726666666666666,0.1333333333333333,0.07625,0.0666666666666666,22.291428571428572,0.6549279456696795,20.549907873426207,18.089907873426206
NCMAPSS,group,g2,1,0.2,1,15,0.09566666666666661,0.1333333333333333,0.101875,0.0666666666666666,23.123571428571427,0.2274639728348397,20.549907873426207,19.76990787342622
NCMAPSS,group,g2,1,0.2,5,15,0.11733333333333329,0.2666666666666666,0.148125,0.0666666666666666,23.36802480852481,0.4941306395015064,20.549907873426207,23.669907873426208
NCMAPSS,group,g2,2,0.05,1,15,0.0,0.0,0.0,0.0,23.292666666666666,0.7219248223860673,29.503413359326075,25.003413359326064
NCMAPSS,group,g2,2,0.05,5,15,0.0,0.0,0.0,0.0,23.93833333333333,0.988591489052734,29.503413359326075,25.003413359326075
NCMAPSS,group,g2,2,0.1,1,15,0.030999999999999965,0.0666666666666666,0.058125,0.0,21.976047619047616,0.3942957445263669,29.503413359326075,23.293413359326056
NCMAPSS,group,g2,2,0.1,5,15,0.0,0.0,0.0,0.0,22.590333333333334,0.6609624111930337,29.503413359326075,20.503413359326075
NCMAPSS,group,g2,2,0.2,1,15,0.06633333333333327,0.0666666666666666,0.116875,0.0,22.291,0.2304812055965168,29.503413359326075,23.443413359326087
NCMAPSS,group,g2,2,0.2,5,15,0.11666666666666663,0.2,0.21875,0.0,21.62525915750916,0.4971478722631834,29.503413359326075,32.503413359326075
NCMAPSS,group,g3,0,0.05,1,10,0.1925,0.2,0.205,0.2,40.1921130952381,1.2510299457589005,31.41483661165462,34.189836611654634
NCMAPSS,group,g3,0,0.05,5,10,0.21050000000000002,0.3,0.233,0.2,40.22491071428571,1.6510299457589002,31.41483661165462,34.729836611654626
NCMAPSS,group,g3,0,0.1,1,10,0.16949999999999998,0.2,0.15200000000000002,0.2,40.607013888888886,0.6755149728794501,31.41483661165462,35.58483661165461
NCMAPSS,group,g3,0,0.1,5,10,0.20400000000000001,0.4,0.22,0.2,40.502021825396824,1.0755149728794502,31.41483661165462,37.65483661165462
NCMAPSS,group,g3,0,0.2,1,10,0.14100000000000001,0.2,0.09600000000000002,0.2,41.460486111111116,0.387757486439725,31.41483661165462,36.3348366116546
NCMAPSS,group,g3,0,0.2,5,10,0.18900000000000003,0.4,0.19,0.2,41.73082738095238,0.7877574864397251,31.41483661165462,42.09483661165462
NCMAPSS,group,g3,1,0.05,1,10,0.23399999999999999,0.3,0.157,0.4,32.26044642857143,1.1463040276287022,26.91552572431068,30.93552572431068
NCMAPSS,group,g3,1,0.05,5,10,0.29,0.4,0.185,0.4,33.00133928571429,1.5463040276287023,26.91552572431068,32.615525724310686
NCMAPSS,group,g3,1,0.1,1,10,0.20550000000000002,0.3,0.154,0.4,34.790218253968256,0.6231520138143511,26.91552572431068,33.24552572431067
NCMAPSS,group,g3,1,0.1,5,10,0.24050000000000002,0.3,0.086,0.4,35.828630952380955,1.023152013814351,26.91552572431068,35.34552572431068
NCMAPSS,group,g3,1,0.2,1,10,0.17600000000000002,0.2,0.133,0.4,36.85993055555556,0.3615760069071755,26.91552572431068,36.035525724310666
NCMAPSS,group,g3,1,0.2,5,10,0.2235,0.3,0.052000000000000005,0.4,44.403234126984124,0.7615760069071755,26.91552572431068,41.73552572431068
NCMAPSS,group,g3,2,0.05,1,10,0.2525,0.3,0.191,0.4,36.81205357142857,1.2064670839788283,25.450757635019595,30.02575763501959
NCMAPSS,group,g3,2,0.05,5,10,0.3,0.4,0.187,0.4,37.96208333333333,1.6064670839788282,25.450757635019595,31.450757635019595
NCMAPSS,group,g3,2,0.1,1,10,0.2415,0.3,0.172,0.4,40.67383928571429,0.6532335419894141,25.450757635019595,33.94075763501959
NCMAPSS,group,g3,2,0.1,5,10,0.2705,0.3,0.128,0.4,41.27541666666667,1.053233541989414,25.450757635019595,35.6807576350196
NCMAPSS,group,g3,2,0.2,1,10,0.19200000000000003,0.2,0.11200000000000002,0.4,45.00868055555556,0.3766167709947071,25.450757635019595,36.490757635019584
NCMAPSS,group,g3,2,0.2,5,10,0.2455,0.3,0.07800000000000001,0.4,48.678630952380956,0.776616770994707,25.450757635019595,42.9107576350196
NCMAPSS,group,g4,0,0.05,1,10,0.0,0.0,0.0,0.0,24.124499999999998,1.0052950852522946,26.198519759394493,23.19851975939449
NCMAPSS,group,g4,0,0.05,5,10,0.0,0.0,0.0,0.0,24.91,1.4052950852522943,26.198519759394493,23.198519759394493
NCMAPSS,group,g4,0,0.1,1,10,0.0,0.0,0.0,0.0,22.391,0.5526475426261472,26.198519759394493,20.19851975939448
NCMAPSS,group,g4,0,0.1,5,10,0.0,0.0,0.0,0.0,24.053,0.9526475426261471,26.198519759394493,20.198519759394493
NCMAPSS,group,g4,0,0.2,1,10,0.0585,0.1,0.117,0.0,20.844333333333335,0.3263237713130736,26.198519759394493,21.2185197593945
NCMAPSS,group,g4,0,0.2,5,10,0.0,0.0,0.0,0.0,22.133499999999998,0.7263237713130736,26.198519759394493,14.198519759394491
NCMAPSS,group,g4,1,0.05,1,10,0.0,0.0,0.0,0.0,28.276500000000002,0.9618263649414276,28.990094116842418,25.99009411684241
NCMAPSS,group,g4,1,0.05,5,10,0.0,0.0,0.0,0.0,28.9585,1.3618263649414275,28.990094116842418,25.99009411684242
NCMAPSS,group,g4,1,0.1,1,10,0.0,0.0,0.0,0.0,26.67,0.5309131824707138,28.990094116842418,22.9900941168424
NCMAPSS,group,g4,1,0.1,5,10,0.0,0.0,0.0,0.0,28.171,0.930913182470714,28.990094116842418,22.99009411684242
NCMAPSS,group,g4,1,0.2,1,10,0.033,0.1,0.066,0.0,23.851444444444446,0.3154565912353569,28.990094116842418,20.950094116842426
NCMAPSS,group,g4,1,0.2,5,10,0.0,0.0,0.0,0.0,25.67,0.7154565912353569,28.990094116842418,16.990094116842418
NCMAPSS,group,g4,2,0.05,1,10,0.0,0.0,0.0,0.0,29.983,1.003638674016984,26.70212276275988,23.702122762759874
NCMAPSS,group,g4,2,0.05,5,10,0.0,0.0,0.0,0.0,30.788,1.4036386740169842,26.70212276275988,23.70212276275988
NCMAPSS,group,g4,2,0.1,1,10,0.0,0.0,0.0,0.0,28.104499999999998,0.5518193370084921,26.70212276275988,20.702122762759863
NCMAPSS,group,g4,2,0.1,5,10,0.0,0.0,0.0,0.0,29.7385,0.951819337008492,26.70212276275988,20.70212276275988
NCMAPSS,group,g4,2,0.2,1,10,0.0235,0.1,0.047,0.0,25.2375,0.325909668504246,26.70212276275988,17.522122762759885
NCMAPSS,group,g4,2,0.2,5,10,0.0,0.0,0.0,0.0,28.031,0.725909668504246,26.70212276275988,14.702122762759878
NCMAPSS,group,g5,0,0.05,1,10,0.0105,0.1,0.021,0.0,23.13572222222222,1.0395226262437414,29.30502087710671,26.620020877106704
NCMAPSS,group,g5,0,0.05,5,10,0.0,0.0,0.0,0.0,23.5865,1.4395226262437413,29.30502087710671,26.30502087710671
NCMAPSS,group,g5,0,0.1,1,10,0.051500000000000004,0.1,0.10300000000000001,0.0,23.204333333333334,0.5697613131218707,29.30502087710671,26.3950208771067
NCMAPSS,group,g5,0,0.1,5,10,0.051500000000000004,0.1,0.10300000000000001,0.0,23.678444444444445,0.9697613131218706,29.30502087710671,26.39502087710671
NCMAPSS,group,g5,0,0.2,1,10,0.084,0.1,0.127,0.0,23.307055555555557,0.3348806565609353,29.30502087710671,27.38502087710672
NCMAPSS,group,g5,0,0.2,5,10,0.051500000000000004,0.1,0.10300000000000001,0.0,22.305333333333333,0.7348806565609354,29.30502087710671,23.48502087710671
NCMAPSS,group,g5,1,0.05,1,10,0.0,0.0,0.0,0.0,22.81,0.9569486779251916,25.86718197708962,22.86718197708961
NCMAPSS,group,g5,1,0.05,5,10,0.0,0.0,0.0,0.0,23.465500000000002,1.3569486779251916,25.86718197708962,22.86718197708962
NCMAPSS,group,g5,1,0.1,1,10,0.0,0.0,0.0,0.0,21.35,0.5284743389625958,25.86718197708962,19.867181977089604
NCMAPSS,group,g5,1,0.1,5,10,0.0,0.0,0.0,0.0,22.7635,0.9284743389625958,25.86718197708962,19.86718197708962
NCMAPSS,group,g5,1,0.2,1,10,0.062,0.1,0.124,0.0,19.29788888888889,0.3142371694812979,25.86718197708962,21.307181977089627
NCMAPSS,group,g5,1,0.2,5,10,0.0,0.0,0.0,0.0,20.445999999999998,0.7142371694812979,25.86718197708962,13.86718197708962
NCMAPSS,group,g5,2,0.05,1,10,0.09,0.1,0.10400000000000001,0.0,23.704166666666666,1.069807816390956,29.29486468536254,28.994864685362533
NCMAPSS,group,g5,2,0.05,5,10,0.052000000000000005,0.1,0.10400000000000001,0.0,22.79705555555556,1.4698078163909558,29.29486468536254,27.85486468536254
NCMAPSS,group,g5,2,0.1,1,10,0.09,0.1,0.10400000000000001,0.0,23.67811111111111,0.584903908195478,29.29486468536254,28.69486468536253
NCMAPSS,group,g5,2,0.1,5,10,0.052000000000000005,0.1,0.10400000000000001,0.0,22.173722222222224,0.984903908195478,29.29486468536254,26.41486468536254
NCMAPSS,group,g5,2,0.2,1,10,0.0925,0.1,0.109,0.0,23.614166666666666,0.342451954097739,29.29486468536254,28.394864685362545
NCMAPSS,group,g5,2,0.2,5,10,0.052000000000000005,0.1,0.10400000000000001,0.0,20.89677777777778,0.742451954097739,29.29486468536254,23.53486468536254
NCMAPSS,group,g6,0,0.05,1,10,0.0,0.0,0.0,0.0,28.331500000000002,1.121898795844252,31.26686115910549,28.266861159105485
NCMAPSS,group,g6,0,0.05,5,10,0.0,0.0,0.0,0.0,29.1025,1.5218987958442518,31.26686115910549,28.26686115910549
NCMAPSS,group,g6,0,0.1,1,10,0.0425,0.1,0.085,0.0,27.908888888888885,0.6109493979221259,31.26686115910549,27.81686115910548
NCMAPSS,group,g6,0,0.1,5,10,0.0,0.0,0.0,0.0,27.975,1.010949397922126,31.26686115910549,25.26686115910549
NCMAPSS,group,g6,0,0.2,1,10,0.07350000000000001,0.1,0.11200000000000002,0.0,28.016055555555553,0.355474698961063,31.26686115910549,28.08686115910549
NCMAPSS,group,g6,0,0.2,5,10,0.0545,0.1,0.109,0.0,27.32072222222222,0.755474698961063,31.26686115910549,25.806861159105488
NCMAPSS,group,g6,1,0.05,1,10,0.0,0.0,0.0,0.0,30.1135,1.0907022678568945,31.008287365922904,28.008287365922897
NCMAPSS,group,g6,1,0.05,5,10,0.0,0.0,0.0,0.0,30.9895,1.4907022678568944,31.008287365922904,28.0082873659229
NCMAPSS,group,g6,1,0.1,1,10,0.0,0.0,0.0,0.0,28.688499999999998,0.5953511339284473,31.008287365922904,25.00828736592289
NCMAPSS,group,g6,1,0.1,5,10,0.0,0.0,0.0,0.0,30.296,0.9953511339284472,31.008287365922904,25.0082873659229
NCMAPSS,group,g6,1,0.2,1,10,0.038000000000000006,0.1,0.07600000000000001,0.0,26.519666666666666,0.3476755669642236,31.008287365922904,23.56828736592291
NCMAPSS,group,g6,1,0.2,5,10,0.0,0.0,0.0,0.0,28.1915,0.7476755669642237,31.008287365922904,19.008287365922904
NCMAPSS,group,g6,2,0.05,1,10,0.012000000000000002,0.1,0.024000000000000004,0.0,20.263166666666667,0.8771454468978895,27.122473665933928,24.48247366593392
NCMAPSS,group,g6,2,0.05,5,10,0.0,0.0,0.0,0.0,20.859,1.2771454468978896,27.122473665933928,24.122473665933924
NCMAPSS,group,g6,2,0.1,1,10,0.0665,0.1,0.133,0.0,20.067777777777778,0.4885727234489447,27.122473665933928,25.112473665933923
NCMAPSS,group,g6,2,0.1,5,10,0.047,0.1,0.094,0.0,20.412777777777777,0.8885727234489448,27.122473665933928,23.942473665933925
NCMAPSS,group,g6,2,0.2,1,10,0.098,0.1,0.14300000000000002,0.0,21.691722222222225,0.2942863617244723,27.122473665933928,26.88247366593393
NCMAPSS,group,g6,2,0.2,5,10,0.153,0.3,0.306,0.0,20.38712896825397,0.6942863617244723,27.122473665933928,33.482473665933924
NCMAPSS,group,g7,0,0.05,1,15,0.19633333333333333,0.2666666666666666,0.160625,0.3333333333333333,26.103438228438225,0.8525596951284489,27.32550643049383,31.660506430493832
NCMAPSS,group,g7,0,0.05,5,15,0.22099999999999997,0.2666666666666666,0.1675,0.3333333333333333,26.618455128205127,1.1192263617951157,27.32550643049383,32.77050643049383
NCMAPSS,group,g7,0,0.1,1,15,0.17466666666666664,0.2,0.13875,0.3333333333333333,27.543805361305363,0.4596131808975577,27.32550643049383,34.04550643049381
NCMAPSS,group,g7,0,0.1,5,15,0.19766666666666666,0.2666666666666666,0.135625,0.3333333333333333,28.135331585081584,0.7262798475642244,27.32550643049383,36.11550643049383
NCMAPSS,group,g7,0,0.2,1,15,0.14699999999999996,0.2,0.1075,0.3333333333333333,29.25213827838828,0.2631399237821122,27.32550643049383,35.785506430493804
NCMAPSS,group,g7,0,0.2,5,15,0.1673333333333333,0.2666666666666666,0.08125,0.3333333333333333,32.16081585081585,0.5298065904487789,27.32550643049383,39.445506430493836
NCMAPSS,group,g7,1,0.05,1,15,0.25066666666666665,0.2666666666666666,0.2175,0.3333333333333333,27.386,0.7725778108687058,28.238073501959484,35.0180735019595
NCMAPSS,group,g7,1,0.05,5,15,0.27099999999999996,0.3333333333333333,0.23625,0.3333333333333333,27.14778787878788,1.0392444775353726,28.238073501959484,35.933073501959484
NCMAPSS,group,g7,1,0.1,1,15,0.195,0.2,0.153125,0.3333333333333333,27.70003205128205,0.4196222387676863,28.238073501959484,36.78807350195946
NCMAPSS,group,g7,1,0.1,5,15,0.21566666666666667,0.2666666666666666,0.16,0.3333333333333333,27.87859324009324,0.686288905434353,28.238073501959484,38.64807350195949
NCMAPSS,group,g7,1,0.2,1,15,0.14733333333333332,0.2,0.094375,0.3333333333333333,28.320897435897436,0.2431444527171764,28.238073501959484,36.75807350195946
NCMAPSS,group,g7,1,0.2,5,15,0.162,0.2666666666666666,0.06625,0.3333333333333333,31.80333682983683,0.5098111193838432,28.238073501959484,39.39807350195949
NCMAPSS,group,g7,2,0.05,1,15,0.19266666666666665,0.2,0.19,0.2,27.755,0.9746295125573944,32.44383519119174,36.61383519119177
NCMAPSS,group,g7,2,0.05,5,15,0.195,0.2,0.191875,0.2,27.182948717948715,1.241296179224061,32.44383519119174,36.71883519119174
NCMAPSS,group,g7,2,0.1,1,15,0.16566666666666666,0.2,0.146875,0.2,28.672051282051285,0.5206480896120305,32.44383519119174,38.35383519119171
NCMAPSS,group,g7,2,0.1,5,15,0.172,0.2,0.149375,0.2,28.40730769230769,0.7873147562786972,32.44383519119174,38.923835191191735
NCMAPSS,group,g7,2,0.2,1,15,0.1403333333333333,0.2,0.125625,0.2,29.891758241758243,0.2936573781393485,32.44383519119174,39.703835191191715
NCMAPSS,group,g7,2,0.2,5,15,0.15366666666666665,0.2,0.13125,0.2,30.492042124542124,0.5603240448060153,32.44383519119174,42.103835191191735
NCMAPSS,group,g8,0,0.05,1,10,0.1895,0.3,0.14100000000000001,0.3,17.72030753968254,1.2069883240286758,30.415250315660217,33.100250315660226
NCMAPSS,group,g8,0,0.05,5,10,0.20850000000000002,0.3,0.12300000000000001,0.3,17.77968253968254,1.606988324028676,30.415250315660217,33.67025031566021
NCMAPSS,group,g8,0,0.1,1,10,0.17350000000000002,0.2,0.10300000000000001,0.3,19.485833333333332,0.653494162014338,30.415250315660217,34.8252503156602
NCMAPSS,group,g8,0,0.1,5,10,0.203,0.3,0.11200000000000002,0.3,19.41517857142857,1.053494162014338,30.415250315660217,36.595250315660216
NCMAPSS,group,g8,0,0.2,1,10,0.138,0.2,0.084,0.3,20.151041666666668,0.3767470810071689,30.415250315660217,34.9752503156602
NCMAPSS,group,g8,0,0.2,5,10,0.17600000000000002,0.3,0.057999999999999996,0.3,23.281609126984126,0.776747081007169,30.415250315660217,39.535250315660214
NCMAPSS,group,g8,1,0.05,1,10,0.301,0.4,0.258,0.4,19.88922619047619,1.2747808377028826,28.58324551631924,34.61324551631925
NCMAPSS,group,g8,1,0.05,5,10,0.315,0.4,0.22,0.4,19.508988095238095,1.6747808377028828,28.58324551631924,35.03324551631924
NCMAPSS,group,g8,1,0.1,1,10,0.2345,0.3,0.166,0.4,21.05785714285714,0.6873904188514414,28.58324551631924,36.65324551631923
NCMAPSS,group,g8,1,0.1,5,10,0.2605,0.4,0.111,0.4,21.39130357142857,1.0873904188514414,28.58324551631924,38.21324551631924
NCMAPSS,group,g8,1,0.2,1,10,0.19,0.2,0.145,0.4,22.67909722222222,0.3936952094257206,28.58324551631924,39.38324551631922
NCMAPSS,group,g8,1,0.2,5,10,0.2455,0.4,0.081,0.4,26.417315476190474,0.7936952094257207,28.58324551631924,46.04324551631924
NCMAPSS,group,g8,2,0.05,1,10,0.1975,0.2,0.17900000000000002,0.5,18.114444444444445,0.9914696990615134,28.66591126291648,31.590911262916478
NCMAPSS,group,g8,2,0.05,5,10,0.27449999999999997,0.4,0.057999999999999996,0.5,20.68910119047619,1.3914696990615134,28.66591126291648,33.90091126291648
NCMAPSS,group,g8,2,0.1,1,10,0.1675,0.2,0.135,0.5,18.587777777777777,0.5457348495307567,28.66591126291648,32.715911262916464
NCMAPSS,group,g8,2,0.1,5,10,0.2455,0.4,0.0,0.5,23.92098214285714,0.9457348495307568,28.66591126291648,37.39591126291648
NCMAPSS,group,g8,2,0.2,1,10,0.133,0.2,0.066,0.5,20.651111111111113,0.3228674247653783,28.66591126291648,32.62591126291647
NCMAPSS,group,g8,2,0.2,5,10,0.2455,0.4,0.0,0.5,31.772271825396825,0.7228674247653782,28.66591126291648,46.12591126291648
