dataset,rep,split,signal,lead,m,alpha,draws,fail_mean,fail_sd,infeasible,notice_mean,mc_se
BATTERY,0,g1,CNA,0,5,0.1,300,0.0,0.0,1.0,785.7332258064516,0.0
BATTERY,0,g1,CNA,0,5,0.2,300,0.1629032258064516,0.17051258784450118,0.0,11.197823302289107,0.009844548849224246
BATTERY,0,g1,CNA,0,10,0.1,300,0.0965384615384615,0.10363774836300382,0.0,14.769806625750622,0.005983528191558695
BATTERY,0,g1,CNA,0,10,0.2,300,0.18025641025641023,0.13372665332015957,0.0,7.140832395525834,0.007720711929222188
BATTERY,0,g1,CNA,0,20,0.1,300,0.10416666666666667,0.09416135135598991,0.0,9.23806209068709,0.00543640815526397
BATTERY,0,g1,CNA,0,20,0.2,300,0.19708333333333333,0.12494494328194314,0.0,6.161066789691789,0.007213699663771239
BATTERY,0,g1,CNA,15,5,0.1,300,0.0,0.0,1.0,784.6476344086021,0.0
BATTERY,0,g1,CNA,15,5,0.2,300,0.16279569892473117,0.14174786620384278,0.0,26.341891824686858,0.008183816870984368
BATTERY,0,g1,CNA,15,10,0.1,300,0.09551282051282048,0.09108498653050635,0.0,29.076572611216548,0.005258794149252128
BATTERY,0,g1,CNA,15,10,0.2,300,0.19807692307692304,0.1347531361791574,0.0,23.429933045808085,0.007779975944718282
BATTERY,0,g1,CNA,15,20,0.1,300,0.09645833333333333,0.09104132306581521,0.0,26.144385767010764,0.005256273237942809
BATTERY,0,g1,CNA,15,20,0.2,300,0.18208333333333335,0.11942778028821763,0.0,22.95560229122729,0.006895166109812193
BATTERY,0,g1,CNA,30,5,0.1,300,0.0,0.0,1.0,785.3540860215054,0.0
BATTERY,0,g1,CNA,30,5,0.2,300,0.16516129032258062,0.15203433736635755,0.0,45.8189645488263,0.00877770656045329
BATTERY,0,g1,CNA,30,10,0.1,300,0.08525641025641022,0.09248644542341745,0.0,49.2893173772788,0.00533970741616017
BATTERY,0,g1,CNA,30,10,0.2,300,0.1701282051282051,0.12937705089828144,0.0,44.226146357527526,0.007469587516308269
BATTERY,0,g1,CNA,30,20,0.1,300,0.09354166666666666,0.09093794475654284,0.0,46.66519105894106,0.005250304688474132
BATTERY,0,g1,CNA,30,20,0.2,300,0.17979166666666666,0.12883116468412628,0.0,43.418666000666,0.007438070761039331
BATTERY,0,g1,CNA,45,5,0.1,300,0.0,0.0,1.0,785.2717204301076,0.0
BATTERY,0,g1,CNA,45,5,0.2,300,0.14795698924731182,0.13615504354392383,0.0,65.4546756140573,0.007860915104160962
BATTERY,0,g1,CNA,45,10,0.1,300,0.08371794871794869,0.09180779296398442,0.0,67.33636522163181,0.005300525398146183
BATTERY,0,g1,CNA,45,10,0.2,300,0.17205128205128203,0.12921538329111437,0.0,65.19295685237037,0.007460253632656555
BATTERY,0,g1,CNA,45,20,0.1,300,0.10104166666666667,0.09555581515492378,0.0,67.55280240592741,0.005516917560232936
BATTERY,0,g1,CNA,45,20,0.2,300,0.19708333333333333,0.1267100146592158,0.0,64.88156516169016,0.0073156061072519665
BATTERY,0,g1,CNAtrend,0,5,0.1,300,0.0,0.0,1.0,784.7822580645162,0.0
BATTERY,0,g1,CNAtrend,0,5,0.2,300,0.1632258064516129,0.1519340419415376,0.0,2.898881175402788,0.008771916001401462
BATTERY,0,g1,CNAtrend,0,10,0.1,300,0.09051282051282047,0.09701942959489304,0.0,3.45604804396981,0.005601419379323544
BATTERY,0,g1,CNAtrend,0,10,0.2,300,0.17128205128205123,0.12452730013331112,0.0,2.670057138650001,0.0071895870253424485
BATTERY,0,g1,CNAtrend,0,20,0.1,300,0.09375,0.09292769242839775,0.0,3.107290320790321,0.005365182823870619
BATTERY,0,g1,CNAtrend,0,20,0.2,300,0.1825,0.13062590512720282,0.0,2.5270138565138565,0.007541690148832905
BATTERY,0,g1,CNAtrend,15,5,0.1,300,0.0,0.0,1.0,786.1745161290322,0.0
BATTERY,0,g1,CNAtrend,15,5,0.2,300,0.17021505376344084,0.15563543210185815,0.0,21.24583732701768,0.008985615861945151
BATTERY,0,g1,CNAtrend,15,10,0.1,300,0.08769230769230765,0.09220687402307017,0.0,22.90984337995303,0.0053235663538353465
BATTERY,0,g1,CNAtrend,15,10,0.2,300,0.18628205128205125,0.12873300552099362,0.0,20.009299826387824,0.0074324035391135235
BATTERY,0,g1,CNAtrend,15,20,0.1,300,0.10458333333333333,0.10210387878249447,0.0,21.86549969012469,0.0058949701900378095
BATTERY,0,g1,CNAtrend,15,20,0.2,300,0.194375,0.1388336997837779,0.0,19.5683964970215,0.008015567394275586
BATTERY,0,g1,CNAtrend,30,5,0.1,300,0.0,0.0,1.0,785.0139784946236,0.0
BATTERY,0,g1,CNAtrend,30,5,0.2,300,0.16881720430107525,0.15563129520732935,0.0,40.588101403620115,0.00898537701822817
BATTERY,0,g1,CNAtrend,30,10,0.1,300,0.0897435897435897,0.0985905969635797,0.0,44.45889043440344,0.005692130769648864
BATTERY,0,g1,CNAtrend,30,10,0.2,300,0.17628205128205124,0.13391834432828656,0.0,38.691509051817626,0.007731779214736523
BATTERY,0,g1,CNAtrend,30,20,0.1,300,0.08791666666666667,0.08677635146051148,0.0,42.58860440947941,0.005010034987501987
BATTERY,0,g1,CNAtrend,30,20,0.2,300,0.1775,0.12269616060043177,0.0,37.6296547989048,0.007083866135119283
BATTERY,0,g1,CNAtrend,45,5,0.1,300,0.0,0.0,1.0,786.1309677419355,0.0
BATTERY,0,g1,CNAtrend,45,5,0.2,300,0.16387096774193546,0.15440115109042357,0.0,59.92897397903543,0.008914354614524412
BATTERY,0,g1,CNAtrend,45,10,0.1,300,0.08474358974358971,0.09385854897821655,0.0,65.82069759051753,0.005418925851832099
BATTERY,0,g1,CNAtrend,45,10,0.2,300,0.175,0.12928166913860106,0.0,56.3536562220595,0.007464080647845545
BATTERY,0,g1,CNAtrend,45,20,0.1,300,0.09125,0.10162506916245742,0.0,63.609039705664706,0.005867326103735912
BATTERY,0,g1,CNAtrend,45,20,0.2,300,0.18604166666666666,0.13254983576158674,0.0,53.423391099641094,0.007652768335799278
BATTERY,0,g2,CNA,0,5,0.1,300,0.0,0.0,1.0,469.86482456140357,0.0
BATTERY,0,g2,CNA,0,5,0.2,300,0.1609649122807017,0.14181221018928494,0.0,6.818826206938634,0.008187531772715945
BATTERY,0,g2,CNA,0,10,0.1,300,0.0949494949494949,0.10019263145684514,0.0,9.52666966814824,0.00578462427424265
BATTERY,0,g2,CNA,0,10,0.2,300,0.1926262626262626,0.13080088386376895,0.0,4.565535730943553,0.007551792550898798
BATTERY,0,g2,CNA,0,20,0.1,300,0.1004347826086956,0.08534829532349533,0.0,6.377654229940827,0.004927586127989571
BATTERY,0,g2,CNA,0,20,0.2,300,0.19202898550724634,0.11003010043095066,0.0,3.922106151342438,0.006352590810277091
BATTERY,0,g2,CNA,15,5,0.1,300,0.0,0.0,1.0,470.4468421052632,0.0
BATTERY,0,g2,CNA,15,5,0.2,300,0.15403508771929822,0.1384121361808785,0.0,25.65588674467789,0.007991228408314134
BATTERY,0,g2,CNA,15,10,0.1,300,0.09262626262626258,0.09358969205331968,0.0,29.047619140960656,0.005403403390035829
BATTERY,0,g2,CNA,15,10,0.2,300,0.19141414141414137,0.12228315538744491,0.0,22.50396787198779,0.007060021268029815
BATTERY,0,g2,CNA,15,20,0.1,300,0.09028985507246372,0.08605159009128825,0.0,26.73977029995712,0.00496819087034006
BATTERY,0,g2,CNA,15,20,0.2,300,0.18492753623188402,0.12442524332857678,0.0,21.915037109613937,0.007183694772973848
BATTERY,0,g2,CNA,30,5,0.1,300,0.0,0.0,1.0,470.409649122807,0.0
BATTERY,0,g2,CNA,30,5,0.2,300,0.15438596491228065,0.14417500422291157,0.0,43.68690743229745,0.008323947749851342
BATTERY,0,g2,CNA,30,10,0.1,300,0.09707070707070703,0.10706708971722285,0.0,47.6224019261166,0.006181521306958843
BATTERY,0,g2,CNA,30,10,0.2,300,0.18949494949494947,0.1335876889986303,0.0,39.560095678364384,0.007712688820377921
BATTERY,0,g2,CNA,30,20,0.1,300,0.1004347826086956,0.08804646275170737,0.0,43.258148783018285,0.0050833648970892605
BATTERY,0,g2,CNA,30,20,0.2,300,0.1931884057971014,0.10697449775307796,0.0,38.170926227702964,0.006176175507416457
BATTERY,0,g2,CNA,45,5,0.1,300,0.0,0.0,1.0,469.86245614035084,0.0
BATTERY,0,g2,CNA,45,5,0.2,300,0.15903508771929822,0.1455959100646994,0.0,64.9004321882191,0.008405983786876273
BATTERY,0,g2,CNA,45,10,0.1,300,0.08303030303030298,0.08271433222062687,0.0,67.44188689088675,0.004775514197341906
BATTERY,0,g2,CNA,45,10,0.2,300,0.1766666666666666,0.12172196917838884,0.0,63.98997612137629,0.007027621167143412
BATTERY,0,g2,CNA,45,20,0.1,300,0.08884057971014488,0.08257220697803148,0.0,66.66382899095889,0.004767308592634797
BATTERY,0,g2,CNA,45,20,0.2,300,0.1895652173913043,0.1186078103825419,0.0,63.78805391966173,0.006847825125235265
BATTERY,0,g2,CNAtrend,0,5,0.1,300,0.0,0.0,1.0,469.9801754385965,0.0
BATTERY,0,g2,CNAtrend,0,5,0.2,300,0.1721052631578947,0.14805739566931833,0.0,3.381203319231046,0.008548097724519586
BATTERY,0,g2,CNAtrend,0,10,0.1,300,0.09989898989898985,0.10174284077048534,0.0,3.9242483336281295,0.0058741256506956935
BATTERY,0,g2,CNAtrend,0,10,0.2,300,0.19161616161616157,0.12851274322669975,0.0,3.171694398882297,0.007419686689623235
BATTERY,0,g2,CNAtrend,0,20,0.1,300,0.09666666666666661,0.0845993091921203,0.0,3.932981524905724,0.004884343393532703
BATTERY,0,g2,CNAtrend,0,20,0.2,300,0.20260869565217385,0.11640726299439998,0.0,3.028208425331019,0.006720776462544438
BATTERY,0,g2,CNAtrend,15,5,0.1,300,0.0,0.0,1.0,470.2241228070175,0.0
BATTERY,0,g2,CNAtrend,15,5,0.2,300,0.1671929824561403,0.16117971852436636,0.0,20.570654946364773,0.009305715387795102
BATTERY,0,g2,CNAtrend,15,10,0.1,300,0.08313131313131308,0.09341232277392608,0.0,21.597798525465862,0.005393162969915443
BATTERY,0,g2,CNAtrend,15,10,0.2,300,0.186060606060606,0.12627658447896437,0.0,20.188674547760822,0.007290582004127659
BATTERY,0,g2,CNAtrend,15,20,0.1,300,0.0994202898550724,0.08230033086525904,0.0,20.96548376904836,0.004751611817945257
BATTERY,0,g2,CNAtrend,15,20,0.2,300,0.20014492753623184,0.119792615375865,0.0,20.08202648152389,0.006916229873418495
BATTERY,0,g2,CNAtrend,30,5,0.1,300,0.0,0.0,1.0,470.05482456140356,0.0
BATTERY,0,g2,CNAtrend,30,5,0.2,300,0.16947368421052628,0.15802611444478146,0.0,37.70866946782212,0.009123641971368517
BATTERY,0,g2,CNAtrend,30,10,0.1,300,0.08848484848484844,0.09089354956511733,0.0,39.41574937849003,0.005247741530902108
BATTERY,0,g2,CNAtrend,30,10,0.2,300,0.18020202020202017,0.12150500071292461,0.0,36.87356268024405,0.007015094486949269
BATTERY,0,g2,CNAtrend,30,20,0.1,300,0.10826086956521735,0.09921485273858334,0.0,38.86660552096595,0.005728172193623016
BATTERY,0,g2,CNAtrend,30,20,0.2,300,0.20159420289855068,0.12182314625853187,0.0,36.32716403328217,0.007033462628589052
BATTERY,0,g2,CNAtrend,45,5,0.1,300,0.0,0.0,1.0,470.1278947368421,0.0
BATTERY,0,g2,CNAtrend,45,5,0.2,300,0.15236842105263154,0.147769668377175,0.0,56.78399239206649,0.00853148578156237
BATTERY,0,g2,CNAtrend,45,10,0.1,300,0.09202020202020197,0.09197704968775543,0.0,58.56814267634746,0.005310297439649317
BATTERY,0,g2,CNAtrend,45,10,0.2,300,0.17919191919191915,0.13211977402658642,0.0,55.19308149151723,0.007627938709952219
BATTERY,0,g2,CNAtrend,45,20,0.1,300,0.08420289855072459,0.07974283394735218,0.0,57.741915029062035,0.004603954664544741
BATTERY,0,g2,CNAtrend,45,20,0.2,300,0.18376811594202894,0.11435981137173144,0.0,54.586363380523494,0.006602566787994397
BATTERY,0,g3,CNA,0,5,0.1,300,0.0,0.0,1.0,1057.6322222222223,0.0
BATTERY,0,g3,CNA,0,5,0.2,300,0.181025641025641,0.16455671015064197,0.0,22.162758433883983,0.009500686090243236
BATTERY,0,g3,CNA,0,10,0.1,300,0.0883333333333333,0.09075675683884649,0.0,30.577298639702562,0.005239843799168542
BATTERY,0,g3,CNA,0,10,0.2,300,0.17411764705882352,0.12667139510245573,0.0,20.75589886851509,0.007313376406102825
BATTERY,0,g3,CNA,0,20,0.1,300,0.09111111111111109,0.0812714063883839,0.0,30.120585103141874,0.004692206835575291
BATTERY,0,g3,CNA,0,20,0.2,300,0.18152777777777773,0.10875050099478677,0.0,18.715839883456134,0.00627871310238468
BATTERY,0,g3,CNA,15,5,0.1,300,0.0,0.0,1.0,1056.2086324786326,0.0
BATTERY,0,g3,CNA,15,5,0.2,300,0.16358974358974354,0.1572856802514393,0.0,37.4225395404561,0.009080892983284187
BATTERY,0,g3,CNA,15,10,0.1,300,0.09127450980392154,0.09353233592353051,0.0,42.2983829107199,0.005400091932338484
BATTERY,0,g3,CNA,15,10,0.2,300,0.17421568627450978,0.12165174832625444,0.0,35.33886543153987,0.00702356696435516
BATTERY,0,g3,CNA,15,20,0.1,300,0.0995833333333333,0.08910379220859899,0.0,41.23340848769991,0.00514440984174511
BATTERY,0,g3,CNA,15,20,0.2,300,0.19166666666666665,0.12432463408913474,0.0,33.8051490234077,0.0071778860958263664
BATTERY,0,g3,CNA,30,5,0.1,300,0.0,0.0,1.0,1056.3826495726496,0.0
BATTERY,0,g3,CNA,30,5,0.2,300,0.15666666666666665,0.1437636768599073,0.0,51.46173266986982,0.008300199753475785
BATTERY,0,g3,CNA,30,10,0.1,300,0.08509803921568626,0.0900461221403595,0.0,56.20067224000631,0.005198815285721847
BATTERY,0,g3,CNA,30,10,0.2,300,0.1792156862745098,0.12160595891094493,0.0,48.62988456202612,0.007020923311229662
BATTERY,0,g3,CNA,30,20,0.1,300,0.09277777777777775,0.08390919572793941,0.0,53.49294899323829,0.004844499674101081
BATTERY,0,g3,CNA,30,20,0.2,300,0.18638888888888885,0.10869576055983696,0.0,47.06797686544858,0.006275552661899297
BATTERY,0,g3,CNA,45,5,0.1,300,0.0,0.0,1.0,1057.5929059829061,0.0
BATTERY,0,g3,CNA,45,5,0.2,300,0.17726495726495722,0.15196044882918047,0.0,69.50842335430711,0.00877344060377037
BATTERY,0,g3,CNA,45,10,0.1,300,0.09274509803921567,0.09689230116524801,0.0,73.20966637312974,0.005594079616015823
BATTERY,0,g3,CNA,45,10,0.2,300,0.17509803921568626,0.11830118498125931,0.0,68.39313292472217,0.006830122099438177
BATTERY,0,g3,CNA,45,20,0.1,300,0.09805555555555552,0.08809377639686737,0.0,70.6975911670241,0.0050860965516662075
BATTERY,0,g3,CNA,45,20,0.2,300,0.19166666666666662,0.11725841329587366,0.0,68.24171590917932,0.006769917648112105
BATTERY,0,g3,CNAtrend,0,5,0.1,300,0.0,0.0,1.0,1057.8010256410257,0.0
BATTERY,0,g3,CNAtrend,0,5,0.2,300,0.1679487179487179,0.1483025612145766,0.0,2.7324615106806958,0.008562252363874675
BATTERY,0,g3,CNAtrend,0,10,0.1,300,0.09127450980392154,0.10225094849496223,0.0,3.1522005047341213,0.0059034612638461
BATTERY,0,g3,CNAtrend,0,10,0.2,300,0.18588235294117644,0.12858912608482495,0.0,2.522900731502927,0.0074240966559932405
BATTERY,0,g3,CNAtrend,0,20,0.1,300,0.09527777777777774,0.08564744928590236,0.0,2.9617790478747708,0.004944857790062054
BATTERY,0,g3,CNAtrend,0,20,0.2,300,0.1883333333333333,0.11355747067145847,0.0,2.4544272136239593,0.0065562436260659575
BATTERY,0,g3,CNAtrend,15,5,0.1,300,0.0,0.0,1.0,1054.836324786325,0.0
BATTERY,0,g3,CNAtrend,15,5,0.2,300,0.17307692307692304,0.1641776503675447,0.0,21.817574416025206,0.009478801063462218
BATTERY,0,g3,CNAtrend,15,10,0.1,300,0.09274509803921567,0.10266251407304226,0.0,23.143676198730315,0.005927223013575469
BATTERY,0,g3,CNAtrend,15,10,0.2,300,0.18196078431372545,0.12466230862961399,0.0,21.144841743589676,0.007197381744510784
BATTERY,0,g3,CNAtrend,15,20,0.1,300,0.09874999999999996,0.08436960203358691,0.0,22.388273327139377,0.0048710812445512995
BATTERY,0,g3,CNAtrend,15,20,0.2,300,0.19055555555555553,0.10704324320001544,0.0,20.896326360531553,0.006180144527645949
BATTERY,0,g3,CNAtrend,30,5,0.1,300,0.0,0.0,1.0,1055.513247863248,0.0
BATTERY,0,g3,CNAtrend,30,5,0.2,300,0.1745299145299145,0.14701097341624283,0.0,42.529005244820645,0.00848768250756967
BATTERY,0,g3,CNAtrend,30,10,0.1,300,0.0980392156862745,0.1010680409123094,0.0,45.14400772027019,0.005835166062718994
BATTERY,0,g3,CNAtrend,30,10,0.2,300,0.19098039215686272,0.13059510604095648,0.0,41.475611323429284,0.007539911962759394
BATTERY,0,g3,CNAtrend,30,20,0.1,300,0.0858333333333333,0.07691715417555434,0.0,44.82532233553801,0.004440813966855624
BATTERY,0,g3,CNAtrend,30,20,0.2,300,0.17541666666666664,0.10914843218744866,0.0,41.05616387373289,0.006301687670504909
BATTERY,0,g3,CNAtrend,45,5,0.1,300,0.0,0.0,1.0,1057.1801709401711,0.0
BATTERY,0,g3,CNAtrend,45,5,0.2,300,0.15358974358974356,0.13602730218319636,0.0,66.65572323653394,0.007853539953260697
BATTERY,0,g3,CNAtrend,45,10,0.1,300,0.08882352941176469,0.09500674384596955,0.0,69.97082244217476,0.005485216913430033
BATTERY,0,g3,CNAtrend,45,10,0.2,300,0.177156862745098,0.11676876397115897,0.0,64.07574591899764,0.00674164773116885
BATTERY,0,g3,CNAtrend,45,20,0.1,300,0.09319444444444441,0.08043296743694249,0.0,68.25795027513965,0.0046437995401439145
BATTERY,0,g3,CNAtrend,45,20,0.2,300,0.17666666666666664,0.10959835120970365,0.0,63.15904731205477,0.006327663757366155
BATTERY,1,g1,CNA,0,5,0.1,300,0.0,0.0,1.0,784.5413978494623,0.0
BATTERY,1,g1,CNA,0,5,0.2,300,0.1758064516129032,0.15989525054887152,0.0,11.887587712453549,0.009231556594653361
BATTERY,1,g1,CNA,0,10,0.1,300,0.09576923076923073,0.11025314450224377,0.0,17.70648141815596,0.006365468265737314
BATTERY,1,g1,CNA,0,10,0.2,300,0.18987179487179484,0.13315661258394432,0.0,6.454402350837493,0.007687800611971896
BATTERY,1,g1,CNA,0,20,0.1,300,0.09541666666666666,0.09499842309317309,0.0,9.437015748140748,0.005484736514543344
BATTERY,1,g1,CNA,0,20,0.2,300,0.18791666666666668,0.12604012628392508,0.0,5.553670311170311,0.0072769300838718565
BATTERY,1,g1,CNA,15,5,0.1,300,0.0,0.0,1.0,785.7461290322581,0.0
BATTERY,1,g1,CNA,15,5,0.2,300,0.16774193548387095,0.14603672680191673,0.0,27.454861751375496,0.008431434353065845
BATTERY,1,g1,CNA,15,10,0.1,300,0.09076923076923073,0.10122637603334692,0.0,31.717942028026393,0.0058443075451943115
BATTERY,1,g1,CNA,15,10,0.2,300,0.17641025641025637,0.1348356584126553,0.0,23.909589287675352,0.007784740368090695
BATTERY,1,g1,CNA,15,20,0.1,300,0.09395833333333334,0.0933482659707974,0.0,25.43823985736486,0.005389464648662466
BATTERY,1,g1,CNA,15,20,0.2,300,0.18791666666666668,0.12707242446371222,0.0,23.180733872608872,0.007336529847070263
BATTERY,1,g1,CNA,30,5,0.1,300,0.0,0.0,1.0,785.0033333333333,0.0
BATTERY,1,g1,CNA,30,5,0.2,300,0.16344086021505375,0.14644921593383575,0.0,44.027261088810825,0.00845524942420097
BATTERY,1,g1,CNA,30,10,0.1,300,0.10076923076923074,0.10126449150278906,0.0,47.2699871601233,0.005846508142848583
BATTERY,1,g1,CNA,30,10,0.2,300,0.18615384615384614,0.1300080755229211,0.0,41.622693550204374,0.007506019739998368
BATTERY,1,g1,CNA,30,20,0.1,300,0.09208333333333334,0.09120977908952943,0.0,42.30953888703889,0.005265999051006611
BATTERY,1,g1,CNA,30,20,0.2,300,0.189375,0.1265956888541424,0.0,41.37158281995782,0.007309005503818522
BATTERY,1,g1,CNA,45,5,0.1,300,0.0,0.0,1.0,784.4273118279569,0.0
BATTERY,1,g1,CNA,45,5,0.2,300,0.1668817204301075,0.14260020821482833,0.0,64.36671572024521,0.00823302685993278
BATTERY,1,g1,CNA,45,10,0.1,300,0.0874358974358974,0.10629181113211573,0.0,67.47535421084912,0.006136760576977988
BATTERY,1,g1,CNA,45,10,0.2,300,0.17807692307692305,0.13808387594081656,0.0,63.10924998573949,0.007972276294517732
BATTERY,1,g1,CNA,45,20,0.1,300,0.09125,0.0992841223787658,0.0,64.58813437950938,0.0057321714781636175
BATTERY,1,g1,CNA,45,20,0.2,300,0.18458333333333332,0.12683367979361335,0.0,63.49784416971917,0.007322745917115346
BATTERY,1,g1,CNAtrend,0,5,0.1,300,0.0,0.0,1.0,786.4167741935483,0.0
BATTERY,1,g1,CNAtrend,0,5,0.2,300,0.17387096774193547,0.1612511550242093,0.0,2.924111839299334,0.00930983977603653
BATTERY,1,g1,CNAtrend,0,10,0.1,300,0.091025641025641,0.10493518164377624,0.0,3.4540645288982614,0.006058435536949649
BATTERY,1,g1,CNAtrend,0,10,0.2,300,0.18076923076923074,0.14519338318705766,0.0,2.6554222911790553,0.008382743886760021
BATTERY,1,g1,CNAtrend,0,20,0.1,300,0.10208333333333333,0.10448668790194257,0.0,3.1161617872867873,0.006032541738691895
BATTERY,1,g1,CNAtrend,0,20,0.2,300,0.19541666666666666,0.1298790010172533,0.0,2.5188064065564064,0.007498567619939086
BATTERY,1,g1,CNAtrend,15,5,0.1,300,0.0,0.0,1.0,785.1595698924731,0.0
BATTERY,1,g1,CNAtrend,15,5,0.2,300,0.1586021505376344,0.1521171418893556,0.0,21.378482707317428,0.008782487281817594
BATTERY,1,g1,CNAtrend,15,10,0.1,300,0.09628205128205125,0.10359063616936798,0.0,22.842247848287972,0.005980808167790918
BATTERY,1,g1,CNAtrend,15,10,0.2,300,0.19128205128205125,0.13448736362933345,0.0,19.97634257675751,0.007764631559399875
BATTERY,1,g1,CNAtrend,15,20,0.1,300,0.09375,0.09944715492196635,0.0,22.06651965164465,0.005741584166433968
BATTERY,1,g1,CNAtrend,15,20,0.2,300,0.17958333333333334,0.1209193174254815,0.0,19.64148341010841,0.0069812800465827544
BATTERY,1,g1,CNAtrend,30,5,0.1,300,0.0,0.0,1.0,784.7152688172043,0.0
BATTERY,1,g1,CNAtrend,30,5,0.2,300,0.1690322580645161,0.15996564664142293,0.0,40.79485072790794,0.009235620914951807
BATTERY,1,g1,CNAtrend,30,10,0.1,300,0.08948717948717945,0.09756455923312733,0.0,44.34157300123661,0.005632892453661325
BATTERY,1,g1,CNAtrend,30,10,0.2,300,0.18166666666666664,0.12912441617907988,0.0,38.41516668591426,0.007455001643994503
BATTERY,1,g1,CNAtrend,30,20,0.1,300,0.09520833333333334,0.09249343697528253,0.0,42.288746119621116,0.005340111073595305
BATTERY,1,g1,CNAtrend,30,20,0.2,300,0.18291666666666667,0.1181431790586426,0.0,37.62648702686203,0.006820999623242546
BATTERY,1,g1,CNAtrend,45,5,0.1,300,0.0,0.0,1.0,786.5105376344086,0.0
BATTERY,1,g1,CNAtrend,45,5,0.2,300,0.1596774193548387,0.15476328313555862,0.0,60.58304970126284,0.008935262317898504
BATTERY,1,g1,CNAtrend,45,10,0.1,300,0.09705128205128202,0.10425333151791977,0.0,64.82072434911424,0.006019068901578627
BATTERY,1,g1,CNAtrend,45,10,0.2,300,0.18333333333333332,0.13341403493349677,0.0,55.939945508850684,0.007702662898252849
BATTERY,1,g1,CNAtrend,45,20,0.1,300,0.09333333333333334,0.09569721562904915,0.0,63.22623151848152,0.005525081320412918
BATTERY,1,g1,CNAtrend,45,20,0.2,300,0.18229166666666666,0.12773536514575207,0.0,53.45949978262478,0.007374804745193509
BATTERY,1,g2,CNA,0,5,0.1,300,0.0,0.0,1.0,470.2810526315789,0.0
BATTERY,1,g2,CNA,0,5,0.2,300,0.1671052631578947,0.15574022935173504,0.0,6.0845276812913855,0.008991666333987828
BATTERY,1,g2,CNA,0,10,0.1,300,0.09070707070707065,0.09547319111588123,0.0,7.93095492408462,0.005512147259114661
BATTERY,1,g2,CNA,0,10,0.2,300,0.18262626262626258,0.13260748774518605,0.0,4.45087897456342,0.007656096874624316
BATTERY,1,g2,CNA,0,20,0.1,300,0.09739130434782603,0.08690997736446472,0.0,5.889193835871905,0.005017749882663798
BATTERY,1,g2,CNA,0,20,0.2,300,0.19086956521739126,0.11711253583425077,0.0,3.9812429044429147,0.006761495408938437
BATTERY,1,g2,CNA,15,5,0.1,300,0.0,0.0,1.0,469.9157894736842,0.0
BATTERY,1,g2,CNA,15,5,0.2,300,0.15473684210526312,0.13195405079051267,0.0,24.240119860254655,0.007618370674456403
BATTERY,1,g2,CNA,15,10,0.1,300,0.09505050505050501,0.10340159085954258,0.0,26.565942880356783,0.005969893631739245
BATTERY,1,g2,CNA,15,10,0.2,300,0.18646464646464642,0.13602761056317442,0.0,22.742987581669663,0.007853557757587032
BATTERY,1,g2,CNA,15,20,0.1,300,0.09463768115942023,0.0794186995032967,0.0,24.8668898338983,0.004585240753691835
BATTERY,1,g2,CNA,15,20,0.2,300,0.18999999999999995,0.11626080093757878,0.0,22.14685416471525,0.0067123204717512595
BATTERY,1,g2,CNA,30,5,0.1,300,0.0,0.0,1.0,470.30157894736845,0.0
BATTERY,1,g2,CNA,30,5,0.2,300,0.1633333333333333,0.14940183951205568,0.0,44.189128871052475,0.00862571922597106
BATTERY,1,g2,CNA,30,10,0.1,300,0.094040404040404,0.10334811490659086,0.0,47.104743180795786,0.00596680619615606
BATTERY,1,g2,CNA,30,10,0.2,300,0.186060606060606,0.131914747331585,0.0,42.21640828741421,0.007616101488197207
BATTERY,1,g2,CNA,30,20,0.1,300,0.09347826086956516,0.07815941916189682,0.0,45.837957360802996,0.0045125361692825924
BATTERY,1,g2,CNA,30,20,0.2,300,0.18101449275362314,0.10957176844019295,0.0,41.011908266247545,0.006326129000452874
BATTERY,1,g2,CNA,45,5,0.1,300,0.0,0.0,1.0,470.17035087719296,0.0
BATTERY,1,g2,CNA,45,5,0.2,300,0.16535087719298242,0.145599727907046,0.0,63.668349255900395,0.008406204210106927
BATTERY,1,g2,CNA,45,10,0.1,300,0.085050505050505,0.08700418315192338,0.0,66.17553900587924,0.0050231888563386454
BATTERY,1,g2,CNA,45,10,0.2,300,0.18151515151515146,0.1229100945892999,0.0,62.23053201857852,0.0070962176197254655
BATTERY,1,g2,CNA,45,20,0.1,300,0.08260869565217387,0.07530655685082074,0.0,65.48715665107316,0.004347826086956521
BATTERY,1,g2,CNA,45,20,0.2,300,0.17913043478260865,0.10725908325494289,0.0,61.75928642451871,0.006192606059027376
BATTERY,1,g2,CNAtrend,0,5,0.1,300,0.0,0.0,1.0,470.0597368421052,0.0
BATTERY,1,g2,CNAtrend,0,5,0.2,300,0.15894736842105261,0.15433048028698032,0.0,3.474874687195705,0.008910274433785231
BATTERY,1,g2,CNAtrend,0,10,0.1,300,0.09070707070707067,0.09486003662150705,0.0,3.978909690610675,0.005476746767876485
BATTERY,1,g2,CNAtrend,0,10,0.2,300,0.17969696969696966,0.12406110160988786,0.0,3.2226090373319045,0.007162671041043026
BATTERY,1,g2,CNAtrend,0,20,0.1,300,0.08768115942028981,0.07521905414081617,0.0,3.96155428384862,0.004342774115638924
BATTERY,1,g2,CNAtrend,0,20,0.2,300,0.18724637681159415,0.11187827649201847,0.0,3.0773957624034183,0.006459295304913824
BATTERY,1,g2,CNAtrend,15,5,0.1,300,0.0,0.0,1.0,470.2436842105263,0.0
BATTERY,1,g2,CNAtrend,15,5,0.2,300,0.16807017543859645,0.15257683941136013,0.0,20.530669104350476,0.008809027930625107
BATTERY,1,g2,CNAtrend,15,10,0.1,300,0.09646464646464642,0.10428175199710152,0.0,21.44967919868285,0.006020709758709235
BATTERY,1,g2,CNAtrend,15,10,0.2,300,0.18626262626262624,0.1334588842290135,0.0,20.166894787636082,0.0077052522735368036
BATTERY,1,g2,CNAtrend,15,20,0.1,300,0.09797101449275357,0.0871289067313006,0.0,21.03198993831956,0.005030389775551419
BATTERY,1,g2,CNAtrend,15,20,0.2,300,0.188695652173913,0.11287781061944283,0.0,20.172128806093053,0.006517003434667091
BATTERY,1,g2,CNAtrend,30,5,0.1,300,0.0,0.0,1.0,470.0135964912281,0.0
BATTERY,1,g2,CNAtrend,30,5,0.2,300,0.15561403508771926,0.15692174143784735,0.0,37.98949529044108,0.0090598809660846
BATTERY,1,g2,CNAtrend,30,10,0.1,300,0.08737373737373734,0.09334128069066829,0.0,39.459940608633396,0.005389061353326174
BATTERY,1,g2,CNAtrend,30,10,0.2,300,0.18191919191919187,0.1344841555202252,0.0,36.90317072913225,0.00776444633913415
BATTERY,1,g2,CNAtrend,30,20,0.1,300,0.09449275362318835,0.08433546763936772,0.0,38.94611852875815,0.004869110494382193
BATTERY,1,g2,CNAtrend,30,20,0.2,300,0.19536231884057967,0.11536159299493563,0.0,36.27802178319094,0.006660404676977013
BATTERY,1,g2,CNAtrend,45,5,0.1,300,0.0,0.0,1.0,470.52877192982453,0.0
BATTERY,1,g2,CNAtrend,45,5,0.2,300,0.16070175438596487,0.1501240671489951,0.0,56.38891385498709,0.008667417058031377
BATTERY,1,g2,CNAtrend,45,10,0.1,300,0.08656565656565653,0.09503551187800548,0.0,58.838843424146425,0.005486877836534033
BATTERY,1,g2,CNAtrend,45,10,0.2,300,0.17747474747474742,0.1290516994105241,0.0,55.29797629221904,0.007450803339404476
BATTERY,1,g2,CNAtrend,45,20,0.1,300,0.08840579710144922,0.07748580817534063,0.0,57.749222437171944,0.004473645220840861
BATTERY,1,g2,CNAtrend,45,20,0.2,300,0.19318840579710142,0.1132333800124512,0.0,54.554418606551984,0.006537532243143989
BATTERY,1,g3,CNA,0,5,0.1,300,0.0,0.0,1.0,1055.5476923076924,0.0
BATTERY,1,g3,CNA,0,5,0.2,300,0.1715384615384615,0.1516303427196676,0.0,22.91199158863405,0.00875438191865153
BATTERY,1,g3,CNA,0,10,0.1,300,0.09882352941176469,0.10084527778941305,0.0,30.559089351956995,0.0058223048278220205
BATTERY,1,g3,CNA,0,10,0.2,300,0.20274509803921567,0.13552643521625557,0.0,17.924991329186167,0.007824622385441552
BATTERY,1,g3,CNA,0,20,0.1,300,0.08624999999999997,0.07828678436187538,0.0,30.002284749147044,0.0045198896025318925
BATTERY,1,g3,CNA,0,20,0.2,300,0.18791666666666662,0.11330382960778693,0.0,17.14197805354995,0.006541599652427127
BATTERY,1,g3,CNA,15,5,0.1,300,0.0,0.0,1.0,1056.644358974359,0.0
BATTERY,1,g3,CNA,15,5,0.2,300,0.16820512820512817,0.14764627816585216,0.0,39.21358058731678,0.00852436184439011
BATTERY,1,g3,CNA,15,10,0.1,300,0.08980392156862743,0.10093169028685253,0.0,48.094306822085684,0.005827293855687824
BATTERY,1,g3,CNA,15,10,0.2,300,0.17843137254901958,0.13070228542595658,0.0,36.65104643726264,0.0075460999674375326
BATTERY,1,g3,CNA,15,20,0.1,300,0.09138888888888885,0.07929113120753446,0.0,47.14529236626694,0.0045778755947019955
BATTERY,1,g3,CNA,15,20,0.2,300,0.1883333333333333,0.11487920400337438,0.0,33.75548326965743,0.006632553935563812
BATTERY,1,g3,CNA,30,5,0.1,300,0.0,0.0,1.0,1056.4147008547009,0.0
BATTERY,1,g3,CNA,30,5,0.2,300,0.16957264957264953,0.15551751044828704,0.0,53.834308371127264,0.008978807652101895
BATTERY,1,g3,CNA,30,10,0.1,300,0.08666666666666664,0.0938311266011949,0.0,61.49326835312901,0.005417342620156572
BATTERY,1,g3,CNA,30,10,0.2,300,0.1772549019607843,0.12389688308098606,0.0,50.84166612162227,0.007153189879856288
BATTERY,1,g3,CNA,30,20,0.1,300,0.09152777777777775,0.08090801332893349,0.0,60.7922443646756,0.004671226327505757
BATTERY,1,g3,CNA,30,20,0.2,300,0.17999999999999997,0.10529020609283177,0.0,47.64847160983152,0.006078932883072759
BATTERY,1,g3,CNA,45,5,0.1,300,0.0,0.0,1.0,1058.04547008547,0.0
BATTERY,1,g3,CNA,45,5,0.2,300,0.17529914529914528,0.15089497607114175,0.0,68.56088449769294,0.008711925505403582
BATTERY,1,g3,CNA,45,10,0.1,300,0.08196078431372547,0.09160315755410711,0.0,74.02886442661357,0.005288710767248343
BATTERY,1,g3,CNA,45,10,0.2,300,0.17480392156862742,0.11921098839762224,0.0,67.14128147358595,0.006882649624172855
BATTERY,1,g3,CNA,45,20,0.1,300,0.09930555555555552,0.09366415513096707,0.0,72.66257201663058,0.00540770251782827
BATTERY,1,g3,CNA,45,20,0.2,300,0.19430555555555554,0.11488215233364618,0.0,65.24474408895772,0.006632724157491421
BATTERY,1,g3,CNAtrend,0,5,0.1,300,0.0,0.0,1.0,1055.4317094017094,0.0
BATTERY,1,g3,CNAtrend,0,5,0.2,300,0.17179487179487177,0.1553750177816814,0.0,2.7473971204907444,0.008970580834159664
BATTERY,1,g3,CNAtrend,0,10,0.1,300,0.08539215686274507,0.08762984398968554,0.0,3.164018251582268,0.005059311401648985
BATTERY,1,g3,CNAtrend,0,10,0.2,300,0.18107843137254898,0.12363799723688844,0.0,2.5412834081671347,0.007138243098678374
BATTERY,1,g3,CNAtrend,0,20,0.1,300,0.09569444444444442,0.09133150019046415,0.0,2.9574348340334677,0.005273026622045683
BATTERY,1,g3,CNAtrend,0,20,0.2,300,0.18402777777777773,0.11909882870284531,0.0,2.4504648267576488,0.0068761740811756865
BATTERY,1,g3,CNAtrend,15,5,0.1,300,0.0,0.0,1.0,1056.8362393162395,0.0
BATTERY,1,g3,CNAtrend,15,5,0.2,300,0.1751282051282051,0.15011578080488125,0.0,21.708124047087946,0.008666938645730904
BATTERY,1,g3,CNAtrend,15,10,0.1,300,0.0902941176470588,0.09368275112513787,0.0,23.149411791003256,0.005408776158052306
BATTERY,1,g3,CNAtrend,15,10,0.2,300,0.18549019607843134,0.13002673737640866,0.0,21.172453793581003,0.00750709718261183
BATTERY,1,g3,CNAtrend,15,20,0.1,300,0.09319444444444441,0.08608192436404562,0.0,22.51126553342947,0.004969942220394274
BATTERY,1,g3,CNAtrend,15,20,0.2,300,0.19097222222222218,0.11802139536816016,0.0,20.933786540797513,0.006813968438594251
BATTERY,1,g3,CNAtrend,30,5,0.1,300,0.0,0.0,1.0,1058.261623931624,0.0
BATTERY,1,g3,CNAtrend,30,5,0.2,300,0.15717948717948715,0.1530862661670473,0.0,43.26951224544035,0.008838439698077944
BATTERY,1,g3,CNAtrend,30,10,0.1,300,0.09696078431372547,0.1010670390055027,0.0,45.2807994802622,0.005835108217602539
BATTERY,1,g3,CNAtrend,30,10,0.2,300,0.18098039215686273,0.12423687816571816,0.0,41.7227898157445,0.007172819505225611
BATTERY,1,g3,CNAtrend,30,20,0.1,300,0.10527777777777773,0.09222323518715866,0.0,44.26176004106309,0.005324510966084422
BATTERY,1,g3,CNAtrend,30,20,0.2,300,0.20361111111111108,0.11374309762857888,0.0,40.646553704517146,0.00656696080343219
BATTERY,1,g3,CNAtrend,45,5,0.1,300,0.0,0.0,1.0,1056.6188034188033,0.0
BATTERY,1,g3,CNAtrend,45,5,0.2,300,0.1669230769230769,0.1523017268114334,0.0,66.29695300859902,0.00879314429726259
BATTERY,1,g3,CNAtrend,45,10,0.1,300,0.08637254901960782,0.09300500393673672,0.0,70.6196564050714,0.005369646405885714
BATTERY,1,g3,CNAtrend,45,10,0.2,300,0.18392156862745096,0.12383802388720615,0.0,64.14608841709752,0.007149791642718977
BATTERY,1,g3,CNAtrend,45,20,0.1,300,0.09263888888888885,0.07889654477639634,0.0,68.4285020461297,0.004555094136478378
BATTERY,1,g3,CNAtrend,45,20,0.2,300,0.1833333333333333,0.10803169566693546,0.0,63.128772762353414,0.006237212857431691
BATTERY,2,g1,CNA,0,5,0.1,300,0.0,0.0,1.0,785.778064516129,0.0
BATTERY,2,g1,CNA,0,5,0.2,300,0.1746236559139785,0.16165399357201815,0.0,8.540018257344055,0.009333097670438271
BATTERY,2,g1,CNA,0,10,0.1,300,0.08705128205128201,0.09041113653527087,0.0,11.189234029696541,0.005219889401637865
BATTERY,2,g1,CNA,0,10,0.2,300,0.18076923076923074,0.12944898698996615,0.0,7.268373868558891,0.007473740748498131
BATTERY,2,g1,CNA,0,20,0.1,300,0.09729166666666667,0.09712343849403826,0.0,8.790679945054945,0.005607424335915504
BATTERY,2,g1,CNA,0,20,0.2,300,0.19604166666666667,0.1261131801647225,0.0,7.04761500999001,0.00728114785164623
BATTERY,2,g1,CNA,15,5,0.1,300,0.0,0.0,1.0,785.4286021505377,0.0
BATTERY,2,g1,CNA,15,5,0.2,300,0.1632258064516129,0.14250173925475512,0.0,24.04224957338183,0.008227341751872272
BATTERY,2,g1,CNA,15,10,0.1,300,0.09820512820512818,0.10878899371627618,0.0,25.6341744509896,0.0062809354806960555
BATTERY,2,g1,CNA,15,10,0.2,300,0.18269230769230765,0.13260657066138568,0.0,23.099789099588513,0.007656043926766414
BATTERY,2,g1,CNA,15,20,0.1,300,0.09270833333333334,0.09334266767804028,0.0,25.21070693195693,0.0053891414310794335
BATTERY,2,g1,CNA,15,20,0.2,300,0.189375,0.12782806259564652,0.0,22.785832856957857,0.007380156634958485
BATTERY,2,g1,CNA,30,5,0.1,300,0.0,0.0,1.0,785.5427956989247,0.0
BATTERY,2,g1,CNA,30,5,0.2,300,0.17387096774193547,0.16437200568971286,0.0,45.004827792424564,0.009490022173219441
BATTERY,2,g1,CNA,30,10,0.1,300,0.09987179487179484,0.10419067061630626,0.0,46.50419793137644,0.0060154511727372045
BATTERY,2,g1,CNA,30,10,0.2,300,0.19807692307692304,0.1399048987598285,0.0,44.89248238540511,0.008077413095993432
BATTERY,2,g1,CNA,30,20,0.1,300,0.09833333333333333,0.09153862548349145,0.0,46.356726999852,0.005284985006414212
BATTERY,2,g1,CNA,30,20,0.2,300,0.20458333333333334,0.12424451182224802,0.0,45.309964165464166,0.007173260234590853
BATTERY,2,g1,CNA,45,5,0.1,300,0.0,0.0,1.0,785.4910752688172,0.0
BATTERY,2,g1,CNA,45,5,0.2,300,0.16698924731182796,0.1571663596073588,0.0,63.95447127305804,0.009074004002686212
BATTERY,2,g1,CNA,45,10,0.1,300,0.07499999999999997,0.0855773024738441,0.0,67.14749241217844,0.004940807861979591
BATTERY,2,g1,CNA,45,10,0.2,300,0.1792307692307692,0.13388884758023134,0.0,63.09634231823936,0.007730076219193533
BATTERY,2,g1,CNA,45,20,0.1,300,0.08895833333333333,0.09433946973060849,0.0,66.35547897935398,0.005446691824417336
BATTERY,2,g1,CNA,45,20,0.2,300,0.18625,0.12839657876332647,0.0,62.39753962241463,0.0074129799312033515
BATTERY,2,g1,CNAtrend,0,5,0.1,300,0.0,0.0,1.0,786.0594623655915,0.0
BATTERY,2,g1,CNAtrend,0,5,0.2,300,0.1621505376344086,0.1575660946270844,0.0,2.962513630989271,0.009097082714810521
BATTERY,2,g1,CNAtrend,0,10,0.1,300,0.09230769230769227,0.10241391971647713,0.0,3.4433602981711413,0.005912870411707279
BATTERY,2,g1,CNAtrend,0,10,0.2,300,0.18948717948717947,0.13686850985620033,0.0,2.6232754947620642,0.00790210710090602
BATTERY,2,g1,CNAtrend,0,20,0.1,300,0.09875,0.10319164639779536,0.0,3.0941658156658156,0.005957772482588782
BATTERY,2,g1,CNAtrend,0,20,0.2,300,0.19375,0.13017105096126863,0.0,2.5121129009879013,0.007515429131318493
BATTERY,2,g1,CNAtrend,15,5,0.1,300,0.0,0.0,1.0,784.9070967741935,0.0
BATTERY,2,g1,CNAtrend,15,5,0.2,300,0.16806451612903225,0.13867530001757686,0.0,20.983166537837416,0.00800642217951001
BATTERY,2,g1,CNAtrend,15,10,0.1,300,0.08820512820512816,0.09756963005953045,0.0,23.07471478866938,0.00563318521796021
BATTERY,2,g1,CNAtrend,15,10,0.2,300,0.1665384615384615,0.12130693608151774,0.0,20.264421177973126,0.007003659220123299
BATTERY,2,g1,CNAtrend,15,20,0.1,300,0.09708333333333333,0.10069695117268349,0.0,21.98271706996707,0.005813741186612341
BATTERY,2,g1,CNAtrend,15,20,0.2,300,0.20166666666666666,0.13832540843104082,0.0,19.58425387112887,0.007986221179342634
BATTERY,2,g1,CNAtrend,30,5,0.1,300,0.0,0.0,1.0,786.364623655914,0.0
BATTERY,2,g1,CNAtrend,30,5,0.2,300,0.17387096774193547,0.1601249299103323,0.0,40.57094015149256,0.00924481713877003
BATTERY,2,g1,CNAtrend,30,10,0.1,300,0.08692307692307688,0.0896286031208656,0.0,44.232839974638516,0.005174709813892188
BATTERY,2,g1,CNAtrend,30,10,0.2,300,0.17910256410256406,0.1415464846180409,0.0,38.62395918014933,0.008172190099707113
BATTERY,2,g1,CNAtrend,30,20,0.1,300,0.094375,0.0987861370736118,0.0,42.320159164909164,0.0057034202831653035
BATTERY,2,g1,CNAtrend,30,20,0.2,300,0.19395833333333334,0.13357877223519365,0.0,37.50317513042513,0.007712174010800875
BATTERY,2,g1,CNAtrend,45,5,0.1,300,0.0,0.0,1.0,785.622688172043,0.0
BATTERY,2,g1,CNAtrend,45,5,0.2,300,0.1647311827956989,0.15220485559157762,0.0,59.89292722041322,0.008787551434776544
BATTERY,2,g1,CNAtrend,45,10,0.1,300,0.08679487179487176,0.09286867171206152,0.0,65.6575993743414,0.00536177526122417
BATTERY,2,g1,CNAtrend,45,10,0.2,300,0.17769230769230768,0.13005297267669158,0.0,56.17406623766521,0.007508611878379892
BATTERY,2,g1,CNAtrend,45,20,0.1,300,0.09895833333333333,0.10009641220515032,0.0,63.065365546490554,0.005779069053155927
BATTERY,2,g1,CNAtrend,45,20,0.2,300,0.18541666666666667,0.12094524475833843,0.0,53.41990753228253,0.006982776961843186
BATTERY,2,g2,CNA,0,5,0.1,300,0.0,0.0,1.0,470.1982456140351,0.0
BATTERY,2,g2,CNA,0,5,0.2,300,0.16570175438596488,0.15683943434126502,0.0,7.059497343598498,0.009055128963647798
BATTERY,2,g2,CNA,0,10,0.1,300,0.08717171717171712,0.09780030694843621,0.0,9.614063336740557,0.005646503354350766
BATTERY,2,g2,CNA,0,10,0.2,300,0.17757575757575753,0.12847071636455903,0.0,4.898669059946832,0.007417260267606221
BATTERY,2,g2,CNA,0,20,0.1,300,0.10275362318840575,0.09291075494805709,0.0,6.881246731143976,0.005364204937987211
BATTERY,2,g2,CNA,0,20,0.2,300,0.19202898550724634,0.1162876253483582,0.0,4.192991844492585,0.0067138691798296945
BATTERY,2,g2,CNA,15,5,0.1,300,0.0,0.0,1.0,470.0022807017544,0.0
BATTERY,2,g2,CNA,15,5,0.2,300,0.17377192982456136,0.14654221735833814,0.0,24.649020152659823,0.008460618863948116
BATTERY,2,g2,CNA,15,10,0.1,300,0.08626262626262622,0.09164840197843244,0.0,28.340584706108043,0.005291322955304699
BATTERY,2,g2,CNA,15,10,0.2,300,0.16909090909090904,0.12215956867721378,0.0,23.000652988604326,0.007052885985987795
BATTERY,2,g2,CNA,15,20,0.1,300,0.09391304347826081,0.08520557945043067,0.0,25.699702529966057,0.004919346423216418
BATTERY,2,g2,CNA,15,20,0.2,300,0.19231884057971008,0.1200941192738322,0.0,21.9110220426108,0.006933637209083804
BATTERY,2,g2,CNA,30,5,0.1,300,0.0,0.0,1.0,470.54008771929824,0.0
BATTERY,2,g2,CNA,30,5,0.2,300,0.17596491228070174,0.1593733695281149,0.0,44.595249463999004,0.009201425779871483
BATTERY,2,g2,CNA,30,10,0.1,300,0.08959595959595955,0.09140496271331311,0.0,48.30396047899963,0.005277267982779902
BATTERY,2,g2,CNA,30,10,0.2,300,0.18272727272727268,0.12992797458932137,0.0,42.998980256673164,0.007501395110440754
BATTERY,2,g2,CNA,30,20,0.1,300,0.09289855072463762,0.0823790332368363,0.0,47.02434151022883,0.004756155701486856
BATTERY,2,g2,CNA,30,20,0.2,300,0.1957971014492753,0.11014725538307846,0.0,41.79800489143577,0.00635935475459188
BATTERY,2,g2,CNA,45,5,0.1,300,0.0,0.0,1.0,470.3481578947369,0.0
BATTERY,2,g2,CNA,45,5,0.2,300,0.17798245614035085,0.157219973639008,0.0,62.880293328159425,0.009077099410246713
BATTERY,2,g2,CNA,45,10,0.1,300,0.08727272727272722,0.08931888465340782,0.0,66.64206927597148,0.005156828209836213
BATTERY,2,g2,CNA,45,10,0.2,300,0.185050505050505,0.13422802848068602,0.0,61.33523452598034,0.007749658837611682
BATTERY,2,g2,CNA,45,20,0.1,300,0.09753623188405791,0.0922222933583282,0.0,64.78954100234317,0.005324456589571542
BATTERY,2,g2,CNA,45,20,0.2,300,0.2021739130434782,0.12017341051791527,0.0,59.133617165777565,0.006938215091195378
BATTERY,2,g2,CNAtrend,0,5,0.1,300,0.0,0.0,1.0,470.06692982456144,0.0
BATTERY,2,g2,CNAtrend,0,5,0.2,300,0.18385964912280697,0.15891784549015664,0.0,3.3637186359840676,0.009175126087277729
BATTERY,2,g2,CNAtrend,0,10,0.1,300,0.09202020202020197,0.09477274425181165,0.0,3.9999303620463236,0.005471706940562301
BATTERY,2,g2,CNAtrend,0,10,0.2,300,0.18737373737373733,0.12577453716345308,0.0,3.2072682290382506,0.007261596288852022
BATTERY,2,g2,CNAtrend,0,20,0.1,300,0.09840579710144921,0.08616025812854525,0.0,3.946143702738635,0.004974464822396323
BATTERY,2,g2,CNAtrend,0,20,0.2,300,0.18999999999999995,0.10977161224381617,0.0,3.064748034543616,0.006337666987834648
BATTERY,2,g2,CNAtrend,15,5,0.1,300,0.0,0.0,1.0,470.09614035087714,0.0
BATTERY,2,g2,CNAtrend,15,5,0.2,300,0.1757017543859649,0.1466041604886517,0.0,20.434736555589097,0.008464195152244216
BATTERY,2,g2,CNAtrend,15,10,0.1,300,0.08545454545454541,0.08246444390095883,0.0,21.44458637704292,0.004761086888479137
BATTERY,2,g2,CNAtrend,15,10,0.2,300,0.18474747474747472,0.12712588915948056,0.0,20.19022046117657,0.0073396166327196624
BATTERY,2,g2,CNAtrend,15,20,0.1,300,0.09797101449275357,0.0919995644036275,0.0,20.99691732937772,0.0053115973273762645
BATTERY,2,g2,CNAtrend,15,20,0.2,300,0.1994202898550724,0.1261911255991244,0.0,20.09251250319355,0.007285648033399634
BATTERY,2,g2,CNAtrend,30,5,0.1,300,0.0,0.0,1.0,469.859649122807,0.0
BATTERY,2,g2,CNAtrend,30,5,0.2,300,0.16578947368421051,0.15158580486747178,0.0,37.733363008906814,0.00875181052455609
BATTERY,2,g2,CNAtrend,30,10,0.1,300,0.09989898989898985,0.10772480944082223,0.0,39.23985276024536,0.006219494772905985
BATTERY,2,g2,CNAtrend,30,10,0.2,300,0.18646464646464644,0.13710704274355373,0.0,36.83643203208887,0.007915878803578427
BATTERY,2,g2,CNAtrend,30,20,0.1,300,0.09985507246376807,0.08791807561427323,0.0,38.86636182248775,0.0050759524622534516
BATTERY,2,g2,CNAtrend,30,20,0.2,300,0.1985507246376811,0.11565387584332308,0.0,36.276553934793064,0.006677279635096613
BATTERY,2,g2,CNAtrend,45,5,0.1,300,0.0,0.0,1.0,469.8694736842105,0.0
BATTERY,2,g2,CNAtrend,45,5,0.2,300,0.18938596491228069,0.15921961221342187,0.0,55.887158494456976,0.009192548597168693
BATTERY,2,g2,CNAtrend,45,10,0.1,300,0.09121212121212116,0.09474638418851807,0.0,58.575378036153936,0.005470185041598461
BATTERY,2,g2,CNAtrend,45,10,0.2,300,0.1822222222222222,0.12309706305003001,0.0,55.07130108069192,0.0071070122488387155
BATTERY,2,g2,CNAtrend,45,20,0.1,300,0.09550724637681153,0.08554166189731134,0.0,57.64441363401085,0.004938750152334065
BATTERY,2,g2,CNAtrend,45,20,0.2,300,0.18434782608695646,0.1091591108282739,0.0,54.6187056416566,0.006302304202120412
BATTERY,2,g3,CNA,0,5,0.1,300,0.0,0.0,1.0,1056.7982051282052,0.0
BATTERY,2,g3,CNA,0,5,0.2,300,0.16418803418803415,0.15902025021991675,0.0,21.189620681365103,0.009181038427107057
BATTERY,2,g3,CNA,0,10,0.1,300,0.08980392156862743,0.09358413282393147,0.0,29.374296215217147,0.0054030824277774515
BATTERY,2,g3,CNA,0,10,0.2,300,0.18352941176470586,0.1321995088533615,0.0,16.52542065734921,0.007632542202322457
BATTERY,2,g3,CNA,0,20,0.1,300,0.08499999999999996,0.07917143387629774,0.0,28.552858441878936,0.004570964866060915
BATTERY,2,g3,CNA,0,20,0.2,300,0.18513888888888885,0.10808641428529948,0.0,13.109872578416308,0.006240372038335907
BATTERY,2,g3,CNA,15,5,0.1,300,0.0,0.0,1.0,1056.7852136752138,0.0
BATTERY,2,g3,CNA,15,5,0.2,300,0.16598290598290596,0.15345107395783936,0.0,36.85531011845375,0.008859501885699572
BATTERY,2,g3,CNA,15,10,0.1,300,0.08637254901960782,0.09300500393673673,0.0,45.48554901142761,0.005369646405885715
BATTERY,2,g3,CNA,15,10,0.2,300,0.18578431372549017,0.12592503733489036,0.0,31.129096785856984,0.007270285420301261
BATTERY,2,g3,CNA,15,20,0.1,300,0.08347222222222218,0.0724897586704637,0.0,43.40226870463994,0.004185198168188322
BATTERY,2,g3,CNA,15,20,0.2,300,0.18263888888888885,0.11432280523415252,0.0,28.513308856534476,0.00660043023764511
BATTERY,2,g3,CNA,30,5,0.1,300,0.0,0.0,1.0,1057.648888888889,0.0
BATTERY,2,g3,CNA,30,5,0.2,300,0.17350427350427347,0.15142353087427582,0.0,52.902839281294696,0.008742441631190674
BATTERY,2,g3,CNA,30,10,0.1,300,0.07999999999999997,0.08242878944387468,0.0,61.76621857347227,0.004759028377439602
BATTERY,2,g3,CNA,30,10,0.2,300,0.16852941176470584,0.11861604201533449,0.0,49.784508924973125,0.006848300378776132
BATTERY,2,g3,CNA,30,20,0.1,300,0.09944444444444442,0.09490292457833749,0.0,57.29895670331647,0.00547922290521859
BATTERY,2,g3,CNA,30,20,0.2,300,0.19666666666666663,0.12212125487343209,0.0,46.01809772804172,0.007050673937495091
BATTERY,2,g3,CNA,45,5,0.1,300,0.0,0.0,1.0,1056.7224786324784,0.0
BATTERY,2,g3,CNA,45,5,0.2,300,0.17914529914529911,0.1603267775648882,0.0,71.61872291087383,0.009256470818539345
BATTERY,2,g3,CNA,45,10,0.1,300,0.08911764705882351,0.08211669692291287,0.0,77.07973932506718,0.004741009707340666
BATTERY,2,g3,CNA,45,10,0.2,300,0.18009803921568626,0.12404449196530526,0.0,69.63592369639612,0.007161712082765935
BATTERY,2,g3,CNA,45,20,0.1,300,0.09124999999999997,0.08635041400313934,0.0,75.26684989859268,0.004985443476934812
BATTERY,2,g3,CNA,45,20,0.2,300,0.17680555555555552,0.10605826160979548,0.0,68.5379014462994,0.006123276589019917
BATTERY,2,g3,CNAtrend,0,5,0.1,300,0.0,0.0,1.0,1057.392393162393,0.0
BATTERY,2,g3,CNAtrend,0,5,0.2,300,0.16786324786324783,0.1461526174817251,0.0,2.7383984242213577,0.008438125304584237
BATTERY,2,g3,CNAtrend,0,10,0.1,300,0.08735294117647056,0.09607945184220933,0.0,3.2242815388527983,0.005547149738469123
BATTERY,2,g3,CNAtrend,0,10,0.2,300,0.18009803921568626,0.13278599521327114,0.0,2.570917423206126,0.007666403008099444
BATTERY,2,g3,CNAtrend,0,20,0.1,300,0.09486111111111108,0.08200008818157574,0.0,2.929653803513408,0.00473427729852058
BATTERY,2,g3,CNAtrend,0,20,0.2,300,0.18847222222222218,0.11513055119690217,0.0,2.447195006437603,0.006647065472548145
BATTERY,2,g3,CNAtrend,15,5,0.1,300,0.0,0.0,1.0,1055.7934188034187,0.0
BATTERY,2,g3,CNAtrend,15,5,0.2,300,0.16418803418803415,0.1565817211644983,0.0,21.956686217259005,0.009040249886449801
BATTERY,2,g3,CNAtrend,15,10,0.1,300,0.09460784313725489,0.10118605330191394,0.0,23.096796526996524,0.005841979511209582
BATTERY,2,g3,CNAtrend,15,10,0.2,300,0.1837254901960784,0.13651718028502793,0.0,21.183224962592703,0.007881823078656954
BATTERY,2,g3,CNAtrend,15,20,0.1,300,0.09013888888888885,0.08017266510878479,0.0,22.486131850218303,0.0046287709782206615
BATTERY,2,g3,CNAtrend,15,20,0.2,300,0.1944444444444444,0.11806443558532147,0.0,20.91148194148236,0.006816453366690657
BATTERY,2,g3,CNAtrend,30,5,0.1,300,0.0,0.0,1.0,1056.4905982905984,0.0
BATTERY,2,g3,CNAtrend,30,5,0.2,300,0.1557264957264957,0.14461018645513948,0.0,43.217010132802116,0.008349073007743674
BATTERY,2,g3,CNAtrend,30,10,0.1,300,0.08225490196078429,0.09198531059734665,0.0,45.84679618214538,0.005310774383486942
BATTERY,2,g3,CNAtrend,30,10,0.2,300,0.1656862745098039,0.12477968533644733,0.0,42.056124883407655,0.007204158491839465
BATTERY,2,g3,CNAtrend,30,20,0.1,300,0.09138888888888884,0.0772886688827591,0.0,44.58169211653873,0.004462263378476882
BATTERY,2,g3,CNAtrend,30,20,0.2,300,0.1883333333333333,0.1062672811486915,0.0,40.92347443171686,0.006135344337724667
BATTERY,2,g3,CNAtrend,45,5,0.1,300,0.0,0.0,1.0,1057.6111965811967,0.0
BATTERY,2,g3,CNAtrend,45,5,0.2,300,0.15649572649572646,0.1397180114151941,0.0,66.44820535656201,0.008066623150120151
BATTERY,2,g3,CNAtrend,45,10,0.1,300,0.09392156862745095,0.10075438833105736,0.0,70.10047860696221,0.005817057322497205
BATTERY,2,g3,CNAtrend,45,10,0.2,300,0.18362745098039213,0.12930661076985553,0.0,64.10273240102482,0.007465520653597424
BATTERY,2,g3,CNAtrend,45,20,0.1,300,0.08833333333333329,0.07664339717635216,0.0,68.31616868252745,0.004425008599137432
BATTERY,2,g3,CNAtrend,45,20,0.2,300,0.18111111111111108,0.11063256292201862,0.0,63.12135731534696,0.006387373998416566
NCMAPSS,0,g0,CNA,0,5,0.1,300,0.0,0.0,1.0,88.44666666666667,0.0
NCMAPSS,0,g0,CNA,0,5,0.2,300,0.15533333333333332,0.20299979955067504,0.0,6.844574944071589,0.011720198891602229
NCMAPSS,0,g0,CNA,5,5,0.1,300,0.0,0.0,1.0,88.38466666666667,0.0
NCMAPSS,0,g0,CNA,5,5,0.2,300,0.1753333333333333,0.2183662863300426,0.0,10.72056856187291,0.012607383419458898
NCMAPSS,0,g0,CNA,10,5,0.1,300,0.0,0.0,1.0,88.47133333333333,0.0
NCMAPSS,0,g0,CNA,10,5,0.2,300,0.17599999999999996,0.22298671916299617,0.0,17.65364758698092,0.012874144233446731
NCMAPSS,0,g0,CNA,15,5,0.1,300,0.0,0.0,1.0,88.58866666666667,0.0
NCMAPSS,0,g0,CNA,15,5,0.2,300,0.1673333333333333,0.21975865955722915,0.0,24.253859060402682,0.012687772125211756
NCMAPSS,0,g1,CNA,0,5,0.1,300,0.0,0.0,1.0,70.86,0.0
NCMAPSS,0,g1,CNA,0,5,0.2,300,0.15916666666666668,0.21415066482823913,0.0,7.039001122334456,0.012363994398572118
NCMAPSS,0,g1,CNA,5,5,0.1,300,0.0,0.0,1.0,70.97583333333333,0.0
NCMAPSS,0,g1,CNA,5,5,0.2,300,0.17833333333333334,0.23193361022945574,0.0,13.140677966101695,0.0133906932300098
NCMAPSS,0,g1,CNA,10,5,0.1,300,0.0,0.0,1.0,71.10166666666667,0.0
NCMAPSS,0,g1,CNA,10,5,0.2,300,0.18416666666666667,0.23231632559799453,0.0,16.841296928327644,0.013412789312114688
NCMAPSS,0,g1,CNA,15,5,0.1,300,0.0,0.0,1.0,71.12083333333334,0.0
NCMAPSS,0,g1,CNA,15,5,0.2,300,0.15166666666666667,0.216185900018429,0.0,27.336700336700336,0.01248149875706415
NCMAPSS,0,g2,CNA,0,5,0.1,300,0.0,0.0,1.0,72.405,0.0
NCMAPSS,0,g2,CNA,0,5,0.2,300,0.1593333333333333,0.17677779891581583,0.0,6.574669312169313,0.01020627097907958
NCMAPSS,0,g2,CNA,5,5,0.1,300,0.0,0.0,1.0,72.34466666666667,0.0
NCMAPSS,0,g2,CNA,5,5,0.2,300,0.17999999999999997,0.1900536801479851,0.0,12.134522486772486,0.010972754339391821
NCMAPSS,0,g2,CNA,10,5,0.1,300,0.0,0.0,1.0,72.301,0.0
NCMAPSS,0,g2,CNA,10,5,0.2,300,0.18266666666666664,0.18801788382406914,0.0,19.881564814814812,0.01085521758382901
NCMAPSS,0,g2,CNA,15,5,0.1,300,0.0,0.0,1.0,72.30866666666667,0.0
NCMAPSS,0,g2,CNA,15,5,0.2,300,0.16399999999999995,0.17185978573586444,0.0,29.363464285714283,0.009922329355747272
NCMAPSS,0,g3,CNA,0,5,0.1,300,0.0,0.0,1.0,84.548,0.0
NCMAPSS,0,g3,CNA,0,5,0.2,300,0.15866666666666665,0.20534225175726675,0.0,36.00413870246085,0.011855440432806185
NCMAPSS,0,g3,CNA,5,5,0.1,300,0.0,0.0,1.0,84.68333333333334,0.0
NCMAPSS,0,g3,CNA,5,5,0.2,300,0.1673333333333333,0.19594438725962712,0.0,39.46055555555555,0.011312854473054199
NCMAPSS,0,g3,CNA,10,5,0.1,300,0.0,0.0,1.0,84.57066666666667,0.0
NCMAPSS,0,g3,CNA,10,5,0.2,300,0.15466666666666665,0.1895556030413507,0.0,40.96838888888889,0.010943997844232566
NCMAPSS,0,g3,CNA,15,5,0.1,300,0.0,0.0,1.0,84.596,0.0
NCMAPSS,0,g3,CNA,15,5,0.2,300,0.14733333333333332,0.21207579470057827,0.0,41.436195286195286,0.012244201715898266
NCMAPSS,0,g4,CNA,0,5,0.1,300,0.0,0.0,1.0,81.22266666666667,0.0
NCMAPSS,0,g4,CNA,0,5,0.2,300,0.1653333333333333,0.2185346965607335,0.0,6.818637387387387,0.012617106588661265
NCMAPSS,0,g4,CNA,5,5,0.1,300,0.0,0.0,1.0,80.94466666666668,0.0
NCMAPSS,0,g4,CNA,5,5,0.2,300,0.14466666666666664,0.1956163970757698,0.0,11.101888888888888,0.01129391795096004
NCMAPSS,0,g4,CNA,10,5,0.1,300,0.0,0.0,1.0,80.798,0.0
NCMAPSS,0,g4,CNA,10,5,0.2,300,0.1673333333333333,0.19798201555655254,0.0,16.583221850613153,0.011430496997628027
NCMAPSS,0,g4,CNA,15,5,0.1,300,0.0,0.0,1.0,81.02199999999999,0.0
NCMAPSS,0,g4,CNA,15,5,0.2,300,0.14799999999999996,0.19957144721078218,0.0,23.989001122334457,0.011522262876970828
NCMAPSS,0,g5,CNA,0,5,0.1,300,0.0,0.0,1.0,78.42,0.0
NCMAPSS,0,g5,CNA,0,5,0.2,300,0.18399999999999997,0.20757558964883183,0.0,3.3834444444444443,0.011984382256094835
NCMAPSS,0,g5,CNA,5,5,0.1,300,0.0,0.0,1.0,78.924,0.0
NCMAPSS,0,g5,CNA,5,5,0.2,300,0.14266666666666664,0.18264012045794292,0.0,11.072666666666667,0.0105447322711219
NCMAPSS,0,g5,CNA,10,5,0.1,300,0.0,0.0,1.0,78.62066666666666,0.0
NCMAPSS,0,g5,CNA,10,5,0.2,300,0.1733333333333333,0.2051727933702551,0.0,20.42603121516165,0.011845656748270423
NCMAPSS,0,g5,CNA,15,5,0.1,300,0.0,0.0,1.0,78.77733333333333,0.0
NCMAPSS,0,g5,CNA,15,5,0.2,300,0.1733333333333333,0.20188631082174188,0.0,27.140277777777776,0.011655911589863312
NCMAPSS,0,g6,CNA,0,5,0.1,300,0.0,0.0,1.0,80.40866666666666,0.0
NCMAPSS,0,g6,CNA,0,5,0.2,300,0.1433333333333333,0.19591707571677763,0.0,6.86,0.011311277640392584
NCMAPSS,0,g6,CNA,5,5,0.1,300,0.0,0.0,1.0,79.94933333333333,0.0
NCMAPSS,0,g6,CNA,5,5,0.2,300,0.17666666666666664,0.21973430799320587,0.0,13.985666666666667,0.012686366187007353
NCMAPSS,0,g6,CNA,10,5,0.1,300,0.0,0.0,1.0,80.25933333333333,0.0
NCMAPSS,0,g6,CNA,10,5,0.2,300,0.15733333333333333,0.20894596656880807,0.0,23.567670011148273,0.012063501004458787
NCMAPSS,0,g6,CNA,15,5,0.1,300,0.0,0.0,1.0,79.99933333333333,0.0
NCMAPSS,0,g6,CNA,15,5,0.2,300,0.17266666666666663,0.2149579306018995,0.0,33.17073578595318,0.012410601909745156
NCMAPSS,0,g7,CNA,0,5,0.1,300,0.0,0.0,1.0,65.42966666666668,0.0
NCMAPSS,0,g7,CNA,0,5,0.2,300,0.15399999999999997,0.16786282024738142,0.0,15.565097883597883,0.009691564445675541
NCMAPSS,0,g7,CNA,5,5,0.1,300,0.0,0.0,1.0,65.46733333333333,0.0
NCMAPSS,0,g7,CNA,5,5,0.2,300,0.15899999999999997,0.16706896819511174,0.0,21.439869047619048,0.009645731376068079
NCMAPSS,0,g7,CNA,10,5,0.1,300,0.0,0.0,1.0,65.153,0.0
NCMAPSS,0,g7,CNA,10,5,0.2,300,0.1653333333333333,0.1888131091569667,0.0,27.528844826670912,0.01090112993983049
NCMAPSS,0,g7,CNA,15,5,0.1,300,0.0,0.0,1.0,65.275,0.0
NCMAPSS,0,g7,CNA,15,5,0.2,300,0.16066666666666662,0.17708024621874652,0.0,34.2402962962963,0.01022373278225585
NCMAPSS,0,g8,CNA,0,5,0.1,300,0.0,0.0,1.0,54.35733333333334,0.0
NCMAPSS,0,g8,CNA,0,5,0.2,300,0.14266666666666664,0.19331526459985843,0.0,5.107611111111111,0.011161062005519199
NCMAPSS,0,g8,CNA,5,5,0.1,300,0.0,0.0,1.0,54.37066666666667,0.0
NCMAPSS,0,g8,CNA,5,5,0.2,300,0.15799999999999997,0.2035701419058927,0.0,10.610423634336678,0.011753127622833745
NCMAPSS,0,g8,CNA,10,5,0.1,300,0.0,0.0,1.0,54.376666666666665,0.0
NCMAPSS,0,g8,CNA,10,5,0.2,300,0.16999999999999998,0.2069850462341386,0.0,19.33611111111111,0.011950287216150705
NCMAPSS,0,g8,CNA,15,5,0.1,300,0.0,0.0,1.0,54.32866666666667,0.0
NCMAPSS,0,g8,CNA,15,5,0.2,300,0.15999999999999998,0.21389835988432448,0.0,24.14407158836689,0.012349427565843419
NCMAPSS,1,g0,CNA,0,5,0.1,300,0.0,0.0,1.0,88.20533333333333,0.0
NCMAPSS,1,g0,CNA,0,5,0.2,300,0.15533333333333332,0.18507403080519927,0.0,7.435444444444444,0.010685254150539088
NCMAPSS,1,g0,CNA,5,5,0.1,300,0.0,0.0,1.0,88.51733333333334,0.0
NCMAPSS,1,g0,CNA,5,5,0.2,300,0.15799999999999997,0.2015890053805043,0.0,14.110925306577482,0.011638746652210307
NCMAPSS,1,g0,CNA,10,5,0.1,300,0.0,0.0,1.0,88.03933333333333,0.0
NCMAPSS,1,g0,CNA,10,5,0.2,300,0.16933333333333334,0.21041340632373717,0.0,20.150279642058166,0.012148223678211575
NCMAPSS,1,g0,CNA,15,5,0.1,300,0.0,0.0,1.0,88.202,0.0
NCMAPSS,1,g0,CNA,15,5,0.2,300,0.14666666666666664,0.2045197218141207,0.0,24.270326576576576,0.011807951644396995
NCMAPSS,1,g1,CNA,0,5,0.1,300,0.0,0.0,1.0,71.26,0.0
NCMAPSS,1,g1,CNA,0,5,0.2,300,0.16916666666666666,0.22751597148293048,0.0,3.739057239057239,0.013135640738060912
NCMAPSS,1,g1,CNA,5,5,0.1,300,0.0,0.0,1.0,71.03416666666666,0.0
NCMAPSS,1,g1,CNA,5,5,0.2,300,0.165,0.20917499994503808,0.0,9.80267558528428,0.012076724252600767
NCMAPSS,1,g1,CNA,10,5,0.1,300,0.0,0.0,1.0,70.82083333333334,0.0
NCMAPSS,1,g1,CNA,10,5,0.2,300,0.16666666666666666,0.22614751354332482,0.0,12.721014492753623,0.01305663278208031
NCMAPSS,1,g1,CNA,15,5,0.1,300,0.0,0.0,1.0,70.64916666666667,0.0
NCMAPSS,1,g1,CNA,15,5,0.2,300,0.14916666666666667,0.20251175007544034,0.0,21.46388888888889,0.011692021342011768
NCMAPSS,1,g2,CNA,0,5,0.1,300,0.0,0.0,1.0,72.42166666666667,0.0
NCMAPSS,1,g2,CNA,0,5,0.2,300,0.17133333333333328,0.17553993787221994,0.0,7.60591798941799,0.010134803038405636
NCMAPSS,1,g2,CNA,5,5,0.1,300,0.0,0.0,1.0,72.26333333333334,0.0
NCMAPSS,1,g2,CNA,5,5,0.2,300,0.18566666666666662,0.18258975587930013,0.0,12.305879629629631,0.010541824470818197
NCMAPSS,1,g2,CNA,10,5,0.1,300,0.0,0.0,1.0,72.455,0.0
NCMAPSS,1,g2,CNA,10,5,0.2,300,0.1696666666666666,0.16755138648366222,0.0,19.795818783068782,0.00967358380894374
NCMAPSS,1,g2,CNA,15,5,0.1,300,0.0,0.0,1.0,72.44166666666666,0.0
NCMAPSS,1,g2,CNA,15,5,0.2,300,0.15299999999999994,0.1599257770986341,0.0,30.144829365079367,0.009233319045825647
NCMAPSS,1,g3,CNA,0,5,0.1,300,0.0,0.0,1.0,84.716,0.0
NCMAPSS,1,g3,CNA,0,5,0.2,300,0.14999999999999997,0.1929354303065109,0.0,30.83711111111111,0.011139132262368033
NCMAPSS,1,g3,CNA,5,5,0.1,300,0.0,0.0,1.0,84.14800000000001,0.0
NCMAPSS,1,g3,CNA,5,5,0.2,300,0.1873333333333333,0.2181701544127362,0.0,33.31862416107383,0.012596059737933546
NCMAPSS,1,g3,CNA,10,5,0.1,300,0.0,0.0,1.0,84.76466666666667,0.0
NCMAPSS,1,g3,CNA,10,5,0.2,300,0.15599999999999997,0.19057385615248865,0.0,35.78511705685619,0.011002786715014434
NCMAPSS,1,g3,CNA,15,5,0.1,300,0.0,0.0,1.0,84.72333333333333,0.0
NCMAPSS,1,g3,CNA,15,5,0.2,300,0.15533333333333332,0.1983330757050311,0.0,37.05005574136009,0.011450765464750611
NCMAPSS,1,g4,CNA,0,5,0.1,300,0.0,0.0,1.0,80.95133333333334,0.0
NCMAPSS,1,g4,CNA,0,5,0.2,300,0.15666666666666665,0.20130566009141015,0.0,7.543311036789297,0.011622387704317094
NCMAPSS,1,g4,CNA,5,5,0.1,300,0.0,0.0,1.0,80.13133333333334,0.0
NCMAPSS,1,g4,CNA,5,5,0.2,300,0.17866666666666664,0.20449355557031165,0.0,13.095930880713489,0.01180644093560631
NCMAPSS,1,g4,CNA,10,5,0.1,300,0.0,0.0,1.0,80.8,0.0
NCMAPSS,1,g4,CNA,10,5,0.2,300,0.17399999999999996,0.21262179275853366,0.0,18.452188552188552,0.012275724928472021
NCMAPSS,1,g4,CNA,15,5,0.1,300,0.0,0.0,1.0,80.73333333333333,0.0
NCMAPSS,1,g4,CNA,15,5,0.2,300,0.17599999999999996,0.2211795680839273,0.0,23.13664421997755,0.012769808317250058
NCMAPSS,1,g5,CNA,0,5,0.1,300,0.0,0.0,1.0,78.69866666666667,0.0
NCMAPSS,1,g5,CNA,0,5,0.2,300,0.17666666666666664,0.2123027643911306,0.0,6.317845117845118,0.012257305817092093
NCMAPSS,1,g5,CNA,5,5,0.1,300,0.0,0.0,1.0,78.43933333333334,0.0
NCMAPSS,1,g5,CNA,5,5,0.2,300,0.16866666666666666,0.19752199544482102,0.0,9.76923076923077,0.011403937724093944
NCMAPSS,1,g5,CNA,10,5,0.1,300,0.0,0.0,1.0,78.762,0.0
NCMAPSS,1,g5,CNA,10,5,0.2,300,0.14066666666666663,0.17865969470082183,0.0,14.209277777777778,0.010314922282885582
NCMAPSS,1,g5,CNA,15,5,0.1,300,0.0,0.0,1.0,78.55199999999999,0.0
NCMAPSS,1,g5,CNA,15,5,0.2,300,0.16933333333333334,0.21543971265340758,0.0,22.451226309921964,0.012438417609458048
NCMAPSS,1,g6,CNA,0,5,0.1,300,0.0,0.0,1.0,80.15333333333334,0.0
NCMAPSS,1,g6,CNA,0,5,0.2,300,0.18466666666666665,0.21738385717455933,0.0,5.940715883668903,0.012550662845721098
NCMAPSS,1,g6,CNA,5,5,0.1,300,0.0,0.0,1.0,80.15066666666667,0.0
NCMAPSS,1,g6,CNA,5,5,0.2,300,0.18666666666666665,0.22328249475444362,0.0,13.735016835016836,0.012891220845180922
NCMAPSS,1,g6,CNA,10,5,0.1,300,0.0,0.0,1.0,80.22,0.0
NCMAPSS,1,g6,CNA,10,5,0.2,300,0.17466666666666664,0.2148925738204234,0.0,22.212345679012344,0.012406828534207296
NCMAPSS,1,g6,CNA,15,5,0.1,300,0.0,0.0,1.0,80.146,0.0
NCMAPSS,1,g6,CNA,15,5,0.2,300,0.15866666666666665,0.215514214871303,0.0,28.831215161649943,0.012442718997013763
NCMAPSS,1,g7,CNA,0,5,0.1,300,0.0,0.0,1.0,65.19800000000001,0.0
NCMAPSS,1,g7,CNA,0,5,0.2,300,0.17233333333333328,0.17900100583288964,0.0,13.232468253968255,0.01033462789028326
NCMAPSS,1,g7,CNA,5,5,0.1,300,0.0,0.0,1.0,65.24933333333333,0.0
NCMAPSS,1,g7,CNA,5,5,0.2,300,0.18399999999999997,0.18742400912723112,0.0,20.329992063492064,0.010820930212220576
NCMAPSS,1,g7,CNA,10,5,0.1,300,0.0,0.0,1.0,65.32733333333334,0.0
NCMAPSS,1,g7,CNA,10,5,0.2,300,0.16799999999999995,0.17129059585226725,0.0,26.88357142857143,0.009889467162495788
NCMAPSS,1,g7,CNA,15,5,0.1,300,0.0,0.0,1.0,65.25133333333333,0.0
NCMAPSS,1,g7,CNA,15,5,0.2,300,0.17033333333333328,0.17355198026836932,0.0,33.946791005291004,0.010020028252633564
NCMAPSS,1,g8,CNA,0,5,0.1,300,0.0,0.0,1.0,54.08933333333333,0.0
NCMAPSS,1,g8,CNA,0,5,0.2,300,0.16799999999999998,0.20829616167826917,0.0,10.38338888888889,0.01202598450161145
NCMAPSS,1,g8,CNA,5,5,0.1,300,0.0,0.0,1.0,54.254000000000005,0.0
NCMAPSS,1,g8,CNA,5,5,0.2,300,0.1613333333333333,0.20258749847250376,0.0,15.499665551839463,0.011696394677755293
NCMAPSS,1,g8,CNA,10,5,0.1,300,0.0,0.0,1.0,54.462666666666664,0.0
NCMAPSS,1,g8,CNA,10,5,0.2,300,0.1593333333333333,0.2011993027331105,0.0,22.09169453734671,0.011616247159372635
NCMAPSS,1,g8,CNA,15,5,0.1,300,0.0,0.0,1.0,54.268,0.0
NCMAPSS,1,g8,CNA,15,5,0.2,300,0.15666666666666665,0.20912836040569785,0.0,29.321644295302015,0.012074031517541472
NCMAPSS,2,g0,CNA,0,5,0.1,300,0.0,0.0,1.0,88.334,0.0
NCMAPSS,2,g0,CNA,0,5,0.2,300,0.172,0.21703998367823876,0.0,6.961577181208054,0.012530809300154312
NCMAPSS,2,g0,CNA,5,5,0.1,300,0.0,0.0,1.0,88.43733333333334,0.0
NCMAPSS,2,g0,CNA,5,5,0.2,300,0.17666666666666664,0.21040386922020146,0.0,11.118115942028986,0.012147673053282211
NCMAPSS,2,g0,CNA,10,5,0.1,300,0.0,0.0,1.0,88.256,0.0
NCMAPSS,2,g0,CNA,10,5,0.2,300,0.1673333333333333,0.20851334474964542,0.0,16.02192393736018,0.0120385235720837
NCMAPSS,2,g0,CNA,15,5,0.1,300,0.0,0.0,1.0,88.28266666666667,0.0
NCMAPSS,2,g0,CNA,15,5,0.2,300,0.15466666666666665,0.21219876675165972,0.0,21.759253065774804,0.012251301510577734
NCMAPSS,2,g1,CNA,0,5,0.1,300,0.0,0.0,1.0,71.24,0.0
NCMAPSS,2,g1,CNA,0,5,0.2,300,0.15083333333333335,0.20538154123603836,0.0,6.050335570469799,0.011857708811920695
NCMAPSS,2,g1,CNA,5,5,0.1,300,0.0,0.0,1.0,70.9775,0.0
NCMAPSS,2,g1,CNA,5,5,0.2,300,0.17166666666666666,0.22142112199707528,0.0,13.247184684684685,0.012783754438928038
NCMAPSS,2,g1,CNA,10,5,0.1,300,0.0,0.0,1.0,70.9025,0.0
NCMAPSS,2,g1,CNA,10,5,0.2,300,0.15916666666666668,0.21415066482823913,0.0,16.318462401795735,0.012363994398572118
NCMAPSS,2,g1,CNA,15,5,0.1,300,0.0,0.0,1.0,71.0375,0.0
NCMAPSS,2,g1,CNA,15,5,0.2,300,0.155,0.22890973232223974,0.0,23.690796857463525,0.013216109557637027
NCMAPSS,2,g2,CNA,0,5,0.1,300,0.0,0.0,1.0,72.44033333333333,0.0
NCMAPSS,2,g2,CNA,0,5,0.2,300,0.1523333333333333,0.1640658839301705,0.0,5.8661455026455025,0.009472348225191782
NCMAPSS,2,g2,CNA,5,5,0.1,300,0.0,0.0,1.0,72.59,0.0
NCMAPSS,2,g2,CNA,5,5,0.2,300,0.1503333333333333,0.17008719647159645,0.0,11.956314814814816,0.009819988866858496
NCMAPSS,2,g2,CNA,10,5,0.1,300,0.0,0.0,1.0,72.41733333333333,0.0
NCMAPSS,2,g2,CNA,10,5,0.2,300,0.16066666666666662,0.17651273241489066,0.0,19.595021164021162,0.01019096735751335
NCMAPSS,2,g2,CNA,15,5,0.1,300,0.0,0.0,1.0,72.36566666666667,0.0
NCMAPSS,2,g2,CNA,15,5,0.2,300,0.17399999999999996,0.17538490875994944,0.0,28.236686507936508,0.010125852428435476
NCMAPSS,2,g3,CNA,0,5,0.1,300,0.0,0.0,1.0,84.16733333333333,0.0
NCMAPSS,2,g3,CNA,0,5,0.2,300,0.1713333333333333,0.20457531396979872,0.0,36.20205555555555,0.011811161259001548
NCMAPSS,2,g3,CNA,5,5,0.1,300,0.0,0.0,1.0,84.95066666666666,0.0
NCMAPSS,2,g3,CNA,5,5,0.2,300,0.15199999999999997,0.20519018015841994,0.0,41.95680044593088,0.011846660574953155
NCMAPSS,2,g3,CNA,10,5,0.1,300,0.0,0.0,1.0,84.422,0.0
NCMAPSS,2,g3,CNA,10,5,0.2,300,0.18333333333333332,0.22275762332946886,0.0,44.944147157190635,0.012860917379331009
NCMAPSS,2,g3,CNA,15,5,0.1,300,0.0,0.0,1.0,84.63533333333334,0.0
NCMAPSS,2,g3,CNA,15,5,0.2,300,0.18466666666666665,0.22164983884290518,0.0,47.796283783783785,0.012796959412178847
NCMAPSS,2,g4,CNA,0,5,0.1,300,0.0,0.0,1.0,80.95400000000001,0.0
NCMAPSS,2,g4,CNA,0,5,0.2,300,0.17799999999999996,0.21557110894095585,0.0,6.0605145413870245,0.012446003777656698
NCMAPSS,2,g4,CNA,5,5,0.1,300,0.0,0.0,1.0,80.93333333333334,0.0
NCMAPSS,2,g4,CNA,5,5,0.2,300,0.16399999999999995,0.19908822265854348,0.0,14.313489409141583,0.011494363894439422
NCMAPSS,2,g4,CNA,10,5,0.1,300,0.0,0.0,1.0,80.41466666666668,0.0
NCMAPSS,2,g4,CNA,10,5,0.2,300,0.1893333333333333,0.21858366426420375,0.0,20.33059284116331,0.012619933740339281
NCMAPSS,2,g4,CNA,15,5,0.1,300,0.0,0.0,1.0,81.24533333333333,0.0
NCMAPSS,2,g4,CNA,15,5,0.2,300,0.15666666666666665,0.19659872605345555,0.0,28.95484949832776,0.011350632740930004
NCMAPSS,2,g5,CNA,0,5,0.1,300,0.0,0.0,1.0,78.30933333333333,0.0
NCMAPSS,2,g5,CNA,0,5,0.2,300,0.16799999999999998,0.21337234871773902,0.0,3.8827201783723524,0.012319058296980932
NCMAPSS,2,g5,CNA,5,5,0.1,300,0.0,0.0,1.0,78.62733333333334,0.0
NCMAPSS,2,g5,CNA,5,5,0.2,300,0.14066666666666666,0.18309734482280016,0.0,10.904277777777777,0.01057113013213494
NCMAPSS,2,g5,CNA,10,5,0.1,300,0.0,0.0,1.0,78.60733333333333,0.0
NCMAPSS,2,g5,CNA,10,5,0.2,300,0.18066666666666664,0.22012360974563142,0.0,19.20551839464883,0.012708842534163241
NCMAPSS,2,g5,CNA,15,5,0.1,300,0.0,0.0,1.0,78.72466666666668,0.0
NCMAPSS,2,g5,CNA,15,5,0.2,300,0.15066666666666664,0.20290422033805058,0.0,24.354222222222223,0.011714680623188463
NCMAPSS,2,g6,CNA,0,5,0.1,300,0.0,0.0,1.0,80.13066666666667,0.0
NCMAPSS,2,g6,CNA,0,5,0.2,300,0.18133333333333332,0.21118764870474868,0.0,4.806243032329989,0.012192924582921077
NCMAPSS,2,g6,CNA,5,5,0.1,300,0.0,0.0,1.0,80.20266666666666,0.0
NCMAPSS,2,g6,CNA,5,5,0.2,300,0.1653333333333333,0.2097894044104671,0.0,12.005777777777777,0.012112196910951443
NCMAPSS,2,g6,CNA,10,5,0.1,300,0.0,0.0,1.0,80.34866666666666,0.0
NCMAPSS,2,g6,CNA,10,5,0.2,300,0.1753333333333333,0.2024719037172115,0.0,18.979375696767,0.011689720811446803
NCMAPSS,2,g6,CNA,15,5,0.1,300,0.0,0.0,1.0,80.19333333333333,0.0
NCMAPSS,2,g6,CNA,15,5,0.2,300,0.18133333333333332,0.22998812436017482,0.0,26.368388888888887,0.013278370550976405
NCMAPSS,2,g7,CNA,0,5,0.1,300,0.0,0.0,1.0,65.22566666666667,0.0
NCMAPSS,2,g7,CNA,0,5,0.2,300,0.16666666666666663,0.17297965804069318,0.0,16.004061156235068,0.009986985213412361
NCMAPSS,2,g7,CNA,5,5,0.1,300,0.0,0.0,1.0,65.195,0.0
NCMAPSS,2,g7,CNA,5,5,0.2,300,0.16199999999999995,0.17528571993188766,0.0,23.224055555555555,0.010120125758777267
NCMAPSS,2,g7,CNA,10,5,0.1,300,0.0,0.0,1.0,65.29233333333333,0.0
NCMAPSS,2,g7,CNA,10,5,0.2,300,0.17466666666666664,0.18129473653106548,0.0,28.42116931216931,0.010467056493887293
NCMAPSS,2,g7,CNA,15,5,0.1,300,0.0,0.0,1.0,65.26533333333333,0.0
NCMAPSS,2,g7,CNA,15,5,0.2,300,0.16833333333333328,0.18186295941977465,0.0,33.76837169312169,0.010499862857662887
NCMAPSS,2,g8,CNA,0,5,0.1,300,0.0,0.0,1.0,54.32666666666667,0.0
NCMAPSS,2,g8,CNA,0,5,0.2,300,0.17466666666666664,0.21238781549197613,0.0,8.622296544035674,0.012262216244688897
NCMAPSS,2,g8,CNA,5,5,0.1,300,0.0,0.0,1.0,54.404,0.0
NCMAPSS,2,g8,CNA,5,5,0.2,300,0.16266666666666663,0.21375654787965442,0.0,13.751454138702462,0.01234124004593636
NCMAPSS,2,g8,CNA,10,5,0.1,300,0.0,0.0,1.0,54.32266666666666,0.0
NCMAPSS,2,g8,CNA,10,5,0.2,300,0.17666666666666664,0.21418482521738136,0.0,17.618004459308807,0.012365966649558807
NCMAPSS,2,g8,CNA,15,5,0.1,300,0.0,0.0,1.0,54.276666666666664,0.0
NCMAPSS,2,g8,CNA,15,5,0.2,300,0.174,0.21199167018405413,0.0,25.679944444444445,0.0122393447846722
