cap,span,k,n,failures,rate,p_greater,notice_mean_engines,notice_mean_battery,rate_PHM08,rate_FD001,rate_FD002,rate_FD003,rate_FD004,rate_NCMAPSS,rate_BATTERY,p_holm
low,1,1,1149,103,0.08964316797214969,0.8899773311417033,17.6015625,41.78861788617886,0.0963302752293578,0.05,0.06538461538461539,0.1,0.12048192771084337,0.0707070707070707,0.10569105691056911,1.0
low,1,2,1149,103,0.08964316797214969,0.8899773311417033,17.7744140625,42.300813008130085,0.0871559633027523,0.04,0.06538461538461539,0.1,0.1285140562248996,0.08080808080808081,0.10569105691056911,1.0
low,1,3,1149,110,0.09573542210617929,0.6990035353274124,17.850731707317074,42.71544715447155,0.12844036697247707,0.05,0.05384615384615385,0.11,0.11646586345381527,0.0707070707070707,0.13008130081300814,1.0
low,3,1,1149,100,0.08703220191470844,0.9373411836322144,17.658203125,41.642276422764226,0.0779816513761468,0.05,0.057692307692307696,0.11,0.1285140562248996,0.0707070707070707,0.10569105691056911,1.0
low,3,2,1149,101,0.08790252393385553,0.9236973733407969,17.778536585365853,42.27642276422764,0.10550458715596331,0.04,0.046153846153846156,0.14,0.10843373493975904,0.0707070707070707,0.11382113821138211,1.0
low,3,3,1149,107,0.09312445604873804,0.7944443541999563,17.718048780487806,43.666666666666664,0.11009174311926606,0.06,0.06153846153846154,0.14,0.10843373493975904,0.08080808080808081,0.0975609756097561,1.0
low,5,1,1149,104,0.09051348999129678,0.8696756114960725,17.6884765625,41.6910569105691,0.0963302752293578,0.05,0.05,0.13,0.12048192771084337,0.09090909090909091,0.10569105691056911,1.0
low,5,2,1149,101,0.08790252393385553,0.9236973733407969,17.765853658536585,43.08130081300813,0.10091743119266056,0.05,0.057692307692307696,0.12,0.10441767068273092,0.08080808080808081,0.10569105691056911,1.0
low,5,3,1149,108,0.09399477806788512,0.7647083034607283,17.710526315789473,43.983739837398375,0.10550458715596331,0.06,0.06153846153846154,0.16,0.10843373493975904,0.08080808080808081,0.0975609756097561,1.0
mid,1,1,1149,108,0.09399477806788512,0.7647083034607283,17.596474045053867,41.16393442622951,0.0963302752293578,0.04,0.057692307692307696,0.14,0.11646586345381527,0.09090909090909091,0.13008130081300814,1.0
mid,1,2,1149,119,0.10356832027850305,0.357393852506117,17.735812133072407,43.47540983606557,0.11009174311926606,0.07,0.07307692307692308,0.12,0.12048192771084337,0.1111111111111111,0.13008130081300814,1.0
mid,1,3,1149,108,0.09399477806788512,0.7647083034607283,17.87878787878788,43.77049180327869,0.07339449541284404,0.07,0.07307692307692308,0.11,0.12048192771084337,0.10101010101010101,0.12195121951219512,1.0
mid,3,1,1149,107,0.09312445604873804,0.7944443541999563,17.60078277886497,43.131147540983605,0.0871559633027523,0.05,0.06538461538461539,0.14,0.11244979919678715,0.10101010101010101,0.11382113821138211,1.0
mid,3,2,1149,116,0.10095735422106179,0.47127358191634383,17.7683284457478,43.99180327868852,0.08256880733944955,0.07,0.07692307692307693,0.14,0.12449799196787148,0.1111111111111111,0.12195121951219512,1.0
mid,3,3,1149,119,0.10356832027850305,0.357393852506117,17.908113391984358,45.51639344262295,0.11009174311926606,0.06,0.07692307692307693,0.11,0.12048192771084337,0.1111111111111111,0.13821138211382114,1.0
mid,5,1,1149,111,0.09660574412532637,0.6634678569952012,17.548387096774192,43.942622950819676,0.09174311926605505,0.05,0.07692307692307693,0.13,0.11646586345381527,0.09090909090909091,0.12195121951219512,1.0
mid,5,2,1149,114,0.09921671018276762,0.5496439135425257,17.760508308895407,45.14754098360656,0.0963302752293578,0.07,0.07307692307692308,0.11,0.11646586345381527,0.1111111111111111,0.13008130081300814,1.0
mid,5,3,1149,115,0.10008703220191471,0.510458747729434,17.87781036168133,46.278688524590166,0.10091743119266056,0.07,0.07692307692307693,0.13,0.10441767068273092,0.1111111111111111,0.13008130081300814,1.0
high,1,1,1149,117,0.10182767624020887,0.4324637529405434,17.572265625,44.68852459016394,0.11009174311926606,0.04,0.08461538461538462,0.1,0.14457831325301204,0.08080808080808081,0.10569105691056911,1.0
high,1,2,1149,115,0.10008703220191471,0.510458747729434,17.81560975609756,45.57377049180328,0.09174311926605505,0.08,0.08846153846153847,0.11,0.13253012048192772,0.08080808080808081,0.0975609756097561,1.0
high,1,3,1149,114,0.09921671018276762,0.5496439135425257,17.7609756097561,47.02459016393443,0.11467889908256881,0.06,0.08076923076923077,0.11,0.11244979919678715,0.09090909090909091,0.11382113821138211,1.0
high,3,1,1149,122,0.1061792863359443,0.25571675601050753,17.5029296875,44.959016393442624,0.11467889908256881,0.04,0.09230769230769231,0.11,0.14056224899598393,0.10101010101010101,0.10569105691056911,1.0
high,3,2,1149,121,0.10530896431679722,0.2878118770956687,17.775609756097563,46.43801652892562,0.11926605504587157,0.07,0.1,0.11,0.10843373493975904,0.09090909090909091,0.12195121951219512,1.0
high,3,3,1149,113,0.09834638816362054,0.5884508441643705,17.970731707317075,47.82644628099174,0.11009174311926606,0.07,0.07692307692307693,0.11,0.10843373493975904,0.1111111111111111,0.10569105691056911,1.0
high,5,1,1149,127,0.11053089643167972,0.12772402664947935,17.4150390625,45.795081967213115,0.12385321100917432,0.07,0.09230769230769231,0.12,0.13654618473895583,0.09090909090909091,0.11382113821138211,1.0
high,5,2,1149,122,0.1061792863359443,0.25571675601050753,17.734634146341463,47.3801652892562,0.12385321100917432,0.08,0.09230769230769231,0.11,0.10843373493975904,0.10101010101010101,0.12195121951219512,1.0
high,5,3,1149,106,0.09225413402959094,0.8218995956782658,18.11219512195122,48.19834710743802,0.10550458715596331,0.07,0.07307692307692308,0.1,0.0963855421686747,0.10101010101010101,0.10569105691056911,1.0
