learner,dataset,policy,alpha,lead,n,failures,notice_median,rate
GBM,BATTERY,CNA_a0.05,0.05,0,123,2,18.0,0.016260162601626018
GBM,BATTERY,CNA_a0.05,0.05,15,123,6,34.0,0.04878048780487805
GBM,BATTERY,CNA_a0.05,0.05,30,123,6,51.5,0.04878048780487805
GBM,BATTERY,CNA_a0.05,0.05,45,123,4,75.0,0.032520325203252036
GBM,BATTERY,CNA_a0.10,0.1,0,123,11,9.0,0.08943089430894309
GBM,BATTERY,CNA_a0.10,0.1,15,123,10,27.5,0.08130081300813008
GBM,BATTERY,CNA_a0.10,0.1,30,123,15,42.0,0.12195121951219512
GBM,BATTERY,CNA_a0.10,0.1,45,123,7,66.0,0.056910569105691054
GBM,BATTERY,CNA_a0.20,0.2,0,123,21,6.0,0.17073170731707318
GBM,BATTERY,CNA_a0.20,0.2,15,123,21,22.0,0.17073170731707318
GBM,BATTERY,CNA_a0.20,0.2,30,123,26,38.0,0.21138211382113822
GBM,BATTERY,CNA_a0.20,0.2,45,123,18,57.0,0.14634146341463414
GBM,BATTERY,LBall_a0.05,0.05,0,123,28,5.0,0.22764227642276422
GBM,BATTERY,LBall_a0.05,0.05,15,123,33,18.0,0.2682926829268293
GBM,BATTERY,LBall_a0.05,0.05,30,123,42,34.0,0.34146341463414637
GBM,BATTERY,LBall_a0.05,0.05,45,123,50,48.0,0.4065040650406504
GBM,BATTERY,LBall_a0.10,0.1,0,123,105,2.0,0.8536585365853658
GBM,BATTERY,LBall_a0.10,0.1,15,123,96,12.0,0.7804878048780488
GBM,BATTERY,LBall_a0.10,0.1,30,123,96,27.0,0.7804878048780488
GBM,BATTERY,LBall_a0.10,0.1,45,123,86,41.0,0.6991869918699187
GBM,BATTERY,LBall_a0.20,0.2,0,123,123,,1.0
GBM,BATTERY,LBall_a0.20,0.2,15,123,119,8.0,0.967479674796748
GBM,BATTERY,LBall_a0.20,0.2,30,123,116,23.0,0.943089430894309
GBM,BATTERY,LBall_a0.20,0.2,45,123,106,37.0,0.8617886178861789
GBM,BATTERY,LBnear_a0.05,0.05,0,123,1,22.0,0.008130081300813009
GBM,BATTERY,LBnear_a0.05,0.05,15,123,2,39.0,0.016260162601626018
GBM,BATTERY,LBnear_a0.05,0.05,30,123,4,55.0,0.032520325203252036
GBM,BATTERY,LBnear_a0.05,0.05,45,123,5,69.0,0.04065040650406504
GBM,BATTERY,LBnear_a0.10,0.1,0,123,4,14.0,0.032520325203252036
GBM,BATTERY,LBnear_a0.10,0.1,15,123,7,30.0,0.056910569105691054
GBM,BATTERY,LBnear_a0.10,0.1,30,123,10,45.0,0.08130081300813008
GBM,BATTERY,LBnear_a0.10,0.1,45,123,12,61.0,0.0975609756097561
GBM,BATTERY,LBnear_a0.20,0.2,0,123,21,6.0,0.17073170731707318
GBM,BATTERY,LBnear_a0.20,0.2,15,123,31,20.0,0.25203252032520324
GBM,BATTERY,LBnear_a0.20,0.2,30,123,38,34.0,0.3089430894308943
GBM,BATTERY,LBnear_a0.20,0.2,45,123,44,49.0,0.35772357723577236
GBM,FD001,CNA_a0.05,0.05,0,100,5,9.0,0.05
GBM,FD001,CNA_a0.05,0.05,5,100,3,13.0,0.03
GBM,FD001,CNA_a0.05,0.05,10,100,2,20.0,0.02
GBM,FD001,CNA_a0.05,0.05,15,100,5,25.5,0.05
GBM,FD001,CNA_a0.10,0.1,0,100,11,6.0,0.11
GBM,FD001,CNA_a0.10,0.1,5,100,8,10.0,0.08
GBM,FD001,CNA_a0.10,0.1,10,100,7,16.0,0.07
GBM,FD001,CNA_a0.10,0.1,15,100,8,22.0,0.08
GBM,FD001,CNA_a0.20,0.2,0,100,24,5.0,0.24
GBM,FD001,CNA_a0.20,0.2,5,100,17,8.0,0.17
GBM,FD001,CNA_a0.20,0.2,10,100,13,14.0,0.13
GBM,FD001,CNA_a0.20,0.2,15,100,10,20.0,0.1
GBM,FD001,LBall_a0.05,0.05,0,100,12,5.0,0.12
GBM,FD001,LBall_a0.05,0.05,5,100,8,10.0,0.08
GBM,FD001,LBall_a0.05,0.05,10,100,14,15.0,0.14
GBM,FD001,LBall_a0.05,0.05,15,100,15,19.5,0.15
GBM,FD001,LBall_a0.10,0.1,0,100,51,3.0,0.51
GBM,FD001,LBall_a0.10,0.1,5,100,34,7.0,0.34
GBM,FD001,LBall_a0.10,0.1,10,100,33,11.0,0.33
GBM,FD001,LBall_a0.10,0.1,15,100,38,17.0,0.38
GBM,FD001,LBall_a0.20,0.2,0,100,99,1.0,0.99
GBM,FD001,LBall_a0.20,0.2,5,100,82,3.0,0.82
GBM,FD001,LBall_a0.20,0.2,10,100,80,8.0,0.8
GBM,FD001,LBall_a0.20,0.2,15,100,74,13.0,0.74
GBM,FD001,LBnear_a0.05,0.05,0,100,2,10.0,0.02
GBM,FD001,LBnear_a0.05,0.05,5,100,3,15.0,0.03
GBM,FD001,LBnear_a0.05,0.05,10,100,3,19.0,0.03
GBM,FD001,LBnear_a0.05,0.05,15,100,6,24.0,0.06
GBM,FD001,LBnear_a0.10,0.1,0,100,6,8.0,0.06
GBM,FD001,LBnear_a0.10,0.1,5,100,6,12.0,0.06
GBM,FD001,LBnear_a0.10,0.1,10,100,7,17.0,0.07
GBM,FD001,LBnear_a0.10,0.1,15,100,8,22.0,0.08
GBM,FD001,LBnear_a0.20,0.2,0,100,24,4.0,0.24
GBM,FD001,LBnear_a0.20,0.2,5,100,12,9.0,0.12
GBM,FD001,LBnear_a0.20,0.2,10,100,19,14.0,0.19
GBM,FD001,LBnear_a0.20,0.2,15,100,19,19.0,0.19
GBM,FD002,CNA_a0.05,0.05,0,260,3,7.0,0.011538461538461539
GBM,FD002,CNA_a0.05,0.05,5,260,12,12.0,0.046153846153846156
GBM,FD002,CNA_a0.05,0.05,10,260,9,18.0,0.03461538461538462
GBM,FD002,CNA_a0.05,0.05,15,260,11,24.0,0.04230769230769231
GBM,FD002,CNA_a0.10,0.1,0,260,22,5.0,0.08461538461538462
GBM,FD002,CNA_a0.10,0.1,5,260,17,10.0,0.06538461538461539
GBM,FD002,CNA_a0.10,0.1,10,260,20,16.0,0.07692307692307693
GBM,FD002,CNA_a0.10,0.1,15,260,17,21.0,0.06538461538461539
GBM,FD002,CNA_a0.20,0.2,0,260,40,4.0,0.15384615384615385
GBM,FD002,CNA_a0.20,0.2,5,260,51,8.0,0.19615384615384615
GBM,FD002,CNA_a0.20,0.2,10,260,44,14.0,0.16923076923076924
GBM,FD002,CNA_a0.20,0.2,15,260,44,19.0,0.16923076923076924
GBM,FD002,LBall_a0.05,0.05,0,260,24,5.0,0.09230769230769231
GBM,FD002,LBall_a0.05,0.05,5,260,23,10.0,0.08846153846153847
GBM,FD002,LBall_a0.05,0.05,10,260,26,15.0,0.1
GBM,FD002,LBall_a0.05,0.05,15,260,34,20.0,0.13076923076923078
GBM,FD002,LBall_a0.10,0.1,0,260,119,3.0,0.4576923076923077
GBM,FD002,LBall_a0.10,0.1,5,260,92,7.0,0.35384615384615387
GBM,FD002,LBall_a0.10,0.1,10,260,92,12.0,0.35384615384615387
GBM,FD002,LBall_a0.10,0.1,15,260,95,17.0,0.36538461538461536
GBM,FD002,LBall_a0.20,0.2,0,260,250,1.0,0.9615384615384616
GBM,FD002,LBall_a0.20,0.2,5,260,205,4.0,0.7884615384615384
GBM,FD002,LBall_a0.20,0.2,10,260,182,8.0,0.7
GBM,FD002,LBall_a0.20,0.2,15,260,183,14.0,0.7038461538461539
GBM,FD002,LBnear_a0.05,0.05,0,260,0,10.0,0.0
GBM,FD002,LBnear_a0.05,0.05,5,260,2,15.0,0.007692307692307693
GBM,FD002,LBnear_a0.05,0.05,10,260,3,20.0,0.011538461538461539
GBM,FD002,LBnear_a0.05,0.05,15,260,8,24.0,0.03076923076923077
GBM,FD002,LBnear_a0.10,0.1,0,260,6,7.0,0.023076923076923078
GBM,FD002,LBnear_a0.10,0.1,5,260,7,12.0,0.026923076923076925
GBM,FD002,LBnear_a0.10,0.1,10,260,8,17.0,0.03076923076923077
GBM,FD002,LBnear_a0.10,0.1,15,260,17,22.0,0.06538461538461539
GBM,FD002,LBnear_a0.20,0.2,0,260,38,4.0,0.14615384615384616
GBM,FD002,LBnear_a0.20,0.2,5,260,29,9.0,0.11153846153846154
GBM,FD002,LBnear_a0.20,0.2,10,260,37,14.0,0.1423076923076923
GBM,FD002,LBnear_a0.20,0.2,15,260,48,19.0,0.18461538461538463
GBM,FD003,CNA_a0.05,0.05,0,100,3,14.0,0.03
GBM,FD003,CNA_a0.05,0.05,5,100,5,19.0,0.05
GBM,FD003,CNA_a0.05,0.05,10,100,5,22.0,0.05
GBM,FD003,CNA_a0.05,0.05,15,100,5,25.0,0.05
GBM,FD003,CNA_a0.10,0.1,0,100,8,8.0,0.08
GBM,FD003,CNA_a0.10,0.1,5,100,10,12.0,0.1
GBM,FD003,CNA_a0.10,0.1,10,100,14,16.0,0.14
GBM,FD003,CNA_a0.10,0.1,15,100,9,21.0,0.09
GBM,FD003,CNA_a0.20,0.2,0,100,21,5.0,0.21
GBM,FD003,CNA_a0.20,0.2,5,100,23,9.0,0.23
GBM,FD003,CNA_a0.20,0.2,10,100,18,15.0,0.18
GBM,FD003,CNA_a0.20,0.2,15,100,21,19.0,0.21
GBM,FD003,LBall_a0.05,0.05,0,100,18,5.0,0.18
GBM,FD003,LBall_a0.05,0.05,5,100,16,10.0,0.16
GBM,FD003,LBall_a0.05,0.05,10,100,18,15.0,0.18
GBM,FD003,LBall_a0.05,0.05,15,100,16,19.0,0.16
GBM,FD003,LBall_a0.10,0.1,0,100,66,2.0,0.66
GBM,FD003,LBall_a0.10,0.1,5,100,45,6.0,0.45
GBM,FD003,LBall_a0.10,0.1,10,100,44,11.0,0.44
GBM,FD003,LBall_a0.10,0.1,15,100,44,16.0,0.44
GBM,FD003,LBall_a0.20,0.2,0,100,96,1.0,0.96
GBM,FD003,LBall_a0.20,0.2,5,100,81,4.0,0.81
GBM,FD003,LBall_a0.20,0.2,10,100,81,9.0,0.81
GBM,FD003,LBall_a0.20,0.2,15,100,71,13.0,0.71
GBM,FD003,LBnear_a0.05,0.05,0,100,2,11.0,0.02
GBM,FD003,LBnear_a0.05,0.05,5,100,4,15.0,0.04
GBM,FD003,LBnear_a0.05,0.05,10,100,3,20.0,0.03
GBM,FD003,LBnear_a0.05,0.05,15,100,4,25.0,0.04
GBM,FD003,LBnear_a0.10,0.1,0,100,6,8.0,0.06
GBM,FD003,LBnear_a0.10,0.1,5,100,8,13.0,0.08
GBM,FD003,LBnear_a0.10,0.1,10,100,7,18.0,0.07
GBM,FD003,LBnear_a0.10,0.1,15,100,6,22.0,0.06
GBM,FD003,LBnear_a0.20,0.2,0,100,17,5.0,0.17
GBM,FD003,LBnear_a0.20,0.2,5,100,16,10.0,0.16
GBM,FD003,LBnear_a0.20,0.2,10,100,18,15.0,0.18
GBM,FD003,LBnear_a0.20,0.2,15,100,17,19.0,0.17
GBM,FD004,CNA_a0.05,0.05,0,249,11,8.0,0.04417670682730924
GBM,FD004,CNA_a0.05,0.05,5,249,20,14.0,0.08032128514056225
GBM,FD004,CNA_a0.05,0.05,10,249,16,19.0,0.0642570281124498
GBM,FD004,CNA_a0.05,0.05,15,249,15,23.0,0.060240963855421686
GBM,FD004,CNA_a0.10,0.1,0,249,26,6.0,0.10441767068273092
GBM,FD004,CNA_a0.10,0.1,5,249,31,11.0,0.12449799196787148
GBM,FD004,CNA_a0.10,0.1,10,249,31,16.0,0.12449799196787148
GBM,FD004,CNA_a0.10,0.1,15,249,24,21.0,0.0963855421686747
GBM,FD004,CNA_a0.20,0.2,0,249,56,5.0,0.2248995983935743
GBM,FD004,CNA_a0.20,0.2,5,249,50,9.0,0.20080321285140562
GBM,FD004,CNA_a0.20,0.2,10,249,54,14.0,0.21686746987951808
GBM,FD004,CNA_a0.20,0.2,15,249,60,19.0,0.24096385542168675
GBM,FD004,LBall_a0.05,0.05,0,249,65,4.0,0.26104417670682734
GBM,FD004,LBall_a0.05,0.05,5,249,57,9.0,0.2289156626506024
GBM,FD004,LBall_a0.05,0.05,10,249,54,14.0,0.21686746987951808
GBM,FD004,LBall_a0.05,0.05,15,249,61,18.0,0.24497991967871485
GBM,FD004,LBall_a0.10,0.1,0,249,178,2.0,0.714859437751004
GBM,FD004,LBall_a0.10,0.1,5,249,143,5.0,0.5742971887550201
GBM,FD004,LBall_a0.10,0.1,10,249,136,10.0,0.5461847389558233
GBM,FD004,LBall_a0.10,0.1,15,249,132,15.0,0.5301204819277109
GBM,FD004,LBall_a0.20,0.2,0,249,242,2.0,0.9718875502008032
GBM,FD004,LBall_a0.20,0.2,5,249,199,4.0,0.7991967871485943
GBM,FD004,LBall_a0.20,0.2,10,249,177,8.0,0.7108433734939759
GBM,FD004,LBall_a0.20,0.2,15,249,184,13.0,0.7389558232931727
GBM,FD004,LBnear_a0.05,0.05,0,249,7,9.0,0.028112449799196786
GBM,FD004,LBnear_a0.05,0.05,5,249,9,14.0,0.03614457831325301
GBM,FD004,LBnear_a0.05,0.05,10,249,11,19.0,0.04417670682730924
GBM,FD004,LBnear_a0.05,0.05,15,249,13,24.0,0.05220883534136546
GBM,FD004,LBnear_a0.10,0.1,0,249,20,7.0,0.08032128514056225
GBM,FD004,LBnear_a0.10,0.1,5,249,24,11.0,0.0963855421686747
GBM,FD004,LBnear_a0.10,0.1,10,249,29,17.0,0.11646586345381527
GBM,FD004,LBnear_a0.10,0.1,15,249,23,21.0,0.09236947791164658
GBM,FD004,LBnear_a0.20,0.2,0,249,61,4.0,0.24497991967871485
GBM,FD004,LBnear_a0.20,0.2,5,249,56,9.0,0.2248995983935743
GBM,FD004,LBnear_a0.20,0.2,10,249,54,14.0,0.21686746987951808
GBM,FD004,LBnear_a0.20,0.2,15,249,61,19.0,0.24497991967871485
GBM,NCMAPSS,CNA_a0.05,0.05,0,99,3,19.0,0.030303030303030304
GBM,NCMAPSS,CNA_a0.05,0.05,5,99,6,22.0,0.06060606060606061
GBM,NCMAPSS,CNA_a0.05,0.05,10,99,3,34.0,0.030303030303030304
GBM,NCMAPSS,CNA_a0.05,0.05,15,99,2,41.0,0.020202020202020204
GBM,NCMAPSS,CNA_a0.10,0.1,0,99,9,13.0,0.09090909090909091
GBM,NCMAPSS,CNA_a0.10,0.1,5,99,10,17.0,0.10101010101010101
GBM,NCMAPSS,CNA_a0.10,0.1,10,99,11,25.0,0.1111111111111111
GBM,NCMAPSS,CNA_a0.10,0.1,15,99,8,32.0,0.08080808080808081
GBM,NCMAPSS,CNA_a0.20,0.2,0,99,22,6.0,0.2222222222222222
GBM,NCMAPSS,CNA_a0.20,0.2,5,99,21,13.0,0.21212121212121213
GBM,NCMAPSS,CNA_a0.20,0.2,10,99,19,17.0,0.1919191919191919
GBM,NCMAPSS,CNA_a0.20,0.2,15,99,21,23.0,0.21212121212121213
GBM,NCMAPSS,LBall_a0.05,0.05,0,99,11,12.5,0.1111111111111111
GBM,NCMAPSS,LBall_a0.05,0.05,5,99,11,16.0,0.1111111111111111
GBM,NCMAPSS,LBall_a0.05,0.05,10,99,13,23.0,0.13131313131313133
GBM,NCMAPSS,LBall_a0.05,0.05,15,99,16,29.0,0.16161616161616163
GBM,NCMAPSS,LBall_a0.10,0.1,0,99,13,10.0,0.13131313131313133
GBM,NCMAPSS,LBall_a0.10,0.1,5,99,17,14.0,0.1717171717171717
GBM,NCMAPSS,LBall_a0.10,0.1,10,99,19,17.5,0.1919191919191919
GBM,NCMAPSS,LBall_a0.10,0.1,15,99,20,23.0,0.20202020202020202
GBM,NCMAPSS,LBall_a0.20,0.2,0,99,28,6.0,0.2828282828282828
GBM,NCMAPSS,LBall_a0.20,0.2,5,99,30,10.0,0.30303030303030304
GBM,NCMAPSS,LBall_a0.20,0.2,10,99,35,14.0,0.35353535353535354
GBM,NCMAPSS,LBall_a0.20,0.2,15,99,37,18.0,0.37373737373737376
GBM,NCMAPSS,LBnear_a0.05,0.05,0,99,9,13.0,0.09090909090909091
GBM,NCMAPSS,LBnear_a0.05,0.05,5,99,9,18.0,0.09090909090909091
GBM,NCMAPSS,LBnear_a0.05,0.05,10,99,12,24.0,0.12121212121212122
GBM,NCMAPSS,LBnear_a0.05,0.05,15,99,14,30.0,0.1414141414141414
GBM,NCMAPSS,LBnear_a0.10,0.1,0,99,13,11.0,0.13131313131313133
GBM,NCMAPSS,LBnear_a0.10,0.1,5,99,14,14.0,0.1414141414141414
GBM,NCMAPSS,LBnear_a0.10,0.1,10,99,15,19.0,0.15151515151515152
GBM,NCMAPSS,LBnear_a0.10,0.1,15,99,17,26.0,0.1717171717171717
GBM,NCMAPSS,LBnear_a0.20,0.2,0,99,17,7.0,0.1717171717171717
GBM,NCMAPSS,LBnear_a0.20,0.2,5,99,27,12.0,0.2727272727272727
GBM,NCMAPSS,LBnear_a0.20,0.2,10,99,26,15.0,0.26262626262626265
GBM,NCMAPSS,LBnear_a0.20,0.2,15,99,27,20.0,0.2727272727272727
GBM,PHM08,CNA_a0.05,0.05,0,218,7,6.0,0.03211009174311927
GBM,PHM08,CNA_a0.05,0.05,5,218,10,11.0,0.045871559633027525
GBM,PHM08,CNA_a0.05,0.05,10,218,7,16.0,0.03211009174311927
GBM,PHM08,CNA_a0.05,0.05,15,218,8,23.0,0.03669724770642202
GBM,PHM08,CNA_a0.10,0.1,0,218,27,5.0,0.12385321100917432
GBM,PHM08,CNA_a0.10,0.1,5,218,22,9.0,0.10091743119266056
GBM,PHM08,CNA_a0.10,0.1,10,218,18,15.5,0.08256880733944955
GBM,PHM08,CNA_a0.10,0.1,15,218,30,20.0,0.13761467889908258
GBM,PHM08,CNA_a0.20,0.2,0,218,45,4.0,0.20642201834862386
GBM,PHM08,CNA_a0.20,0.2,5,218,46,8.0,0.21100917431192662
GBM,PHM08,CNA_a0.20,0.2,10,218,33,14.0,0.15137614678899083
GBM,PHM08,CNA_a0.20,0.2,15,218,60,18.0,0.27522935779816515
GBM,PHM08,LBall_a0.05,0.05,0,218,56,4.0,0.25688073394495414
GBM,PHM08,LBall_a0.05,0.05,5,218,30,8.0,0.13761467889908258
GBM,PHM08,LBall_a0.05,0.05,10,218,58,13.0,0.26605504587155965
GBM,PHM08,LBall_a0.05,0.05,15,218,61,18.0,0.2798165137614679
GBM,PHM08,LBall_a0.10,0.1,0,218,141,2.0,0.6467889908256881
GBM,PHM08,LBall_a0.10,0.1,5,218,107,6.0,0.4908256880733945
GBM,PHM08,LBall_a0.10,0.1,10,218,104,11.0,0.47706422018348627
GBM,PHM08,LBall_a0.10,0.1,15,218,106,16.0,0.48623853211009177
GBM,PHM08,LBall_a0.20,0.2,0,218,213,1.0,0.9770642201834863
GBM,PHM08,LBall_a0.20,0.2,5,218,173,4.0,0.7935779816513762
GBM,PHM08,LBall_a0.20,0.2,10,218,159,8.0,0.7293577981651376
GBM,PHM08,LBall_a0.20,0.2,15,218,151,13.0,0.6926605504587156
GBM,PHM08,LBnear_a0.05,0.05,0,218,1,7.0,0.0045871559633027525
GBM,PHM08,LBnear_a0.05,0.05,5,218,1,13.0,0.0045871559633027525
GBM,PHM08,LBnear_a0.05,0.05,10,218,5,17.0,0.022935779816513763
GBM,PHM08,LBnear_a0.05,0.05,15,218,13,22.0,0.05963302752293578
GBM,PHM08,LBnear_a0.10,0.1,0,218,18,5.0,0.08256880733944955
GBM,PHM08,LBnear_a0.10,0.1,5,218,15,10.0,0.06880733944954129
GBM,PHM08,LBnear_a0.10,0.1,10,218,21,15.0,0.0963302752293578
GBM,PHM08,LBnear_a0.10,0.1,15,218,32,20.0,0.14678899082568808
GBM,PHM08,LBnear_a0.20,0.2,0,218,71,4.0,0.3256880733944954
GBM,PHM08,LBnear_a0.20,0.2,5,218,42,8.0,0.1926605504587156
GBM,PHM08,LBnear_a0.20,0.2,10,218,64,13.0,0.29357798165137616
GBM,PHM08,LBnear_a0.20,0.2,15,218,65,17.0,0.2981651376146789
RF,BATTERY,CNA_a0.05,0.05,0,123,6,14.0,0.04878048780487805
RF,BATTERY,CNA_a0.05,0.05,15,123,5,35.0,0.04065040650406504
RF,BATTERY,CNA_a0.05,0.05,30,123,3,55.0,0.024390243902439025
RF,BATTERY,CNA_a0.05,0.05,45,123,3,73.0,0.024390243902439025
RF,BATTERY,CNA_a0.10,0.1,0,123,11,12.0,0.08943089430894309
RF,BATTERY,CNA_a0.10,0.1,15,123,8,28.0,0.06504065040650407
RF,BATTERY,CNA_a0.10,0.1,30,123,11,45.0,0.08943089430894309
RF,BATTERY,CNA_a0.10,0.1,45,123,10,65.0,0.08130081300813008
RF,BATTERY,CNA_a0.20,0.2,0,123,22,6.0,0.17886178861788618
RF,BATTERY,CNA_a0.20,0.2,15,123,26,22.0,0.21138211382113822
RF,BATTERY,CNA_a0.20,0.2,30,123,26,38.0,0.21138211382113822
RF,BATTERY,CNA_a0.20,0.2,45,123,26,54.0,0.21138211382113822
RF,BATTERY,LBall_a0.05,0.05,0,123,30,5.0,0.24390243902439024
RF,BATTERY,LBall_a0.05,0.05,15,123,41,19.0,0.3333333333333333
RF,BATTERY,LBall_a0.05,0.05,30,123,46,33.0,0.37398373983739835
RF,BATTERY,LBall_a0.05,0.05,45,123,45,49.0,0.36585365853658536
RF,BATTERY,LBall_a0.10,0.1,0,123,106,2.0,0.8617886178861789
RF,BATTERY,LBall_a0.10,0.1,15,123,93,12.0,0.7560975609756098
RF,BATTERY,LBall_a0.10,0.1,30,123,86,27.0,0.6991869918699187
RF,BATTERY,LBall_a0.10,0.1,45,123,82,42.0,0.6666666666666666
RF,BATTERY,LBall_a0.20,0.2,0,123,123,,1.0
RF,BATTERY,LBall_a0.20,0.2,15,123,120,7.0,0.975609756097561
RF,BATTERY,LBall_a0.20,0.2,30,123,115,22.0,0.9349593495934959
RF,BATTERY,LBall_a0.20,0.2,45,123,101,36.0,0.8211382113821138
RF,BATTERY,LBnear_a0.05,0.05,0,123,0,24.0,0.0
RF,BATTERY,LBnear_a0.05,0.05,15,123,1,38.0,0.008130081300813009
RF,BATTERY,LBnear_a0.05,0.05,30,123,3,54.0,0.024390243902439025
RF,BATTERY,LBnear_a0.05,0.05,45,123,5,69.0,0.04065040650406504
RF,BATTERY,LBnear_a0.10,0.1,0,123,4,15.0,0.032520325203252036
RF,BATTERY,LBnear_a0.10,0.1,15,123,6,30.0,0.04878048780487805
RF,BATTERY,LBnear_a0.10,0.1,30,123,12,44.0,0.0975609756097561
RF,BATTERY,LBnear_a0.10,0.1,45,123,16,60.0,0.13008130081300814
RF,BATTERY,LBnear_a0.20,0.2,0,123,28,6.0,0.22764227642276422
RF,BATTERY,LBnear_a0.20,0.2,15,123,34,20.0,0.2764227642276423
RF,BATTERY,LBnear_a0.20,0.2,30,123,36,35.0,0.2926829268292683
RF,BATTERY,LBnear_a0.20,0.2,45,123,43,51.0,0.34959349593495936
RF,FD001,CNA_a0.05,0.05,0,100,3,9.0,0.03
RF,FD001,CNA_a0.05,0.05,5,100,1,13.0,0.01
RF,FD001,CNA_a0.05,0.05,10,100,1,18.0,0.01
RF,FD001,CNA_a0.05,0.05,15,100,2,26.0,0.02
RF,FD001,CNA_a0.10,0.1,0,100,14,6.0,0.14
RF,FD001,CNA_a0.10,0.1,5,100,11,10.0,0.11
RF,FD001,CNA_a0.10,0.1,10,100,5,17.0,0.05
RF,FD001,CNA_a0.10,0.1,15,100,6,23.0,0.06
RF,FD001,CNA_a0.20,0.2,0,100,16,5.0,0.16
RF,FD001,CNA_a0.20,0.2,5,100,15,9.0,0.15
RF,FD001,CNA_a0.20,0.2,10,100,13,15.0,0.13
RF,FD001,CNA_a0.20,0.2,15,100,16,20.5,0.16
RF,FD001,LBall_a0.05,0.05,0,100,23,4.0,0.23
RF,FD001,LBall_a0.05,0.05,5,100,13,9.0,0.13
RF,FD001,LBall_a0.05,0.05,10,100,19,14.0,0.19
RF,FD001,LBall_a0.05,0.05,15,100,25,19.0,0.25
RF,FD001,LBall_a0.10,0.1,0,100,74,2.5,0.74
RF,FD001,LBall_a0.10,0.1,5,100,45,6.0,0.45
RF,FD001,LBall_a0.10,0.1,10,100,41,12.0,0.41
RF,FD001,LBall_a0.10,0.1,15,100,44,16.0,0.44
RF,FD001,LBall_a0.20,0.2,0,100,100,,1.0
RF,FD001,LBall_a0.20,0.2,5,100,95,2.0,0.95
RF,FD001,LBall_a0.20,0.2,10,100,84,7.0,0.84
RF,FD001,LBall_a0.20,0.2,15,100,78,12.5,0.78
RF,FD001,LBnear_a0.05,0.05,0,100,5,9.0,0.05
RF,FD001,LBnear_a0.05,0.05,5,100,0,13.0,0.0
RF,FD001,LBnear_a0.05,0.05,10,100,0,18.0,0.0
RF,FD001,LBnear_a0.05,0.05,15,100,4,23.0,0.04
RF,FD001,LBnear_a0.10,0.1,0,100,9,6.0,0.09
RF,FD001,LBnear_a0.10,0.1,5,100,5,11.0,0.05
RF,FD001,LBnear_a0.10,0.1,10,100,7,16.0,0.07
RF,FD001,LBnear_a0.10,0.1,15,100,16,20.5,0.16
RF,FD001,LBnear_a0.20,0.2,0,100,27,3.0,0.27
RF,FD001,LBnear_a0.20,0.2,5,100,19,8.0,0.19
RF,FD001,LBnear_a0.20,0.2,10,100,22,14.0,0.22
RF,FD001,LBnear_a0.20,0.2,15,100,28,19.0,0.28
RF,FD002,CNA_a0.05,0.05,0,260,7,9.0,0.026923076923076925
RF,FD002,CNA_a0.05,0.05,5,260,10,14.0,0.038461538461538464
RF,FD002,CNA_a0.05,0.05,10,260,13,19.0,0.05
RF,FD002,CNA_a0.05,0.05,15,260,7,25.0,0.026923076923076925
RF,FD002,CNA_a0.10,0.1,0,260,25,6.0,0.09615384615384616
RF,FD002,CNA_a0.10,0.1,5,260,21,11.0,0.08076923076923077
RF,FD002,CNA_a0.10,0.1,10,260,20,17.0,0.07692307692307693
RF,FD002,CNA_a0.10,0.1,15,260,21,22.0,0.08076923076923077
RF,FD002,CNA_a0.20,0.2,0,260,43,5.0,0.16538461538461538
RF,FD002,CNA_a0.20,0.2,5,260,52,9.0,0.2
RF,FD002,CNA_a0.20,0.2,10,260,50,14.0,0.19230769230769232
RF,FD002,CNA_a0.20,0.2,15,260,49,20.0,0.18846153846153846
RF,FD002,LBall_a0.05,0.05,0,260,37,5.0,0.1423076923076923
RF,FD002,LBall_a0.05,0.05,5,260,36,10.0,0.13846153846153847
RF,FD002,LBall_a0.05,0.05,10,260,46,15.0,0.17692307692307693
RF,FD002,LBall_a0.05,0.05,15,260,61,19.0,0.23461538461538461
RF,FD002,LBall_a0.10,0.1,0,260,134,3.0,0.5153846153846153
RF,FD002,LBall_a0.10,0.1,5,260,98,7.0,0.3769230769230769
RF,FD002,LBall_a0.10,0.1,10,260,106,12.0,0.4076923076923077
RF,FD002,LBall_a0.10,0.1,15,260,114,16.0,0.43846153846153846
RF,FD002,LBall_a0.20,0.2,0,260,260,,1.0
RF,FD002,LBall_a0.20,0.2,5,260,235,3.0,0.9038461538461539
RF,FD002,LBall_a0.20,0.2,10,260,209,8.0,0.8038461538461539
RF,FD002,LBall_a0.20,0.2,15,260,192,13.0,0.7384615384615385
RF,FD002,LBnear_a0.05,0.05,0,260,5,10.0,0.019230769230769232
RF,FD002,LBnear_a0.05,0.05,5,260,5,14.0,0.019230769230769232
RF,FD002,LBnear_a0.05,0.05,10,260,7,19.0,0.026923076923076925
RF,FD002,LBnear_a0.05,0.05,15,260,12,23.0,0.046153846153846156
RF,FD002,LBnear_a0.10,0.1,0,260,20,7.0,0.07692307692307693
RF,FD002,LBnear_a0.10,0.1,5,260,17,12.0,0.06538461538461539
RF,FD002,LBnear_a0.10,0.1,10,260,19,17.0,0.07307692307692308
RF,FD002,LBnear_a0.10,0.1,15,260,34,21.0,0.13076923076923078
RF,FD002,LBnear_a0.20,0.2,0,260,52,5.0,0.2
RF,FD002,LBnear_a0.20,0.2,5,260,50,9.0,0.19230769230769232
RF,FD002,LBnear_a0.20,0.2,10,260,55,14.0,0.21153846153846154
RF,FD002,LBnear_a0.20,0.2,15,260,71,18.0,0.27307692307692305
RF,FD003,CNA_a0.05,0.05,0,100,3,13.0,0.03
RF,FD003,CNA_a0.05,0.05,5,100,5,16.0,0.05
RF,FD003,CNA_a0.05,0.05,10,100,3,22.0,0.03
RF,FD003,CNA_a0.05,0.05,15,100,6,25.0,0.06
RF,FD003,CNA_a0.10,0.1,0,100,13,8.0,0.13
RF,FD003,CNA_a0.10,0.1,5,100,14,11.5,0.14
RF,FD003,CNA_a0.10,0.1,10,100,17,17.0,0.17
RF,FD003,CNA_a0.10,0.1,15,100,11,22.0,0.11
RF,FD003,CNA_a0.20,0.2,0,100,18,7.0,0.18
RF,FD003,CNA_a0.20,0.2,5,100,21,10.0,0.21
RF,FD003,CNA_a0.20,0.2,10,100,27,15.0,0.27
RF,FD003,CNA_a0.20,0.2,15,100,22,20.0,0.22
RF,FD003,LBall_a0.05,0.05,0,100,29,4.0,0.29
RF,FD003,LBall_a0.05,0.05,5,100,24,9.0,0.24
RF,FD003,LBall_a0.05,0.05,10,100,25,14.0,0.25
RF,FD003,LBall_a0.05,0.05,15,100,29,18.0,0.29
RF,FD003,LBall_a0.10,0.1,0,100,79,1.0,0.79
RF,FD003,LBall_a0.10,0.1,5,100,58,6.0,0.58
RF,FD003,LBall_a0.10,0.1,10,100,56,10.0,0.56
RF,FD003,LBall_a0.10,0.1,15,100,54,15.0,0.54
RF,FD003,LBall_a0.20,0.2,0,100,100,,1.0
RF,FD003,LBall_a0.20,0.2,5,100,90,3.0,0.9
RF,FD003,LBall_a0.20,0.2,10,100,81,7.0,0.81
RF,FD003,LBall_a0.20,0.2,15,100,75,12.0,0.75
RF,FD003,LBnear_a0.05,0.05,0,100,9,8.0,0.09
RF,FD003,LBnear_a0.05,0.05,5,100,7,13.0,0.07
RF,FD003,LBnear_a0.05,0.05,10,100,7,18.0,0.07
RF,FD003,LBnear_a0.05,0.05,15,100,7,23.0,0.07
RF,FD003,LBnear_a0.10,0.1,0,100,16,7.0,0.16
RF,FD003,LBnear_a0.10,0.1,5,100,12,11.0,0.12
RF,FD003,LBnear_a0.10,0.1,10,100,12,16.0,0.12
RF,FD003,LBnear_a0.10,0.1,15,100,16,20.5,0.16
RF,FD003,LBnear_a0.20,0.2,0,100,30,5.0,0.3
RF,FD003,LBnear_a0.20,0.2,5,100,26,9.0,0.26
RF,FD003,LBnear_a0.20,0.2,10,100,26,14.0,0.26
RF,FD003,LBnear_a0.20,0.2,15,100,29,18.0,0.29
RF,FD004,CNA_a0.05,0.05,0,249,12,9.0,0.04819277108433735
RF,FD004,CNA_a0.05,0.05,5,249,16,14.0,0.0642570281124498
RF,FD004,CNA_a0.05,0.05,10,249,13,19.0,0.05220883534136546
RF,FD004,CNA_a0.05,0.05,15,249,16,25.0,0.0642570281124498
RF,FD004,CNA_a0.10,0.1,0,249,24,8.0,0.0963855421686747
RF,FD004,CNA_a0.10,0.1,5,249,23,12.0,0.09236947791164658
RF,FD004,CNA_a0.10,0.1,10,249,23,17.0,0.09236947791164658
RF,FD004,CNA_a0.10,0.1,15,249,25,23.0,0.10040160642570281
RF,FD004,CNA_a0.20,0.2,0,249,39,5.0,0.1566265060240964
RF,FD004,CNA_a0.20,0.2,5,249,39,10.0,0.1566265060240964
RF,FD004,CNA_a0.20,0.2,10,249,47,15.0,0.18875502008032127
RF,FD004,CNA_a0.20,0.2,15,249,52,20.0,0.20883534136546184
RF,FD004,LBall_a0.05,0.05,0,249,91,4.0,0.3654618473895582
RF,FD004,LBall_a0.05,0.05,5,249,72,9.0,0.2891566265060241
RF,FD004,LBall_a0.05,0.05,10,249,69,13.0,0.27710843373493976
RF,FD004,LBall_a0.05,0.05,15,249,79,18.0,0.3172690763052209
RF,FD004,LBall_a0.10,0.1,0,249,217,2.0,0.8714859437751004
RF,FD004,LBall_a0.10,0.1,5,249,162,5.0,0.6506024096385542
RF,FD004,LBall_a0.10,0.1,10,249,139,10.0,0.5582329317269076
RF,FD004,LBall_a0.10,0.1,15,249,144,15.0,0.5783132530120482
RF,FD004,LBall_a0.20,0.2,0,249,249,,1.0
RF,FD004,LBall_a0.20,0.2,5,249,237,2.0,0.9518072289156626
RF,FD004,LBall_a0.20,0.2,10,249,212,7.0,0.8514056224899599
RF,FD004,LBall_a0.20,0.2,15,249,200,12.0,0.8032128514056225
RF,FD004,LBnear_a0.05,0.05,0,249,18,9.0,0.07228915662650602
RF,FD004,LBnear_a0.05,0.05,5,249,15,13.0,0.060240963855421686
RF,FD004,LBnear_a0.05,0.05,10,249,18,18.0,0.07228915662650602
RF,FD004,LBnear_a0.05,0.05,15,249,18,23.0,0.07228915662650602
RF,FD004,LBnear_a0.10,0.1,0,249,30,6.0,0.12048192771084337
RF,FD004,LBnear_a0.10,0.1,5,249,33,11.0,0.13253012048192772
RF,FD004,LBnear_a0.10,0.1,10,249,34,16.0,0.13654618473895583
RF,FD004,LBnear_a0.10,0.1,15,249,38,21.0,0.15261044176706828
RF,FD004,LBnear_a0.20,0.2,0,249,87,4.0,0.3493975903614458
RF,FD004,LBnear_a0.20,0.2,5,249,69,9.0,0.27710843373493976
RF,FD004,LBnear_a0.20,0.2,10,249,66,13.0,0.26506024096385544
RF,FD004,LBnear_a0.20,0.2,15,249,78,18.0,0.3132530120481928
RF,NCMAPSS,CNA_a0.05,0.05,0,99,2,19.0,0.020202020202020204
RF,NCMAPSS,CNA_a0.05,0.05,5,99,2,23.0,0.020202020202020204
RF,NCMAPSS,CNA_a0.05,0.05,10,99,3,29.0,0.030303030303030304
RF,NCMAPSS,CNA_a0.05,0.05,15,99,2,39.0,0.020202020202020204
RF,NCMAPSS,CNA_a0.10,0.1,0,99,10,12.0,0.10101010101010101
RF,NCMAPSS,CNA_a0.10,0.1,5,99,8,16.0,0.08080808080808081
RF,NCMAPSS,CNA_a0.10,0.1,10,99,7,25.0,0.0707070707070707
RF,NCMAPSS,CNA_a0.10,0.1,15,99,9,30.0,0.09090909090909091
RF,NCMAPSS,CNA_a0.20,0.2,0,99,23,7.0,0.23232323232323232
RF,NCMAPSS,CNA_a0.20,0.2,5,99,21,12.0,0.21212121212121213
RF,NCMAPSS,CNA_a0.20,0.2,10,99,20,18.0,0.20202020202020202
RF,NCMAPSS,CNA_a0.20,0.2,15,99,18,25.0,0.18181818181818182
RF,NCMAPSS,LBall_a0.05,0.05,0,99,8,11.0,0.08080808080808081
RF,NCMAPSS,LBall_a0.05,0.05,5,99,12,15.0,0.12121212121212122
RF,NCMAPSS,LBall_a0.05,0.05,10,99,10,21.0,0.10101010101010101
RF,NCMAPSS,LBall_a0.05,0.05,15,99,13,28.0,0.13131313131313133
RF,NCMAPSS,LBall_a0.10,0.1,0,99,16,8.0,0.16161616161616163
RF,NCMAPSS,LBall_a0.10,0.1,5,99,19,12.0,0.1919191919191919
RF,NCMAPSS,LBall_a0.10,0.1,10,99,20,16.0,0.20202020202020202
RF,NCMAPSS,LBall_a0.10,0.1,15,99,19,23.5,0.1919191919191919
RF,NCMAPSS,LBall_a0.20,0.2,0,99,34,4.0,0.3434343434343434
RF,NCMAPSS,LBall_a0.20,0.2,5,99,34,8.5,0.3434343434343434
RF,NCMAPSS,LBall_a0.20,0.2,10,99,36,13.0,0.36363636363636365
RF,NCMAPSS,LBall_a0.20,0.2,15,99,43,17.0,0.43434343434343436
RF,NCMAPSS,LBnear_a0.05,0.05,0,99,8,12.0,0.08080808080808081
RF,NCMAPSS,LBnear_a0.05,0.05,5,99,10,16.0,0.10101010101010101
RF,NCMAPSS,LBnear_a0.05,0.05,10,99,6,23.0,0.06060606060606061
RF,NCMAPSS,LBnear_a0.05,0.05,15,99,12,29.0,0.12121212121212122
RF,NCMAPSS,LBnear_a0.10,0.1,0,99,12,9.0,0.12121212121212122
RF,NCMAPSS,LBnear_a0.10,0.1,5,99,18,13.0,0.18181818181818182
RF,NCMAPSS,LBnear_a0.10,0.1,10,99,16,18.0,0.16161616161616163
RF,NCMAPSS,LBnear_a0.10,0.1,15,99,19,25.0,0.1919191919191919
RF,NCMAPSS,LBnear_a0.20,0.2,0,99,22,6.0,0.2222222222222222
RF,NCMAPSS,LBnear_a0.20,0.2,5,99,27,10.0,0.2727272727272727
RF,NCMAPSS,LBnear_a0.20,0.2,10,99,30,14.0,0.30303030303030304
RF,NCMAPSS,LBnear_a0.20,0.2,15,99,32,19.0,0.32323232323232326
RF,PHM08,CNA_a0.05,0.05,0,218,11,6.0,0.05045871559633028
RF,PHM08,CNA_a0.05,0.05,5,218,12,11.0,0.05504587155963303
RF,PHM08,CNA_a0.05,0.05,10,218,13,19.0,0.05963302752293578
RF,PHM08,CNA_a0.05,0.05,15,218,15,23.0,0.06880733944954129
RF,PHM08,CNA_a0.10,0.1,0,218,34,5.0,0.1559633027522936
RF,PHM08,CNA_a0.10,0.1,5,218,23,10.0,0.10550458715596331
RF,PHM08,CNA_a0.10,0.1,10,218,24,17.0,0.11009174311926606
RF,PHM08,CNA_a0.10,0.1,15,218,24,22.0,0.11009174311926606
RF,PHM08,CNA_a0.20,0.2,0,218,48,4.0,0.22018348623853212
RF,PHM08,CNA_a0.20,0.2,5,218,47,8.0,0.21559633027522937
RF,PHM08,CNA_a0.20,0.2,10,218,49,14.0,0.22477064220183487
RF,PHM08,CNA_a0.20,0.2,15,218,48,19.0,0.22018348623853212
RF,PHM08,LBall_a0.05,0.05,0,218,54,3.0,0.24770642201834864
RF,PHM08,LBall_a0.05,0.05,5,218,47,8.0,0.21559633027522937
RF,PHM08,LBall_a0.05,0.05,10,218,60,13.0,0.27522935779816515
RF,PHM08,LBall_a0.05,0.05,15,218,65,18.0,0.2981651376146789
RF,PHM08,LBall_a0.10,0.1,0,218,172,2.0,0.7889908256880734
RF,PHM08,LBall_a0.10,0.1,5,218,110,6.0,0.5045871559633027
RF,PHM08,LBall_a0.10,0.1,10,218,107,11.0,0.4908256880733945
RF,PHM08,LBall_a0.10,0.1,15,218,106,16.0,0.48623853211009177
RF,PHM08,LBall_a0.20,0.2,0,218,218,,1.0
RF,PHM08,LBall_a0.20,0.2,5,218,193,3.0,0.8853211009174312
RF,PHM08,LBall_a0.20,0.2,10,218,173,7.0,0.7935779816513762
RF,PHM08,LBall_a0.20,0.2,15,218,164,13.0,0.7522935779816514
RF,PHM08,LBnear_a0.05,0.05,0,218,5,7.0,0.022935779816513763
RF,PHM08,LBnear_a0.05,0.05,5,218,6,13.0,0.027522935779816515
RF,PHM08,LBnear_a0.05,0.05,10,218,17,17.0,0.0779816513761468
RF,PHM08,LBnear_a0.05,0.05,15,218,22,22.0,0.10091743119266056
RF,PHM08,LBnear_a0.10,0.1,0,218,21,6.0,0.0963302752293578
RF,PHM08,LBnear_a0.10,0.1,5,218,19,10.0,0.0871559633027523
RF,PHM08,LBnear_a0.10,0.1,10,218,37,15.0,0.16972477064220184
RF,PHM08,LBnear_a0.10,0.1,15,218,40,20.0,0.1834862385321101
RF,PHM08,LBnear_a0.20,0.2,0,218,74,3.0,0.3394495412844037
RF,PHM08,LBnear_a0.20,0.2,5,218,55,8.0,0.25229357798165136
RF,PHM08,LBnear_a0.20,0.2,10,218,67,13.0,0.3073394495412844
RF,PHM08,LBnear_a0.20,0.2,15,218,72,18.0,0.3302752293577982
RIDGE,BATTERY,CNA_a0.05,0.05,0,123,3,39.5,0.024390243902439025
RIDGE,BATTERY,CNA_a0.05,0.05,15,123,3,51.0,0.024390243902439025
RIDGE,BATTERY,CNA_a0.05,0.05,30,123,7,57.0,0.056910569105691054
RIDGE,BATTERY,CNA_a0.05,0.05,45,123,7,70.0,0.056910569105691054
RIDGE,BATTERY,CNA_a0.10,0.1,0,123,12,28.0,0.0975609756097561
RIDGE,BATTERY,CNA_a0.10,0.1,15,123,12,39.0,0.0975609756097561
RIDGE,BATTERY,CNA_a0.10,0.1,30,123,12,51.0,0.0975609756097561
RIDGE,BATTERY,CNA_a0.10,0.1,45,123,13,66.0,0.10569105691056911
RIDGE,BATTERY,CNA_a0.20,0.2,0,123,23,18.0,0.18699186991869918
RIDGE,BATTERY,CNA_a0.20,0.2,15,123,25,30.0,0.2032520325203252
RIDGE,BATTERY,CNA_a0.20,0.2,30,123,26,40.0,0.21138211382113822
RIDGE,BATTERY,CNA_a0.20,0.2,45,123,24,58.0,0.1951219512195122
RIDGE,BATTERY,LBall_a0.05,0.05,0,123,28,15.0,0.22764227642276422
RIDGE,BATTERY,LBall_a0.05,0.05,15,123,37,24.0,0.3008130081300813
RIDGE,BATTERY,LBall_a0.05,0.05,30,123,46,35.0,0.37398373983739835
RIDGE,BATTERY,LBall_a0.05,0.05,45,123,56,46.0,0.45528455284552843
RIDGE,BATTERY,LBall_a0.10,0.1,0,123,45,13.0,0.36585365853658536
RIDGE,BATTERY,LBall_a0.10,0.1,15,123,57,18.0,0.4634146341463415
RIDGE,BATTERY,LBall_a0.10,0.1,30,123,87,28.0,0.7073170731707317
RIDGE,BATTERY,LBall_a0.10,0.1,45,123,97,38.0,0.7886178861788617
RIDGE,BATTERY,LBall_a0.20,0.2,0,123,62,12.0,0.5040650406504065
RIDGE,BATTERY,LBall_a0.20,0.2,15,123,75,16.0,0.6097560975609756
RIDGE,BATTERY,LBall_a0.20,0.2,30,123,99,24.0,0.8048780487804879
RIDGE,BATTERY,LBall_a0.20,0.2,45,123,109,34.0,0.8861788617886179
RIDGE,BATTERY,LBnear_a0.05,0.05,0,123,12,27.0,0.0975609756097561
RIDGE,BATTERY,LBnear_a0.05,0.05,15,123,10,37.0,0.08130081300813008
RIDGE,BATTERY,LBnear_a0.05,0.05,30,123,12,49.0,0.0975609756097561
RIDGE,BATTERY,LBnear_a0.05,0.05,45,123,10,64.0,0.08130081300813008
RIDGE,BATTERY,LBnear_a0.10,0.1,0,123,17,21.0,0.13821138211382114
RIDGE,BATTERY,LBnear_a0.10,0.1,15,123,20,30.5,0.16260162601626016
RIDGE,BATTERY,LBnear_a0.10,0.1,30,123,21,42.0,0.17073170731707318
RIDGE,BATTERY,LBnear_a0.10,0.1,45,123,28,55.0,0.22764227642276422
RIDGE,BATTERY,LBnear_a0.20,0.2,0,123,26,16.0,0.21138211382113822
RIDGE,BATTERY,LBnear_a0.20,0.2,15,123,34,26.0,0.2764227642276423
RIDGE,BATTERY,LBnear_a0.20,0.2,30,123,40,35.0,0.3252032520325203
RIDGE,BATTERY,LBnear_a0.20,0.2,45,123,54,48.0,0.43902439024390244
RIDGE,FD001,CNA_a0.05,0.05,0,100,4,15.0,0.04
RIDGE,FD001,CNA_a0.05,0.05,5,100,4,17.0,0.04
RIDGE,FD001,CNA_a0.05,0.05,10,100,3,22.0,0.03
RIDGE,FD001,CNA_a0.05,0.05,15,100,2,26.0,0.02
RIDGE,FD001,CNA_a0.10,0.1,0,100,8,11.0,0.08
RIDGE,FD001,CNA_a0.10,0.1,5,100,8,14.0,0.08
RIDGE,FD001,CNA_a0.10,0.1,10,100,8,19.0,0.08
RIDGE,FD001,CNA_a0.10,0.1,15,100,9,24.0,0.09
RIDGE,FD001,CNA_a0.20,0.2,0,100,17,9.0,0.17
RIDGE,FD001,CNA_a0.20,0.2,5,100,13,12.0,0.13
RIDGE,FD001,CNA_a0.20,0.2,10,100,18,16.0,0.18
RIDGE,FD001,CNA_a0.20,0.2,15,100,18,21.0,0.18
RIDGE,FD001,LBall_a0.05,0.05,0,100,25,7.0,0.25
RIDGE,FD001,LBall_a0.05,0.05,5,100,32,9.5,0.32
RIDGE,FD001,LBall_a0.05,0.05,10,100,37,13.0,0.37
RIDGE,FD001,LBall_a0.05,0.05,15,100,40,17.0,0.4
RIDGE,FD001,LBall_a0.10,0.1,0,100,35,6.0,0.35
RIDGE,FD001,LBall_a0.10,0.1,5,100,47,8.5,0.47
RIDGE,FD001,LBall_a0.10,0.1,10,100,50,11.0,0.5
RIDGE,FD001,LBall_a0.10,0.1,15,100,52,15.0,0.52
RIDGE,FD001,LBall_a0.20,0.2,0,100,45,6.0,0.45
RIDGE,FD001,LBall_a0.20,0.2,5,100,56,7.0,0.56
RIDGE,FD001,LBall_a0.20,0.2,10,100,62,10.0,0.62
RIDGE,FD001,LBall_a0.20,0.2,15,100,68,13.0,0.68
RIDGE,FD001,LBnear_a0.05,0.05,0,100,17,10.0,0.17
RIDGE,FD001,LBnear_a0.05,0.05,5,100,14,12.0,0.14
RIDGE,FD001,LBnear_a0.05,0.05,10,100,14,17.0,0.14
RIDGE,FD001,LBnear_a0.05,0.05,15,100,13,22.0,0.13
RIDGE,FD001,LBnear_a0.10,0.1,0,100,22,8.0,0.22
RIDGE,FD001,LBnear_a0.10,0.1,5,100,25,9.5,0.25
RIDGE,FD001,LBnear_a0.10,0.1,10,100,29,14.0,0.29
RIDGE,FD001,LBnear_a0.10,0.1,15,100,31,19.0,0.31
RIDGE,FD001,LBnear_a0.20,0.2,0,100,31,7.0,0.31
RIDGE,FD001,LBnear_a0.20,0.2,5,100,40,9.0,0.4
RIDGE,FD001,LBnear_a0.20,0.2,10,100,45,12.0,0.45
RIDGE,FD001,LBnear_a0.20,0.2,15,100,45,16.0,0.45
RIDGE,FD002,CNA_a0.05,0.05,0,260,10,13.0,0.038461538461538464
RIDGE,FD002,CNA_a0.05,0.05,5,260,13,17.0,0.05
RIDGE,FD002,CNA_a0.05,0.05,10,260,13,22.0,0.05
RIDGE,FD002,CNA_a0.05,0.05,15,260,12,27.0,0.046153846153846156
RIDGE,FD002,CNA_a0.10,0.1,0,260,30,11.0,0.11538461538461539
RIDGE,FD002,CNA_a0.10,0.1,5,260,22,15.0,0.08461538461538462
RIDGE,FD002,CNA_a0.10,0.1,10,260,19,21.0,0.07307692307692308
RIDGE,FD002,CNA_a0.10,0.1,15,260,21,25.0,0.08076923076923077
RIDGE,FD002,CNA_a0.20,0.2,0,260,50,9.0,0.19230769230769232
RIDGE,FD002,CNA_a0.20,0.2,5,260,46,12.0,0.17692307692307693
RIDGE,FD002,CNA_a0.20,0.2,10,260,46,17.0,0.17692307692307693
RIDGE,FD002,CNA_a0.20,0.2,15,260,45,22.0,0.17307692307692307
RIDGE,FD002,LBall_a0.05,0.05,0,260,77,7.0,0.29615384615384616
RIDGE,FD002,LBall_a0.05,0.05,5,260,84,10.0,0.3230769230769231
RIDGE,FD002,LBall_a0.05,0.05,10,260,85,14.0,0.3269230769230769
RIDGE,FD002,LBall_a0.05,0.05,15,260,90,18.5,0.34615384615384615
RIDGE,FD002,LBall_a0.10,0.1,0,260,96,6.0,0.36923076923076925
RIDGE,FD002,LBall_a0.10,0.1,5,260,108,9.0,0.4153846153846154
RIDGE,FD002,LBall_a0.10,0.1,10,260,122,12.0,0.46923076923076923
RIDGE,FD002,LBall_a0.10,0.1,15,260,130,16.0,0.5
RIDGE,FD002,LBall_a0.20,0.2,0,260,119,5.0,0.4576923076923077
RIDGE,FD002,LBall_a0.20,0.2,5,260,146,7.0,0.5615384615384615
RIDGE,FD002,LBall_a0.20,0.2,10,260,162,10.0,0.6230769230769231
RIDGE,FD002,LBall_a0.20,0.2,15,260,175,13.0,0.6730769230769231
RIDGE,FD002,LBnear_a0.05,0.05,0,260,35,10.0,0.1346153846153846
RIDGE,FD002,LBnear_a0.05,0.05,5,260,37,13.0,0.1423076923076923
RIDGE,FD002,LBnear_a0.05,0.05,10,260,40,18.0,0.15384615384615385
RIDGE,FD002,LBnear_a0.05,0.05,15,260,32,23.0,0.12307692307692308
RIDGE,FD002,LBnear_a0.10,0.1,0,260,55,8.0,0.21153846153846154
RIDGE,FD002,LBnear_a0.10,0.1,5,260,65,11.0,0.25
RIDGE,FD002,LBnear_a0.10,0.1,10,260,64,15.0,0.24615384615384617
RIDGE,FD002,LBnear_a0.10,0.1,15,260,63,20.0,0.2423076923076923
RIDGE,FD002,LBnear_a0.20,0.2,0,260,85,7.0,0.3269230769230769
RIDGE,FD002,LBnear_a0.20,0.2,5,260,95,9.0,0.36538461538461536
RIDGE,FD002,LBnear_a0.20,0.2,10,260,103,12.0,0.39615384615384613
RIDGE,FD002,LBnear_a0.20,0.2,15,260,106,17.0,0.4076923076923077
RIDGE,FD003,CNA_a0.05,0.05,0,100,1,19.0,0.01
RIDGE,FD003,CNA_a0.05,0.05,5,100,1,21.0,0.01
RIDGE,FD003,CNA_a0.05,0.05,10,100,1,27.5,0.01
RIDGE,FD003,CNA_a0.05,0.05,15,100,2,30.0,0.02
RIDGE,FD003,CNA_a0.10,0.1,0,100,11,13.0,0.11
RIDGE,FD003,CNA_a0.10,0.1,5,100,11,15.0,0.11
RIDGE,FD003,CNA_a0.10,0.1,10,100,9,19.0,0.09
RIDGE,FD003,CNA_a0.10,0.1,15,100,7,25.0,0.07
RIDGE,FD003,CNA_a0.20,0.2,0,100,17,10.0,0.17
RIDGE,FD003,CNA_a0.20,0.2,5,100,14,13.0,0.14
RIDGE,FD003,CNA_a0.20,0.2,10,100,14,17.0,0.14
RIDGE,FD003,CNA_a0.20,0.2,15,100,12,22.0,0.12
RIDGE,FD003,LBall_a0.05,0.05,0,100,33,7.0,0.33
RIDGE,FD003,LBall_a0.05,0.05,5,100,37,10.0,0.37
RIDGE,FD003,LBall_a0.05,0.05,10,100,35,13.0,0.35
RIDGE,FD003,LBall_a0.05,0.05,15,100,36,17.0,0.36
RIDGE,FD003,LBall_a0.10,0.1,0,100,46,6.0,0.46
RIDGE,FD003,LBall_a0.10,0.1,5,100,46,8.0,0.46
RIDGE,FD003,LBall_a0.10,0.1,10,100,52,11.0,0.52
RIDGE,FD003,LBall_a0.10,0.1,15,100,59,15.0,0.59
RIDGE,FD003,LBall_a0.20,0.2,0,100,53,5.0,0.53
RIDGE,FD003,LBall_a0.20,0.2,5,100,54,7.0,0.54
RIDGE,FD003,LBall_a0.20,0.2,10,100,70,10.0,0.7
RIDGE,FD003,LBall_a0.20,0.2,15,100,74,13.0,0.74
RIDGE,FD003,LBnear_a0.05,0.05,0,100,18,10.0,0.18
RIDGE,FD003,LBnear_a0.05,0.05,5,100,13,13.0,0.13
RIDGE,FD003,LBnear_a0.05,0.05,10,100,11,18.0,0.11
RIDGE,FD003,LBnear_a0.05,0.05,15,100,9,24.0,0.09
RIDGE,FD003,LBnear_a0.10,0.1,0,100,27,8.0,0.27
RIDGE,FD003,LBnear_a0.10,0.1,5,100,22,11.0,0.22
RIDGE,FD003,LBnear_a0.10,0.1,10,100,24,15.0,0.24
RIDGE,FD003,LBnear_a0.10,0.1,15,100,21,20.0,0.21
RIDGE,FD003,LBnear_a0.20,0.2,0,100,35,7.0,0.35
RIDGE,FD003,LBnear_a0.20,0.2,5,100,39,9.0,0.39
RIDGE,FD003,LBnear_a0.20,0.2,10,100,38,13.0,0.38
RIDGE,FD003,LBnear_a0.20,0.2,15,100,43,17.0,0.43
RIDGE,FD004,CNA_a0.05,0.05,0,249,11,14.0,0.04417670682730924
RIDGE,FD004,CNA_a0.05,0.05,5,249,10,19.0,0.040160642570281124
RIDGE,FD004,CNA_a0.05,0.05,10,249,12,23.0,0.04819277108433735
RIDGE,FD004,CNA_a0.05,0.05,15,249,10,29.0,0.040160642570281124
RIDGE,FD004,CNA_a0.10,0.1,0,249,23,11.0,0.09236947791164658
RIDGE,FD004,CNA_a0.10,0.1,5,249,22,16.0,0.08835341365461848
RIDGE,FD004,CNA_a0.10,0.1,10,249,22,21.0,0.08835341365461848
RIDGE,FD004,CNA_a0.10,0.1,15,249,21,27.0,0.08433734939759036
RIDGE,FD004,CNA_a0.20,0.2,0,249,43,10.0,0.17269076305220885
RIDGE,FD004,CNA_a0.20,0.2,5,249,42,14.0,0.1686746987951807
RIDGE,FD004,CNA_a0.20,0.2,10,249,42,18.0,0.1686746987951807
RIDGE,FD004,CNA_a0.20,0.2,15,249,48,23.0,0.1927710843373494
RIDGE,FD004,LBall_a0.05,0.05,0,249,97,6.0,0.3895582329317269
RIDGE,FD004,LBall_a0.05,0.05,5,249,107,9.0,0.42971887550200805
RIDGE,FD004,LBall_a0.05,0.05,10,249,102,13.0,0.40963855421686746
RIDGE,FD004,LBall_a0.05,0.05,15,249,103,17.0,0.41365461847389556
RIDGE,FD004,LBall_a0.10,0.1,0,249,130,5.0,0.5220883534136547
RIDGE,FD004,LBall_a0.10,0.1,5,249,142,7.0,0.570281124497992
RIDGE,FD004,LBall_a0.10,0.1,10,249,153,10.0,0.6144578313253012
RIDGE,FD004,LBall_a0.10,0.1,15,249,147,14.0,0.5903614457831325
RIDGE,FD004,LBall_a0.20,0.2,0,249,159,4.0,0.6385542168674698
RIDGE,FD004,LBall_a0.20,0.2,5,249,179,6.0,0.7188755020080321
RIDGE,FD004,LBall_a0.20,0.2,10,249,183,8.0,0.7349397590361446
RIDGE,FD004,LBall_a0.20,0.2,15,249,184,11.5,0.7389558232931727
RIDGE,FD004,LBnear_a0.05,0.05,0,249,44,10.0,0.17670682730923695
RIDGE,FD004,LBnear_a0.05,0.05,5,249,41,14.0,0.1646586345381526
RIDGE,FD004,LBnear_a0.05,0.05,10,249,39,18.5,0.1566265060240964
RIDGE,FD004,LBnear_a0.05,0.05,15,249,29,25.0,0.11646586345381527
RIDGE,FD004,LBnear_a0.10,0.1,0,249,63,8.0,0.25301204819277107
RIDGE,FD004,LBnear_a0.10,0.1,5,249,68,11.0,0.27309236947791166
RIDGE,FD004,LBnear_a0.10,0.1,10,249,71,16.0,0.285140562248996
RIDGE,FD004,LBnear_a0.10,0.1,15,249,61,21.0,0.24497991967871485
RIDGE,FD004,LBnear_a0.20,0.2,0,249,104,6.0,0.41767068273092367
RIDGE,FD004,LBnear_a0.20,0.2,5,249,115,9.0,0.46184738955823296
RIDGE,FD004,LBnear_a0.20,0.2,10,249,112,12.0,0.4497991967871486
RIDGE,FD004,LBnear_a0.20,0.2,15,249,114,17.0,0.4578313253012048
RIDGE,NCMAPSS,CNA_a0.05,0.05,0,99,4,18.0,0.04040404040404041
RIDGE,NCMAPSS,CNA_a0.05,0.05,5,99,2,23.5,0.020202020202020204
RIDGE,NCMAPSS,CNA_a0.05,0.05,10,99,4,26.0,0.04040404040404041
RIDGE,NCMAPSS,CNA_a0.05,0.05,15,99,3,33.0,0.030303030303030304
RIDGE,NCMAPSS,CNA_a0.10,0.1,0,99,9,11.0,0.09090909090909091
RIDGE,NCMAPSS,CNA_a0.10,0.1,5,99,10,17.0,0.10101010101010101
RIDGE,NCMAPSS,CNA_a0.10,0.1,10,99,10,23.0,0.10101010101010101
RIDGE,NCMAPSS,CNA_a0.10,0.1,15,99,8,28.0,0.08080808080808081
RIDGE,NCMAPSS,CNA_a0.20,0.2,0,99,16,6.0,0.16161616161616163
RIDGE,NCMAPSS,CNA_a0.20,0.2,5,99,18,12.0,0.18181818181818182
RIDGE,NCMAPSS,CNA_a0.20,0.2,10,99,19,19.0,0.1919191919191919
RIDGE,NCMAPSS,CNA_a0.20,0.2,15,99,19,25.0,0.1919191919191919
RIDGE,NCMAPSS,LBall_a0.05,0.05,0,99,9,10.0,0.09090909090909091
RIDGE,NCMAPSS,LBall_a0.05,0.05,5,99,14,14.0,0.1414141414141414
RIDGE,NCMAPSS,LBall_a0.05,0.05,10,99,17,20.0,0.1717171717171717
RIDGE,NCMAPSS,LBall_a0.05,0.05,15,99,17,25.0,0.1717171717171717
RIDGE,NCMAPSS,LBall_a0.10,0.1,0,99,12,7.0,0.12121212121212122
RIDGE,NCMAPSS,LBall_a0.10,0.1,5,99,19,11.0,0.1919191919191919
RIDGE,NCMAPSS,LBall_a0.10,0.1,10,99,26,16.0,0.26262626262626265
RIDGE,NCMAPSS,LBall_a0.10,0.1,15,99,24,22.0,0.24242424242424243
RIDGE,NCMAPSS,LBall_a0.20,0.2,0,99,25,5.0,0.25252525252525254
RIDGE,NCMAPSS,LBall_a0.20,0.2,5,99,33,8.0,0.3333333333333333
RIDGE,NCMAPSS,LBall_a0.20,0.2,10,99,40,13.0,0.40404040404040403
RIDGE,NCMAPSS,LBall_a0.20,0.2,15,99,37,18.0,0.37373737373737376
RIDGE,NCMAPSS,LBnear_a0.05,0.05,0,99,9,10.5,0.09090909090909091
RIDGE,NCMAPSS,LBnear_a0.05,0.05,5,99,14,15.0,0.1414141414141414
RIDGE,NCMAPSS,LBnear_a0.05,0.05,10,99,14,20.0,0.1414141414141414
RIDGE,NCMAPSS,LBnear_a0.05,0.05,15,99,14,26.0,0.1414141414141414
RIDGE,NCMAPSS,LBnear_a0.10,0.1,0,99,12,8.0,0.12121212121212122
RIDGE,NCMAPSS,LBnear_a0.10,0.1,5,99,18,12.0,0.18181818181818182
RIDGE,NCMAPSS,LBnear_a0.10,0.1,10,99,23,17.0,0.23232323232323232
RIDGE,NCMAPSS,LBnear_a0.10,0.1,15,99,22,23.0,0.2222222222222222
RIDGE,NCMAPSS,LBnear_a0.20,0.2,0,99,22,6.0,0.2222222222222222
RIDGE,NCMAPSS,LBnear_a0.20,0.2,5,99,30,9.0,0.30303030303030304
RIDGE,NCMAPSS,LBnear_a0.20,0.2,10,99,36,15.0,0.36363636363636365
RIDGE,NCMAPSS,LBnear_a0.20,0.2,15,99,36,19.0,0.36363636363636365
RIDGE,PHM08,CNA_a0.05,0.05,0,218,9,13.0,0.04128440366972477
RIDGE,PHM08,CNA_a0.05,0.05,5,218,12,17.0,0.05504587155963303
RIDGE,PHM08,CNA_a0.05,0.05,10,218,12,21.0,0.05504587155963303
RIDGE,PHM08,CNA_a0.05,0.05,15,218,10,27.0,0.045871559633027525
RIDGE,PHM08,CNA_a0.10,0.1,0,218,34,11.0,0.1559633027522936
RIDGE,PHM08,CNA_a0.10,0.1,5,218,35,14.0,0.16055045871559634
RIDGE,PHM08,CNA_a0.10,0.1,10,218,28,18.0,0.12844036697247707
RIDGE,PHM08,CNA_a0.10,0.1,15,218,25,24.0,0.11467889908256881
RIDGE,PHM08,CNA_a0.20,0.2,0,218,50,9.0,0.22935779816513763
RIDGE,PHM08,CNA_a0.20,0.2,5,218,46,12.0,0.21100917431192662
RIDGE,PHM08,CNA_a0.20,0.2,10,218,46,16.5,0.21100917431192662
RIDGE,PHM08,CNA_a0.20,0.2,15,218,51,21.0,0.23394495412844038
RIDGE,PHM08,LBall_a0.05,0.05,0,218,70,8.0,0.3211009174311927
RIDGE,PHM08,LBall_a0.05,0.05,5,218,82,10.0,0.3761467889908257
RIDGE,PHM08,LBall_a0.05,0.05,10,218,91,12.0,0.41743119266055045
RIDGE,PHM08,LBall_a0.05,0.05,15,218,95,17.0,0.43577981651376146
RIDGE,PHM08,LBall_a0.10,0.1,0,218,95,6.0,0.43577981651376146
RIDGE,PHM08,LBall_a0.10,0.1,5,218,102,8.0,0.46788990825688076
RIDGE,PHM08,LBall_a0.10,0.1,10,218,119,11.0,0.5458715596330275
RIDGE,PHM08,LBall_a0.10,0.1,15,218,124,14.0,0.5688073394495413
RIDGE,PHM08,LBall_a0.20,0.2,0,218,111,6.0,0.5091743119266054
RIDGE,PHM08,LBall_a0.20,0.2,5,218,123,7.0,0.5642201834862385
RIDGE,PHM08,LBall_a0.20,0.2,10,218,146,10.0,0.6697247706422018
RIDGE,PHM08,LBall_a0.20,0.2,15,218,153,12.0,0.7018348623853211
RIDGE,PHM08,LBnear_a0.05,0.05,0,218,46,9.0,0.21100917431192662
RIDGE,PHM08,LBnear_a0.05,0.05,5,218,48,12.0,0.22018348623853212
RIDGE,PHM08,LBnear_a0.05,0.05,10,218,48,17.0,0.22018348623853212
RIDGE,PHM08,LBnear_a0.05,0.05,15,218,44,22.0,0.2018348623853211
RIDGE,PHM08,LBnear_a0.10,0.1,0,218,58,8.0,0.26605504587155965
RIDGE,PHM08,LBnear_a0.10,0.1,5,218,65,11.0,0.2981651376146789
RIDGE,PHM08,LBnear_a0.10,0.1,10,218,72,14.0,0.3302752293577982
RIDGE,PHM08,LBnear_a0.10,0.1,15,218,66,19.0,0.30275229357798167
RIDGE,PHM08,LBnear_a0.20,0.2,0,218,79,7.0,0.3623853211009174
RIDGE,PHM08,LBnear_a0.20,0.2,5,218,88,9.0,0.4036697247706422
RIDGE,PHM08,LBnear_a0.20,0.2,10,218,98,12.0,0.44954128440366975
RIDGE,PHM08,LBnear_a0.20,0.2,15,218,106,16.0,0.48623853211009177
WMLP,BATTERY,CNA_a0.05,0.05,0,123,6,54.0,0.04878048780487805
WMLP,BATTERY,CNA_a0.05,0.05,15,123,7,67.0,0.056910569105691054
WMLP,BATTERY,CNA_a0.05,0.05,30,123,4,104.0,0.032520325203252036
WMLP,BATTERY,CNA_a0.05,0.05,45,123,6,120.0,0.04878048780487805
WMLP,BATTERY,CNA_a0.10,0.1,0,123,11,19.0,0.08943089430894309
WMLP,BATTERY,CNA_a0.10,0.1,15,123,13,46.0,0.10569105691056911
WMLP,BATTERY,CNA_a0.10,0.1,30,123,14,64.0,0.11382113821138211
WMLP,BATTERY,CNA_a0.10,0.1,45,123,12,83.0,0.0975609756097561
WMLP,BATTERY,CNA_a0.20,0.2,0,123,17,14.0,0.13821138211382114
WMLP,BATTERY,CNA_a0.20,0.2,15,123,26,37.0,0.21138211382113822
WMLP,BATTERY,CNA_a0.20,0.2,30,123,27,53.0,0.21951219512195122
WMLP,BATTERY,CNA_a0.20,0.2,45,123,27,66.0,0.21951219512195122
WMLP,BATTERY,LBall_a0.05,0.05,0,123,9,26.5,0.07317073170731707
WMLP,BATTERY,LBall_a0.05,0.05,15,123,18,43.0,0.14634146341463414
WMLP,BATTERY,LBall_a0.05,0.05,30,123,23,56.0,0.18699186991869918
WMLP,BATTERY,LBall_a0.05,0.05,45,123,21,70.0,0.17073170731707318
WMLP,BATTERY,LBall_a0.10,0.1,0,123,18,14.0,0.14634146341463414
WMLP,BATTERY,LBall_a0.10,0.1,15,123,32,31.0,0.2601626016260163
WMLP,BATTERY,LBall_a0.10,0.1,30,123,35,46.0,0.2845528455284553
WMLP,BATTERY,LBall_a0.10,0.1,45,123,29,60.0,0.23577235772357724
WMLP,BATTERY,LBall_a0.20,0.2,0,123,59,9.0,0.4796747967479675
WMLP,BATTERY,LBall_a0.20,0.2,15,123,60,18.5,0.4878048780487805
WMLP,BATTERY,LBall_a0.20,0.2,30,123,49,37.0,0.3983739837398374
WMLP,BATTERY,LBall_a0.20,0.2,45,123,53,51.0,0.43089430894308944
WMLP,BATTERY,LBnear_a0.05,0.05,0,123,4,57.0,0.032520325203252036
WMLP,BATTERY,LBnear_a0.05,0.05,15,123,3,71.0,0.024390243902439025
WMLP,BATTERY,LBnear_a0.05,0.05,30,123,6,86.0,0.04878048780487805
WMLP,BATTERY,LBnear_a0.05,0.05,45,123,8,101.0,0.06504065040650407
WMLP,BATTERY,LBnear_a0.10,0.1,0,123,4,37.0,0.032520325203252036
WMLP,BATTERY,LBnear_a0.10,0.1,15,123,11,51.0,0.08943089430894309
WMLP,BATTERY,LBnear_a0.10,0.1,30,123,15,66.0,0.12195121951219512
WMLP,BATTERY,LBnear_a0.10,0.1,45,123,16,78.0,0.13008130081300814
WMLP,BATTERY,LBnear_a0.20,0.2,0,123,12,19.0,0.0975609756097561
WMLP,BATTERY,LBnear_a0.20,0.2,15,123,29,34.0,0.23577235772357724
WMLP,BATTERY,LBnear_a0.20,0.2,30,123,28,51.0,0.22764227642276422
WMLP,BATTERY,LBnear_a0.20,0.2,45,123,26,64.0,0.21138211382113822
WMLP,FD001,CNA_a0.05,0.05,0,100,1,9.0,0.01
WMLP,FD001,CNA_a0.05,0.05,5,100,3,12.0,0.03
WMLP,FD001,CNA_a0.05,0.05,10,100,1,18.0,0.01
WMLP,FD001,CNA_a0.05,0.05,15,100,2,26.5,0.02
WMLP,FD001,CNA_a0.10,0.1,0,100,7,6.0,0.07
WMLP,FD001,CNA_a0.10,0.1,5,100,8,10.0,0.08
WMLP,FD001,CNA_a0.10,0.1,10,100,4,15.0,0.04
WMLP,FD001,CNA_a0.10,0.1,15,100,8,22.0,0.08
WMLP,FD001,CNA_a0.20,0.2,0,100,19,4.0,0.19
WMLP,FD001,CNA_a0.20,0.2,5,100,18,8.0,0.18
WMLP,FD001,CNA_a0.20,0.2,10,100,18,13.0,0.18
WMLP,FD001,CNA_a0.20,0.2,15,100,11,20.0,0.11
WMLP,FD001,LBall_a0.05,0.05,0,100,1,8.0,0.01
WMLP,FD001,LBall_a0.05,0.05,5,100,2,12.0,0.02
WMLP,FD001,LBall_a0.05,0.05,10,100,4,17.0,0.04
WMLP,FD001,LBall_a0.05,0.05,15,100,10,20.5,0.1
WMLP,FD001,LBall_a0.10,0.1,0,100,9,6.0,0.09
WMLP,FD001,LBall_a0.10,0.1,5,100,9,10.0,0.09
WMLP,FD001,LBall_a0.10,0.1,10,100,13,14.0,0.13
WMLP,FD001,LBall_a0.10,0.1,15,100,23,18.0,0.23
WMLP,FD001,LBall_a0.20,0.2,0,100,20,4.0,0.2
WMLP,FD001,LBall_a0.20,0.2,5,100,25,8.0,0.25
WMLP,FD001,LBall_a0.20,0.2,10,100,30,12.0,0.3
WMLP,FD001,LBall_a0.20,0.2,15,100,45,16.0,0.45
WMLP,FD001,LBnear_a0.05,0.05,0,100,0,11.0,0.0
WMLP,FD001,LBnear_a0.05,0.05,5,100,0,14.0,0.0
WMLP,FD001,LBnear_a0.05,0.05,10,100,2,19.0,0.02
WMLP,FD001,LBnear_a0.05,0.05,15,100,3,24.0,0.03
WMLP,FD001,LBnear_a0.10,0.1,0,100,1,8.0,0.01
WMLP,FD001,LBnear_a0.10,0.1,5,100,2,12.0,0.02
WMLP,FD001,LBnear_a0.10,0.1,10,100,4,17.0,0.04
WMLP,FD001,LBnear_a0.10,0.1,15,100,10,21.0,0.1
WMLP,FD001,LBnear_a0.20,0.2,0,100,9,6.0,0.09
WMLP,FD001,LBnear_a0.20,0.2,5,100,8,10.0,0.08
WMLP,FD001,LBnear_a0.20,0.2,10,100,13,14.0,0.13
WMLP,FD001,LBnear_a0.20,0.2,15,100,19,18.0,0.19
WMLP,FD002,CNA_a0.05,0.05,0,260,10,6.0,0.038461538461538464
WMLP,FD002,CNA_a0.05,0.05,5,260,9,12.0,0.03461538461538462
WMLP,FD002,CNA_a0.05,0.05,10,260,6,17.0,0.023076923076923078
WMLP,FD002,CNA_a0.05,0.05,15,260,13,23.0,0.05
WMLP,FD002,CNA_a0.10,0.1,0,260,25,5.0,0.09615384615384616
WMLP,FD002,CNA_a0.10,0.1,5,260,17,10.0,0.06538461538461539
WMLP,FD002,CNA_a0.10,0.1,10,260,18,16.0,0.06923076923076923
WMLP,FD002,CNA_a0.10,0.1,15,260,25,21.0,0.09615384615384616
WMLP,FD002,CNA_a0.20,0.2,0,260,48,4.0,0.18461538461538463
WMLP,FD002,CNA_a0.20,0.2,5,260,42,9.0,0.16153846153846155
WMLP,FD002,CNA_a0.20,0.2,10,260,39,14.0,0.15
WMLP,FD002,CNA_a0.20,0.2,15,260,53,19.0,0.20384615384615384
WMLP,FD002,LBall_a0.05,0.05,0,260,4,7.0,0.015384615384615385
WMLP,FD002,LBall_a0.05,0.05,5,260,14,11.0,0.05384615384615385
WMLP,FD002,LBall_a0.05,0.05,10,260,20,16.0,0.07692307692307693
WMLP,FD002,LBall_a0.05,0.05,15,260,38,20.0,0.14615384615384616
WMLP,FD002,LBall_a0.10,0.1,0,260,29,5.0,0.11153846153846154
WMLP,FD002,LBall_a0.10,0.1,5,260,40,9.0,0.15384615384615385
WMLP,FD002,LBall_a0.10,0.1,10,260,64,13.0,0.24615384615384617
WMLP,FD002,LBall_a0.10,0.1,15,260,95,17.0,0.36538461538461536
WMLP,FD002,LBall_a0.20,0.2,0,260,106,3.0,0.4076923076923077
WMLP,FD002,LBall_a0.20,0.2,5,260,140,5.0,0.5384615384615384
WMLP,FD002,LBall_a0.20,0.2,10,260,157,9.5,0.6038461538461538
WMLP,FD002,LBall_a0.20,0.2,15,260,166,14.0,0.6384615384615384
WMLP,FD002,LBnear_a0.05,0.05,0,260,0,11.0,0.0
WMLP,FD002,LBnear_a0.05,0.05,5,260,1,16.0,0.0038461538461538464
WMLP,FD002,LBnear_a0.05,0.05,10,260,0,20.0,0.0
WMLP,FD002,LBnear_a0.05,0.05,15,260,6,25.0,0.023076923076923078
WMLP,FD002,LBnear_a0.10,0.1,0,260,1,9.0,0.0038461538461538464
WMLP,FD002,LBnear_a0.10,0.1,5,260,4,13.0,0.015384615384615385
WMLP,FD002,LBnear_a0.10,0.1,10,260,6,17.0,0.023076923076923078
WMLP,FD002,LBnear_a0.10,0.1,15,260,20,22.0,0.07692307692307693
WMLP,FD002,LBnear_a0.20,0.2,0,260,10,6.0,0.038461538461538464
WMLP,FD002,LBnear_a0.20,0.2,5,260,23,10.0,0.08846153846153847
WMLP,FD002,LBnear_a0.20,0.2,10,260,34,15.0,0.13076923076923078
WMLP,FD002,LBnear_a0.20,0.2,15,260,56,19.0,0.2153846153846154
WMLP,FD003,CNA_a0.05,0.05,0,100,6,10.0,0.06
WMLP,FD003,CNA_a0.05,0.05,5,100,4,14.0,0.04
WMLP,FD003,CNA_a0.05,0.05,10,100,1,19.0,0.01
WMLP,FD003,CNA_a0.05,0.05,15,100,3,26.0,0.03
WMLP,FD003,CNA_a0.10,0.1,0,100,15,7.0,0.15
WMLP,FD003,CNA_a0.10,0.1,5,100,9,12.0,0.09
WMLP,FD003,CNA_a0.10,0.1,10,100,8,16.0,0.08
WMLP,FD003,CNA_a0.10,0.1,15,100,5,22.0,0.05
WMLP,FD003,CNA_a0.20,0.2,0,100,27,5.0,0.27
WMLP,FD003,CNA_a0.20,0.2,5,100,19,10.0,0.19
WMLP,FD003,CNA_a0.20,0.2,10,100,15,14.0,0.15
WMLP,FD003,CNA_a0.20,0.2,15,100,21,20.0,0.21
WMLP,FD003,LBall_a0.05,0.05,0,100,9,8.0,0.09
WMLP,FD003,LBall_a0.05,0.05,5,100,6,12.0,0.06
WMLP,FD003,LBall_a0.05,0.05,10,100,12,15.0,0.12
WMLP,FD003,LBall_a0.05,0.05,15,100,17,20.0,0.17
WMLP,FD003,LBall_a0.10,0.1,0,100,18,6.0,0.18
WMLP,FD003,LBall_a0.10,0.1,5,100,18,9.0,0.18
WMLP,FD003,LBall_a0.10,0.1,10,100,24,13.0,0.24
WMLP,FD003,LBall_a0.10,0.1,15,100,32,18.0,0.32
WMLP,FD003,LBall_a0.20,0.2,0,100,33,4.0,0.33
WMLP,FD003,LBall_a0.20,0.2,5,100,38,8.0,0.38
WMLP,FD003,LBall_a0.20,0.2,10,100,44,11.0,0.44
WMLP,FD003,LBall_a0.20,0.2,15,100,60,14.0,0.6
WMLP,FD003,LBnear_a0.05,0.05,0,100,2,11.0,0.02
WMLP,FD003,LBnear_a0.05,0.05,5,100,0,14.0,0.0
WMLP,FD003,LBnear_a0.05,0.05,10,100,1,19.0,0.01
WMLP,FD003,LBnear_a0.05,0.05,15,100,5,23.0,0.05
WMLP,FD003,LBnear_a0.10,0.1,0,100,4,9.0,0.04
WMLP,FD003,LBnear_a0.10,0.1,5,100,5,12.0,0.05
WMLP,FD003,LBnear_a0.10,0.1,10,100,7,17.0,0.07
WMLP,FD003,LBnear_a0.10,0.1,15,100,10,21.0,0.1
WMLP,FD003,LBnear_a0.20,0.2,0,100,15,7.0,0.15
WMLP,FD003,LBnear_a0.20,0.2,5,100,12,10.5,0.12
WMLP,FD003,LBnear_a0.20,0.2,10,100,16,14.0,0.16
WMLP,FD003,LBnear_a0.20,0.2,15,100,24,19.0,0.24
WMLP,FD004,CNA_a0.05,0.05,0,249,12,9.0,0.04819277108433735
WMLP,FD004,CNA_a0.05,0.05,5,249,11,14.0,0.04417670682730924
WMLP,FD004,CNA_a0.05,0.05,10,249,12,19.0,0.04819277108433735
WMLP,FD004,CNA_a0.05,0.05,15,249,16,25.0,0.0642570281124498
WMLP,FD004,CNA_a0.10,0.1,0,249,22,8.0,0.08835341365461848
WMLP,FD004,CNA_a0.10,0.1,5,249,32,11.0,0.1285140562248996
WMLP,FD004,CNA_a0.10,0.1,10,249,30,16.0,0.12048192771084337
WMLP,FD004,CNA_a0.10,0.1,15,249,21,23.0,0.08433734939759036
WMLP,FD004,CNA_a0.20,0.2,0,249,53,6.0,0.21285140562248997
WMLP,FD004,CNA_a0.20,0.2,5,249,47,10.0,0.18875502008032127
WMLP,FD004,CNA_a0.20,0.2,10,249,48,15.0,0.1927710843373494
WMLP,FD004,CNA_a0.20,0.2,15,249,45,20.0,0.18072289156626506
WMLP,FD004,LBall_a0.05,0.05,0,249,35,6.0,0.14056224899598393
WMLP,FD004,LBall_a0.05,0.05,5,249,42,11.0,0.1686746987951807
WMLP,FD004,LBall_a0.05,0.05,10,249,47,15.0,0.18875502008032127
WMLP,FD004,LBall_a0.05,0.05,15,249,53,19.0,0.21285140562248997
WMLP,FD004,LBall_a0.10,0.1,0,249,89,5.0,0.357429718875502
WMLP,FD004,LBall_a0.10,0.1,5,249,84,8.0,0.3373493975903614
WMLP,FD004,LBall_a0.10,0.1,10,249,95,12.0,0.3815261044176707
WMLP,FD004,LBall_a0.10,0.1,15,249,112,16.0,0.4497991967871486
WMLP,FD004,LBall_a0.20,0.2,0,249,125,3.0,0.5020080321285141
WMLP,FD004,LBall_a0.20,0.2,5,249,140,6.0,0.5622489959839357
WMLP,FD004,LBall_a0.20,0.2,10,249,140,10.0,0.5622489959839357
WMLP,FD004,LBall_a0.20,0.2,15,249,153,14.0,0.6144578313253012
WMLP,FD004,LBnear_a0.05,0.05,0,249,5,11.0,0.020080321285140562
WMLP,FD004,LBnear_a0.05,0.05,5,249,7,15.0,0.028112449799196786
WMLP,FD004,LBnear_a0.05,0.05,10,249,7,20.0,0.028112449799196786
WMLP,FD004,LBnear_a0.05,0.05,15,249,16,25.0,0.0642570281124498
WMLP,FD004,LBnear_a0.10,0.1,0,249,14,9.0,0.05622489959839357
WMLP,FD004,LBnear_a0.10,0.1,5,249,13,13.0,0.05220883534136546
WMLP,FD004,LBnear_a0.10,0.1,10,249,26,17.0,0.10441767068273092
WMLP,FD004,LBnear_a0.10,0.1,15,249,24,22.0,0.0963855421686747
WMLP,FD004,LBnear_a0.20,0.2,0,249,38,6.0,0.15261044176706828
WMLP,FD004,LBnear_a0.20,0.2,5,249,44,10.0,0.17670682730923695
WMLP,FD004,LBnear_a0.20,0.2,10,249,48,15.0,0.1927710843373494
WMLP,FD004,LBnear_a0.20,0.2,15,249,55,19.0,0.22088353413654618
WMLP,NCMAPSS,CNA_a0.05,0.05,0,99,1,31.5,0.010101010101010102
WMLP,NCMAPSS,CNA_a0.05,0.05,5,99,1,31.5,0.010101010101010102
WMLP,NCMAPSS,CNA_a0.05,0.05,10,99,1,32.5,0.010101010101010102
WMLP,NCMAPSS,CNA_a0.05,0.05,15,99,5,37.5,0.050505050505050504
WMLP,NCMAPSS,CNA_a0.10,0.1,0,99,10,19.0,0.10101010101010101
WMLP,NCMAPSS,CNA_a0.10,0.1,5,99,9,21.0,0.09090909090909091
WMLP,NCMAPSS,CNA_a0.10,0.1,10,99,10,26.0,0.10101010101010101
WMLP,NCMAPSS,CNA_a0.10,0.1,15,99,9,33.0,0.09090909090909091
WMLP,NCMAPSS,CNA_a0.20,0.2,0,99,17,9.5,0.1717171717171717
WMLP,NCMAPSS,CNA_a0.20,0.2,5,99,16,18.0,0.16161616161616163
WMLP,NCMAPSS,CNA_a0.20,0.2,10,99,16,21.0,0.16161616161616163
WMLP,NCMAPSS,CNA_a0.20,0.2,15,99,17,27.0,0.1717171717171717
WMLP,NCMAPSS,LBall_a0.05,0.05,0,99,7,21.5,0.0707070707070707
WMLP,NCMAPSS,LBall_a0.05,0.05,5,99,7,28.0,0.0707070707070707
WMLP,NCMAPSS,LBall_a0.05,0.05,10,99,2,37.5,0.020202020202020204
WMLP,NCMAPSS,LBall_a0.05,0.05,15,99,0,42.0,0.0
WMLP,NCMAPSS,LBall_a0.10,0.1,0,99,11,16.0,0.1111111111111111
WMLP,NCMAPSS,LBall_a0.10,0.1,5,99,10,20.0,0.10101010101010101
WMLP,NCMAPSS,LBall_a0.10,0.1,10,99,6,28.0,0.06060606060606061
WMLP,NCMAPSS,LBall_a0.10,0.1,15,99,5,35.0,0.050505050505050504
WMLP,NCMAPSS,LBall_a0.20,0.2,0,99,17,7.5,0.1717171717171717
WMLP,NCMAPSS,LBall_a0.20,0.2,5,99,22,13.0,0.2222222222222222
WMLP,NCMAPSS,LBall_a0.20,0.2,10,99,21,20.0,0.21212121212121213
WMLP,NCMAPSS,LBall_a0.20,0.2,15,99,22,26.0,0.2222222222222222
WMLP,NCMAPSS,LBnear_a0.05,0.05,0,99,7,24.0,0.0707070707070707
WMLP,NCMAPSS,LBnear_a0.05,0.05,5,99,5,29.0,0.050505050505050504
WMLP,NCMAPSS,LBnear_a0.05,0.05,10,99,2,39.0,0.020202020202020204
WMLP,NCMAPSS,LBnear_a0.05,0.05,15,99,0,43.0,0.0
WMLP,NCMAPSS,LBnear_a0.10,0.1,0,99,11,17.0,0.1111111111111111
WMLP,NCMAPSS,LBnear_a0.10,0.1,5,99,10,24.0,0.10101010101010101
WMLP,NCMAPSS,LBnear_a0.10,0.1,10,99,6,30.0,0.06060606060606061
WMLP,NCMAPSS,LBnear_a0.10,0.1,15,99,2,39.0,0.020202020202020204
WMLP,NCMAPSS,LBnear_a0.20,0.2,0,99,16,9.0,0.16161616161616163
WMLP,NCMAPSS,LBnear_a0.20,0.2,5,99,21,16.0,0.21212121212121213
WMLP,NCMAPSS,LBnear_a0.20,0.2,10,99,16,20.0,0.16161616161616163
WMLP,NCMAPSS,LBnear_a0.20,0.2,15,99,16,29.0,0.16161616161616163
WMLP,PHM08,CNA_a0.05,0.05,0,218,10,7.0,0.045871559633027525
WMLP,PHM08,CNA_a0.05,0.05,5,218,7,13.0,0.03211009174311927
WMLP,PHM08,CNA_a0.05,0.05,10,218,8,20.0,0.03669724770642202
WMLP,PHM08,CNA_a0.05,0.05,15,218,13,26.0,0.05963302752293578
WMLP,PHM08,CNA_a0.10,0.1,0,218,20,6.0,0.09174311926605505
WMLP,PHM08,CNA_a0.10,0.1,5,218,19,10.5,0.0871559633027523
WMLP,PHM08,CNA_a0.10,0.1,10,218,30,17.0,0.13761467889908258
WMLP,PHM08,CNA_a0.10,0.1,15,218,26,23.0,0.11926605504587157
WMLP,PHM08,CNA_a0.20,0.2,0,218,38,4.5,0.1743119266055046
WMLP,PHM08,CNA_a0.20,0.2,5,218,46,9.0,0.21100917431192662
WMLP,PHM08,CNA_a0.20,0.2,10,218,52,14.0,0.23853211009174313
WMLP,PHM08,CNA_a0.20,0.2,15,218,49,20.0,0.22477064220183487
WMLP,PHM08,LBall_a0.05,0.05,0,218,7,8.0,0.03211009174311927
WMLP,PHM08,LBall_a0.05,0.05,5,218,14,11.0,0.06422018348623854
WMLP,PHM08,LBall_a0.05,0.05,10,218,31,16.0,0.14220183486238533
WMLP,PHM08,LBall_a0.05,0.05,15,218,38,21.0,0.1743119266055046
WMLP,PHM08,LBall_a0.10,0.1,0,218,22,5.0,0.10091743119266056
WMLP,PHM08,LBall_a0.10,0.1,5,218,46,8.5,0.21100917431192662
WMLP,PHM08,LBall_a0.10,0.1,10,218,72,12.0,0.3302752293577982
WMLP,PHM08,LBall_a0.10,0.1,15,218,76,18.0,0.3486238532110092
WMLP,PHM08,LBall_a0.20,0.2,0,218,68,3.0,0.3119266055045872
WMLP,PHM08,LBall_a0.20,0.2,5,218,103,6.0,0.4724770642201835
WMLP,PHM08,LBall_a0.20,0.2,10,218,129,10.0,0.591743119266055
WMLP,PHM08,LBall_a0.20,0.2,15,218,131,14.0,0.6009174311926605
WMLP,PHM08,LBnear_a0.05,0.05,0,218,0,12.0,0.0
WMLP,PHM08,LBnear_a0.05,0.05,5,218,1,17.0,0.0045871559633027525
WMLP,PHM08,LBnear_a0.05,0.05,10,218,6,21.0,0.027522935779816515
WMLP,PHM08,LBnear_a0.05,0.05,15,218,6,26.5,0.027522935779816515
WMLP,PHM08,LBnear_a0.10,0.1,0,218,1,9.0,0.0045871559633027525
WMLP,PHM08,LBnear_a0.10,0.1,5,218,3,14.0,0.013761467889908258
WMLP,PHM08,LBnear_a0.10,0.1,10,218,21,18.5,0.0963302752293578
WMLP,PHM08,LBnear_a0.10,0.1,15,218,19,23.0,0.0871559633027523
WMLP,PHM08,LBnear_a0.20,0.2,0,218,12,6.0,0.05504587155963303
WMLP,PHM08,LBnear_a0.20,0.2,5,218,22,10.0,0.10091743119266056
WMLP,PHM08,LBnear_a0.20,0.2,10,218,45,14.0,0.20642201834862386
WMLP,PHM08,LBnear_a0.20,0.2,15,218,47,20.0,0.21559633027522937
