learner,dataset,policy,alpha,lead,n,failures,notice_median,rate,ci_lo,ci_hi,p_greater,p_holm
GBM,BATTERY,CNA_a0.10,0.1,30,123,15,42.0,0.12195121951219512,0.06988841357038053,0.19315305392988724,0.2470071865138083,
GBM,BATTERY,LBall_a0.10,0.1,30,123,96,27.0,0.7804878048780488,0.6969245400847839,0.8500802979835551,6.749346126376696e-71,
GBM,BATTERY,LBnear_a0.10,0.1,30,123,10,45.0,0.08130081300813008,0.039675949664538426,0.1444343229185324,0.7968333946529536,
GBM,FD001,CNA_a0.10,0.1,10,100,7,16.0,0.07,0.028605288907438704,0.13891972845585732,0.8828443845641155,
GBM,FD001,LBall_a0.10,0.1,10,100,33,11.0,0.33,0.2391985346226018,0.43117275077756323,3.232474430263625e-10,
GBM,FD001,LBnear_a0.10,0.1,10,100,7,17.0,0.07,0.028605288907438704,0.13891972845585732,0.8828443845641155,
GBM,FD002,CNA_a0.10,0.1,10,260,20,16.0,0.07692307692307693,0.04761793388225715,0.11630274170964292,0.9147131380906376,
GBM,FD002,LBall_a0.10,0.1,10,260,92,12.0,0.35384615384615387,0.2957667519064858,0.4153006356939544,3.1304370328330854e-28,
GBM,FD002,LBnear_a0.10,0.1,10,260,8,17.0,0.03076923076923077,0.013375715495814405,0.059725126900189475,0.999994894455856,
GBM,FD003,CNA_a0.10,0.1,10,100,14,16.0,0.14,0.07870540492696577,0.22372798137056774,0.1238767925993305,
GBM,FD003,LBall_a0.10,0.1,10,100,44,11.0,0.44,0.34083602372345834,0.5428125029366824,1.5678930147245794e-18,
GBM,FD003,LBnear_a0.10,0.1,10,100,7,18.0,0.07,0.028605288907438704,0.13891972845585732,0.8828443845641155,
GBM,FD004,CNA_a0.10,0.1,10,249,31,16.0,0.12449799196787148,0.08618038953934519,0.17203993207373852,0.12019577623060432,
GBM,FD004,LBall_a0.10,0.1,10,249,136,10.0,0.5461847389558233,0.48210357711776,0.6091533617165956,1.1771177278732378e-68,
GBM,FD004,LBnear_a0.10,0.1,10,249,29,17.0,0.11646586345381527,0.07940237244806088,0.16296658290298474,0.21987907856454544,
GBM,NCMAPSS,CNA_a0.10,0.1,10,99,11,25.0,0.1111111111111111,0.05678861496131408,0.19011643481938723,0.40365795305105934,
GBM,NCMAPSS,LBall_a0.10,0.1,10,99,19,17.5,0.1919191919191919,0.119684354393664,0.2833676292170745,0.004086337450300189,
GBM,NCMAPSS,LBnear_a0.10,0.1,10,99,15,19.0,0.15151515151515152,0.08735483490895839,0.23756028158463746,0.06767059954181119,
GBM,PHM08,CNA_a0.10,0.1,10,218,18,15.5,0.08256880733944955,0.04966940653792855,0.12735554136619365,0.8340178629876944,
GBM,PHM08,LBall_a0.10,0.1,10,218,104,11.0,0.47706422018348627,0.40918046327354796,0.5455801437187278,1.249956776281813e-45,
GBM,PHM08,LBnear_a0.10,0.1,10,218,21,15.0,0.0963302752293578,0.06062354483203511,0.14347851557260366,0.6046766662236119,
RF,BATTERY,CNA_a0.10,0.1,30,123,11,45.0,0.08943089430894309,0.045492367185904305,0.15438302844771737,0.695547818330594,1.0
RF,BATTERY,LBall_a0.10,0.1,30,123,86,27.0,0.6991869918699187,0.6099520602932296,0.7785618114191893,7.751062520622045e-57,1.3176806285057478e-55
RF,BATTERY,LBnear_a0.10,0.1,30,123,12,44.0,0.0975609756097561,0.051434589791278296,0.16421854345053546,0.5799390291949715,
RF,FD001,CNA_a0.10,0.1,10,100,5,17.0,0.05,0.016431879182052155,0.11283491110546275,0.9762889173365231,1.0
RF,FD001,LBall_a0.10,0.1,10,100,41,12.0,0.41,0.31261997656757085,0.5128557962332292,4.753173592422103e-16,3.802538873937683e-15
RF,FD001,LBnear_a0.10,0.1,10,100,7,16.0,0.07,0.028605288907438704,0.13891972845585732,0.8828443845641155,
RF,FD002,CNA_a0.10,0.1,10,260,20,17.0,0.07692307692307693,0.04761793388225715,0.11630274170964292,0.9147131380906376,1.0
RF,FD002,LBall_a0.10,0.1,10,260,106,12.0,0.4076923076923077,0.347395969811679,0.47011796530427746,1.1555369584572804e-38,1.6177517418401925e-37
RF,FD002,LBnear_a0.10,0.1,10,260,19,17.0,0.07307692307692308,0.04456804841474121,0.11176801216837896,0.9448560627501186,
RF,FD003,CNA_a0.10,0.1,10,100,17,17.0,0.17,0.10226491003552825,0.25817541063215865,0.02059881014530016,0.43257501305130336
RF,FD003,LBall_a0.10,0.1,10,100,56,10.0,0.56,0.4571874970633177,0.6591639762765417,5.236015326393885e-30,6.283218391672662e-29
RF,FD003,LBnear_a0.10,0.1,10,100,12,16.0,0.12,0.06356890256115931,0.20023568361996882,0.296966899711246,
RF,FD004,CNA_a0.10,0.1,10,249,23,17.0,0.09236947791164658,0.059457940143450745,0.1353736942965298,0.6863782795828064,1.0
RF,FD004,LBall_a0.10,0.1,10,249,139,10.0,0.5582329317269076,0.49416213767883566,0.6209008179854795,8.590763986975934e-72,1.7181527973951868e-70
RF,FD004,LBnear_a0.10,0.1,10,249,34,16.0,0.13654618473895583,0.09645043158235259,0.18555077973769235,0.039043527703839384,
RF,NCMAPSS,CNA_a0.10,0.1,10,99,7,25.0,0.0707070707070707,0.028899084775541425,0.1402692658272204,0.8766217173183467,1.0
RF,NCMAPSS,LBall_a0.10,0.1,10,99,20,16.0,0.20202020202020202,0.12798473260926366,0.29461385788606603,0.001744363467490243,0.005233090402470729
RF,NCMAPSS,LBnear_a0.10,0.1,10,99,16,18.0,0.16161616161616163,0.09529408883916199,0.24914634136659977,0.03680385239655812,
RF,PHM08,CNA_a0.10,0.1,10,218,24,17.0,0.11009174311926606,0.07182390318513515,0.15936918492428997,0.34116442380400974,1.0
RF,PHM08,LBall_a0.10,0.1,10,218,107,11.0,0.4908256880733945,0.4226942533865257,0.5592099800598662,2.0622410138475753e-48,3.093361520771363e-47
RF,PHM08,LBnear_a0.10,0.1,10,218,37,15.0,0.16972477064220184,0.12240613236678122,0.22627116264348826,0.0010168435129619012,
RIDGE,BATTERY,CNA_a0.10,0.1,30,123,12,51.0,0.0975609756097561,0.051434589791278296,0.16421854345053546,0.5799390291949715,1.0
RIDGE,BATTERY,LBall_a0.10,0.1,30,123,87,28.0,0.7073170731707317,0.6185043333028317,0.7858625369456435,3.655814975392736e-58,6.580466955706926e-57
RIDGE,BATTERY,LBnear_a0.10,0.1,30,123,21,42.0,0.17073170731707318,0.10890321930241757,0.24906327477377943,0.010475809553397324,
RIDGE,FD001,CNA_a0.10,0.1,10,100,8,19.0,0.08,0.0351715625181628,0.15155763586442095,0.7939491381959893,1.0
RIDGE,FD001,LBall_a0.10,0.1,10,100,50,11.0,0.5,0.39832112950330095,0.601678870496699,5.832038785734386e-24,5.832038785734386e-23
RIDGE,FD001,LBnear_a0.10,0.1,10,100,29,14.0,0.29,0.2035741892507318,0.3892659589074483,9.443848377089914e-08,
RIDGE,FD002,CNA_a0.10,0.1,10,260,19,21.0,0.07307692307692308,0.04456804841474121,0.11176801216837896,0.9448560627501186,1.0
RIDGE,FD002,LBall_a0.10,0.1,10,260,122,12.0,0.46923076923076923,0.40730390242786046,0.5318669828505254,3.1036415333488315e-52,4.9658264533581303e-51
RIDGE,FD002,LBnear_a0.10,0.1,10,260,64,15.0,0.24615384615384617,0.19503325574790772,0.3031622496781815,9.561844635467659e-12,
RIDGE,FD003,CNA_a0.10,0.1,10,100,9,19.0,0.09,0.041983595628392247,0.1639822550296352,0.6791261116371596,1.0
RIDGE,FD003,LBall_a0.10,0.1,10,100,52,11.0,0.52,0.41778976540630663,0.6209945198220415,6.59081350278288e-26,7.249894853061168e-25
RIDGE,FD003,LBnear_a0.10,0.1,10,100,24,15.0,0.24,0.16022461317144718,0.3357354892709986,3.963742383785827e-05,
RIDGE,FD004,CNA_a0.10,0.1,10,249,22,21.0,0.08835341365461848,0.05620005884143167,0.13071190859879175,0.7594324395016291,1.0
RIDGE,FD004,LBall_a0.10,0.1,10,249,153,10.0,0.6144578313253012,0.5509227355979525,0.6752332742920724,2.8267312725772517e-87,5.936135672412229e-86
RIDGE,FD004,LBnear_a0.10,0.1,10,249,71,16.0,0.285140562248996,0.22991557103763305,0.34556222086985594,2.4022501107613394e-16,
RIDGE,NCMAPSS,CNA_a0.10,0.1,10,99,10,23.0,0.10101010101010101,0.04951087220866289,0.17792456141884982,0.535523299875548,1.0
RIDGE,NCMAPSS,LBall_a0.10,0.1,10,99,26,16.0,0.26262626262626265,0.17927237046549155,0.3606722005487026,3.3521392350546533e-06,1.6760696175273268e-05
RIDGE,NCMAPSS,LBnear_a0.10,0.1,10,99,23,17.0,0.23232323232323232,0.15333093776749315,0.32792851003011053,9.701697367613112e-05,
RIDGE,PHM08,CNA_a0.10,0.1,10,218,28,18.0,0.12844036697247707,0.08707238834415239,0.1802572946191439,0.10192378316530261,1.0
RIDGE,PHM08,LBall_a0.10,0.1,10,218,119,11.0,0.5458715596330275,0.47724711233963285,0.6132315057028305,2.9598470841844005e-60,5.623709459950361e-59
RIDGE,PHM08,LBnear_a0.10,0.1,10,218,72,14.0,0.3302752293577982,0.26824658311352534,0.39699401348447605,1.7644860925480653e-20,
WMLP,BATTERY,CNA_a0.10,0.1,30,123,14,64.0,0.11382113821138211,0.06364300967119171,0.18359472313081068,0.3463060726132019,1.0
WMLP,BATTERY,LBall_a0.10,0.1,30,123,35,46.0,0.2845528455284553,0.20686736674986364,0.3729134514209644,8.141572043684628e-09,4.884943226210776e-08
WMLP,BATTERY,LBnear_a0.10,0.1,30,123,15,66.0,0.12195121951219512,0.06988841357038053,0.19315305392988724,0.2470071865138083,
WMLP,FD001,CNA_a0.10,0.1,10,100,4,15.0,0.04,0.011004493986188198,0.09925715671265992,0.9921635128788155,1.0
WMLP,FD001,LBall_a0.10,0.1,10,100,13,14.0,0.13,0.07107304618542953,0.21204067708744978,0.19817888735956735,0.3963577747191347
WMLP,FD001,LBnear_a0.10,0.1,10,100,4,17.0,0.04,0.011004493986188198,0.09925715671265992,0.9921635128788155,
WMLP,FD002,CNA_a0.10,0.1,10,260,18,16.0,0.06923076923076923,0.04154374938080101,0.10720931548723328,0.9661554020756196,1.0
WMLP,FD002,LBall_a0.10,0.1,10,260,64,13.0,0.24615384615384617,0.19503325574790772,0.3031622496781815,9.561844635467659e-12,6.693291244827361e-11
WMLP,FD002,LBnear_a0.10,0.1,10,260,6,17.0,0.023076923076923078,0.008514834579336291,0.049549432335173775,0.999999753934759,
WMLP,FD003,CNA_a0.10,0.1,10,100,8,16.0,0.08,0.0351715625181628,0.15155763586442095,0.7939491381959893,1.0
WMLP,FD003,LBall_a0.10,0.1,10,100,24,13.0,0.24,0.16022461317144718,0.3357354892709986,3.963742383785827e-05,0.00015854969535143308
WMLP,FD003,LBnear_a0.10,0.1,10,100,7,17.0,0.07,0.028605288907438704,0.13891972845585732,0.8828443845641155,
WMLP,FD004,CNA_a0.10,0.1,10,249,30,16.0,0.12048192771084337,0.08278412544988503,0.16751022973188257,0.16495154462543526,1.0
WMLP,FD004,LBall_a0.10,0.1,10,249,95,12.0,0.3815261044176707,0.32091745701296553,0.44499146253099814,4.4247150384644804e-32,5.752129550003825e-31
WMLP,FD004,LBnear_a0.10,0.1,10,249,26,17.0,0.10441767068273092,0.06935104809604903,0.14924562040354578,0.43862285389282535,
WMLP,NCMAPSS,CNA_a0.10,0.1,10,99,10,26.0,0.10101010101010101,0.04951087220866289,0.17792456141884982,0.535523299875548,1.0
WMLP,NCMAPSS,LBall_a0.10,0.1,10,99,6,28.0,0.06060606060606061,0.022563798499144562,0.12725684083019678,0.938848389776035,0.938848389776035
WMLP,NCMAPSS,LBnear_a0.10,0.1,10,99,6,30.0,0.06060606060606061,0.022563798499144562,0.12725684083019678,0.938848389776035,
WMLP,PHM08,CNA_a0.10,0.1,10,218,30,17.0,0.13761467889908258,0.09481223742972314,0.19059065272207723,0.045769237444430635,0.9153847488886127
WMLP,PHM08,LBall_a0.10,0.1,10,218,72,12.0,0.3302752293577982,0.26824658311352534,0.39699401348447605,1.7644860925480653e-20,1.5880374832932588e-19
WMLP,PHM08,LBnear_a0.10,0.1,10,218,21,18.5,0.0963302752293578,0.06062354483203511,0.14347851557260366,0.6046766662236119,
