dataset,split,rep,alpha,method,n,failures,infinite,notice_median,ess,rate,tol
BATTERY,g1,0,0.05,static,36,0,0.0,68.0,8.268884169469459,0.0,0.1226483157256779
BATTERY,g1,0,0.05,weighted,36,0,0.8333333333333334,722.0,8.268884169469459,0.0,0.1226483157256779
BATTERY,g1,0,0.1,static,36,0,0.0,59.5,8.268884169469459,0.0,0.2
BATTERY,g1,0,0.1,weighted,36,0,0.6666666666666666,668.0,8.268884169469459,0.0,0.2
BATTERY,g1,0,0.2,static,36,1,0.0,55.0,8.268884169469459,0.027777777777777776,0.33333333333333337
BATTERY,g1,0,0.2,weighted,36,1,0.3333333333333333,60.0,8.268884169469459,0.027777777777777776,0.33333333333333337
BATTERY,g1,1,0.05,static,36,0,0.0,160.5,8.813956829949749,0.0,0.1226483157256779
BATTERY,g1,1,0.05,weighted,36,0,0.7222222222222222,699.5,8.813956829949749,0.0,0.1226483157256779
BATTERY,g1,1,0.1,static,36,0,0.0,75.0,8.813956829949749,0.0,0.2
BATTERY,g1,1,0.1,weighted,36,0,0.5,342.0,8.813956829949749,0.0,0.2
BATTERY,g1,1,0.2,static,36,1,0.0,58.5,8.813956829949749,0.027777777777777776,0.33333333333333337
BATTERY,g1,1,0.2,weighted,36,1,0.16666666666666666,58.5,8.813956829949749,0.027777777777777776,0.33333333333333337
BATTERY,g1,2,0.05,static,36,0,0.0,70.5,11.202946946488199,0.0,0.1226483157256779
BATTERY,g1,2,0.05,weighted,36,0,0.8333333333333334,722.0,11.202946946488199,0.0,0.1226483157256779
BATTERY,g1,2,0.1,static,36,0,0.0,57.5,11.202946946488199,0.0,0.2
BATTERY,g1,2,0.1,weighted,36,0,0.6388888888888888,646.5,11.202946946488199,0.0,0.2
BATTERY,g1,2,0.2,static,36,0,0.0,54.0,11.202946946488199,0.0,0.33333333333333337
BATTERY,g1,2,0.2,weighted,36,0,0.3888888888888889,65.0,11.202946946488199,0.0,0.33333333333333337
BATTERY,g2,0,0.05,static,43,19,0.0,32.0,7.019640359490768,0.4418604651162791,0.11647258571142537
BATTERY,g2,0,0.05,weighted,43,20,0.46511627906976744,31.0,7.019640359490768,0.46511627906976744,0.11647258571142537
BATTERY,g2,0,0.1,static,43,33,0.0,27.0,7.019640359490768,0.7674418604651163,0.19149914219956282
BATTERY,g2,0,0.1,weighted,43,27,0.32558139534883723,26.0,7.019640359490768,0.627906976744186,0.19149914219956282
BATTERY,g2,0,0.2,static,43,39,0.0,24.0,7.019640359490768,0.9069767441860465,0.32199885626608377
BATTERY,g2,0,0.2,weighted,43,31,0.18604651162790697,24.0,7.019640359490768,0.7209302325581395,0.32199885626608377
BATTERY,g2,1,0.05,static,43,24,0.0,30.0,12.701098776795414,0.5581395348837209,0.11647258571142537
BATTERY,g2,1,0.05,weighted,43,19,0.46511627906976744,34.0,12.701098776795414,0.4418604651162791,0.11647258571142537
BATTERY,g2,1,0.1,static,43,34,0.0,26.0,12.701098776795414,0.7906976744186046,0.19149914219956282
BATTERY,g2,1,0.1,weighted,43,23,0.3488372093023256,27.0,12.701098776795414,0.5348837209302325,0.19149914219956282
BATTERY,g2,1,0.2,static,43,36,0.0,25.0,12.701098776795414,0.8372093023255814,0.32199885626608377
BATTERY,g2,1,0.2,weighted,43,30,0.18604651162790697,26.0,12.701098776795414,0.6976744186046512,0.32199885626608377
BATTERY,g2,2,0.05,static,43,15,0.0,33.0,11.636738856737143,0.3488372093023256,0.11647258571142537
BATTERY,g2,2,0.05,weighted,43,12,0.5116279069767442,145.0,11.636738856737143,0.27906976744186046,0.11647258571142537
BATTERY,g2,2,0.1,static,43,28,0.0,29.0,11.636738856737143,0.6511627906976745,0.19149914219956282
BATTERY,g2,2,0.1,weighted,43,21,0.3488372093023256,31.0,11.636738856737143,0.4883720930232558,0.19149914219956282
BATTERY,g2,2,0.2,static,43,31,0.0,27.0,11.636738856737143,0.7209302325581395,0.32199885626608377
BATTERY,g2,2,0.2,weighted,43,28,0.18604651162790697,28.0,11.636738856737143,0.6511627906976745,0.32199885626608377
BATTERY,g3,0,0.05,static,44,19,0.0,33.0,30.298623956433133,0.4318181818181818,0.1157128740672771
BATTERY,g3,0,0.05,weighted,44,19,0.0,33.0,30.298623956433133,0.4318181818181818,0.1157128740672771
BATTERY,g3,0,0.1,static,44,26,0.0,30.0,30.298623956433133,0.5909090909090909,0.1904534033733291
BATTERY,g3,0,0.1,weighted,44,25,0.0,30.0,30.298623956433133,0.5681818181818182,0.1904534033733291
BATTERY,g3,0,0.2,static,44,29,0.0,27.0,30.298623956433133,0.6590909090909091,0.3206045378311055
BATTERY,g3,0,0.2,weighted,44,29,0.0,27.0,30.298623956433133,0.6590909090909091,0.3206045378311055
BATTERY,g3,1,0.05,static,44,9,0.0,40.0,30.30005156936385,0.20454545454545456,0.1157128740672771
BATTERY,g3,1,0.05,weighted,44,9,0.0,40.0,30.30005156936385,0.20454545454545456,0.1157128740672771
BATTERY,g3,1,0.1,static,44,32,0.0,27.0,30.30005156936385,0.7272727272727273,0.1904534033733291
BATTERY,g3,1,0.1,weighted,44,32,0.0,27.0,30.30005156936385,0.7272727272727273,0.1904534033733291
BATTERY,g3,1,0.2,static,44,35,0.0,24.0,30.30005156936385,0.7954545454545454,0.3206045378311055
BATTERY,g3,1,0.2,weighted,44,35,0.0,24.0,30.30005156936385,0.7954545454545454,0.3206045378311055
BATTERY,g3,2,0.05,static,44,20,0.0,33.0,26.69552250685401,0.45454545454545453,0.1157128740672771
BATTERY,g3,2,0.05,weighted,44,15,0.13636363636363635,33.5,26.69552250685401,0.3409090909090909,0.1157128740672771
BATTERY,g3,2,0.1,static,44,23,0.0,31.0,26.69552250685401,0.5227272727272727,0.1904534033733291
BATTERY,g3,2,0.1,weighted,44,23,0.0,31.0,26.69552250685401,0.5227272727272727,0.1904534033733291
BATTERY,g3,2,0.2,static,44,27,0.0,30.0,26.69552250685401,0.6136363636363636,0.3206045378311055
BATTERY,g3,2,0.2,weighted,44,28,0.0,30.0,26.69552250685401,0.6363636363636364,0.3206045378311055
NCMAPSS,g0,0,0.05,static,10,0,0.0,50.5,30.546144931012833,0.0,0.1878404875209022
NCMAPSS,g0,0,0.05,weighted,10,0,0.0,44.0,30.546144931012833,0.0,0.1878404875209022
NCMAPSS,g0,0,0.1,static,10,0,0.0,38.0,30.546144931012833,0.0,0.28973665961010275
NCMAPSS,g0,0,0.1,weighted,10,0,0.0,36.0,30.546144931012833,0.0,0.28973665961010275
NCMAPSS,g0,0,0.2,static,10,0,0.0,27.0,30.546144931012833,0.0,0.4529822128134704
NCMAPSS,g0,0,0.2,weighted,10,0,0.0,26.5,30.546144931012833,0.0,0.4529822128134704
NCMAPSS,g0,1,0.05,static,10,0,0.0,46.5,25.895725750764303,0.0,0.1878404875209022
NCMAPSS,g0,1,0.05,weighted,10,0,0.1,44.0,25.895725750764303,0.0,0.1878404875209022
NCMAPSS,g0,1,0.1,static,10,0,0.0,32.5,25.895725750764303,0.0,0.28973665961010275
NCMAPSS,g0,1,0.1,weighted,10,0,0.0,32.5,25.895725750764303,0.0,0.28973665961010275
NCMAPSS,g0,1,0.2,static,10,0,0.0,30.0,25.895725750764303,0.0,0.4529822128134704
NCMAPSS,g0,1,0.2,weighted,10,0,0.0,30.0,25.895725750764303,0.0,0.4529822128134704
NCMAPSS,g0,2,0.05,static,10,0,0.0,44.5,30.967259480123857,0.0,0.1878404875209022
NCMAPSS,g0,2,0.05,weighted,10,0,0.0,43.0,30.967259480123857,0.0,0.1878404875209022
NCMAPSS,g0,2,0.1,static,10,0,0.0,40.5,30.967259480123857,0.0,0.28973665961010275
NCMAPSS,g0,2,0.1,weighted,10,0,0.0,40.5,30.967259480123857,0.0,0.28973665961010275
NCMAPSS,g0,2,0.2,static,10,0,0.0,32.5,30.967259480123857,0.0,0.4529822128134704
NCMAPSS,g0,2,0.2,weighted,10,0,0.0,32.0,30.967259480123857,0.0,0.4529822128134704
NCMAPSS,g1,0,0.05,static,9,0,0.0,44.0,14.121123208419625,0.0,0.19529663145135578
NCMAPSS,g1,0,0.05,weighted,9,0,0.8888888888888888,66.0,14.121123208419625,0.0,0.19529663145135578
NCMAPSS,g1,0,0.1,static,9,0,0.0,28.0,14.121123208419625,0.0,0.30000000000000004
NCMAPSS,g1,0,0.1,weighted,9,0,0.7777777777777778,65.0,14.121123208419625,0.0,0.30000000000000004
NCMAPSS,g1,0,0.2,static,9,0,0.0,25.0,14.121123208419625,0.0,0.46666666666666673
NCMAPSS,g1,0,0.2,weighted,9,0,0.4444444444444444,39.0,14.121123208419625,0.0,0.46666666666666673
NCMAPSS,g1,1,0.05,static,9,0,0.0,31.0,11.363896992243776,0.0,0.19529663145135578
NCMAPSS,g1,1,0.05,weighted,9,0,0.8888888888888888,66.0,11.363896992243776,0.0,0.19529663145135578
NCMAPSS,g1,1,0.1,static,9,0,0.0,23.0,11.363896992243776,0.0,0.30000000000000004
NCMAPSS,g1,1,0.1,weighted,9,0,0.7777777777777778,65.0,11.363896992243776,0.0,0.30000000000000004
NCMAPSS,g1,1,0.2,static,9,0,0.0,14.0,11.363896992243776,0.0,0.46666666666666673
NCMAPSS,g1,1,0.2,weighted,9,0,0.6666666666666666,65.0,11.363896992243776,0.0,0.46666666666666673
NCMAPSS,g1,2,0.05,static,9,0,0.0,17.0,14.4538818459595,0.0,0.19529663145135578
NCMAPSS,g1,2,0.05,weighted,9,0,0.8888888888888888,66.0,14.4538818459595,0.0,0.19529663145135578
NCMAPSS,g1,2,0.1,static,9,0,0.0,16.0,14.4538818459595,0.0,0.30000000000000004
NCMAPSS,g1,2,0.1,weighted,9,0,0.7777777777777778,65.0,14.4538818459595,0.0,0.30000000000000004
NCMAPSS,g1,2,0.2,static,9,2,0.0,12.0,14.4538818459595,0.2222222222222222,0.46666666666666673
NCMAPSS,g1,2,0.2,weighted,9,0,0.4444444444444444,32.0,14.4538818459595,0.0,0.46666666666666673
NCMAPSS,g2,0,0.05,static,15,0,0.0,38.0,31.586797709576167,0.0,0.16254628677422756
NCMAPSS,g2,0,0.05,weighted,15,0,0.0,38.0,31.586797709576167,0.0,0.16254628677422756
NCMAPSS,g2,0,0.1,static,15,0,0.0,26.0,31.586797709576167,0.0,0.2549193338482967
NCMAPSS,g2,0,0.1,weighted,15,0,0.0,26.0,31.586797709576167,0.0,0.2549193338482967
NCMAPSS,g2,0,0.2,static,15,2,0.0,19.0,31.586797709576167,0.13333333333333333,0.4065591117977289
NCMAPSS,g2,0,0.2,weighted,15,2,0.0,19.0,31.586797709576167,0.13333333333333333,0.4065591117977289
NCMAPSS,g2,1,0.05,static,15,0,0.0,37.0,30.479807677391886,0.0,0.16254628677422756
NCMAPSS,g2,1,0.05,weighted,15,0,0.0,37.0,30.479807677391886,0.0,0.16254628677422756
NCMAPSS,g2,1,0.1,static,15,1,0.0,22.0,30.479807677391886,0.06666666666666667,0.2549193338482967
NCMAPSS,g2,1,0.1,weighted,15,0,0.0,22.0,30.479807677391886,0.0,0.2549193338482967
NCMAPSS,g2,1,0.2,static,15,1,0.0,19.0,30.479807677391886,0.06666666666666667,0.4065591117977289
NCMAPSS,g2,1,0.2,weighted,15,1,0.0,19.0,30.479807677391886,0.06666666666666667,0.4065591117977289
NCMAPSS,g2,2,0.05,static,15,0,0.0,29.0,29.662680173372703,0.0,0.16254628677422756
NCMAPSS,g2,2,0.05,weighted,15,0,0.06666666666666667,28.0,29.662680173372703,0.0,0.16254628677422756
NCMAPSS,g2,2,0.1,static,15,0,0.0,24.0,29.662680173372703,0.0,0.2549193338482967
NCMAPSS,g2,2,0.1,weighted,15,0,0.0,24.0,29.662680173372703,0.0,0.2549193338482967
NCMAPSS,g2,2,0.2,static,15,0,0.0,21.0,29.662680173372703,0.0,0.4065591117977289
NCMAPSS,g2,2,0.2,weighted,15,0,0.0,21.0,29.662680173372703,0.0,0.4065591117977289
NCMAPSS,g3,0,0.05,static,10,0,0.0,40.5,26.766552847958927,0.0,0.1878404875209022
NCMAPSS,g3,0,0.05,weighted,10,0,0.0,40.5,26.766552847958927,0.0,0.1878404875209022
NCMAPSS,g3,0,0.1,static,10,2,0.0,39.0,26.766552847958927,0.2,0.28973665961010275
NCMAPSS,g3,0,0.1,weighted,10,3,0.0,34.0,26.766552847958927,0.3,0.28973665961010275
NCMAPSS,g3,0,0.2,static,10,7,0.0,13.0,26.766552847958927,0.7,0.4529822128134704
NCMAPSS,g3,0,0.2,weighted,10,7,0.0,13.0,26.766552847958927,0.7,0.4529822128134704
NCMAPSS,g3,1,0.05,static,10,1,0.0,31.0,28.709809276371875,0.1,0.1878404875209022
NCMAPSS,g3,1,0.05,weighted,10,1,0.0,31.0,28.709809276371875,0.1,0.1878404875209022
NCMAPSS,g3,1,0.1,static,10,4,0.0,29.0,28.709809276371875,0.4,0.28973665961010275
NCMAPSS,g3,1,0.1,weighted,10,4,0.0,29.0,28.709809276371875,0.4,0.28973665961010275
NCMAPSS,g3,1,0.2,static,10,5,0.0,27.0,28.709809276371875,0.5,0.4529822128134704
NCMAPSS,g3,1,0.2,weighted,10,5,0.0,26.0,28.709809276371875,0.5,0.4529822128134704
NCMAPSS,g3,2,0.05,static,10,2,0.0,43.0,26.158177513787717,0.2,0.1878404875209022
NCMAPSS,g3,2,0.05,weighted,10,2,0.0,43.0,26.158177513787717,0.2,0.1878404875209022
NCMAPSS,g3,2,0.1,static,10,4,0.0,28.0,26.158177513787717,0.4,0.28973665961010275
NCMAPSS,g3,2,0.1,weighted,10,3,0.0,38.0,26.158177513787717,0.3,0.28973665961010275
NCMAPSS,g3,2,0.2,static,10,6,0.0,24.0,26.158177513787717,0.6,0.4529822128134704
NCMAPSS,g3,2,0.2,weighted,10,6,0.0,26.0,26.158177513787717,0.6,0.4529822128134704
NCMAPSS,g4,0,0.05,static,10,0,0.0,28.5,32.156591256901756,0.0,0.1878404875209022
NCMAPSS,g4,0,0.05,weighted,10,0,0.0,28.0,32.156591256901756,0.0,0.1878404875209022
NCMAPSS,g4,0,0.1,static,10,0,0.0,25.5,32.156591256901756,0.0,0.28973665961010275
NCMAPSS,g4,0,0.1,weighted,10,0,0.0,27.0,32.156591256901756,0.0,0.28973665961010275
NCMAPSS,g4,0,0.2,static,10,1,0.0,16.5,32.156591256901756,0.1,0.4529822128134704
NCMAPSS,g4,0,0.2,weighted,10,1,0.0,16.5,32.156591256901756,0.1,0.4529822128134704
NCMAPSS,g4,1,0.05,static,10,0,0.0,29.0,26.90841129221684,0.0,0.1878404875209022
NCMAPSS,g4,1,0.05,weighted,10,0,0.0,28.0,26.90841129221684,0.0,0.1878404875209022
NCMAPSS,g4,1,0.1,static,10,0,0.0,27.5,26.90841129221684,0.0,0.28973665961010275
NCMAPSS,g4,1,0.1,weighted,10,0,0.0,27.0,26.90841129221684,0.0,0.28973665961010275
NCMAPSS,g4,1,0.2,static,10,0,0.0,21.0,26.90841129221684,0.0,0.4529822128134704
NCMAPSS,g4,1,0.2,weighted,10,0,0.0,20.5,26.90841129221684,0.0,0.4529822128134704
NCMAPSS,g4,2,0.05,static,10,0,0.0,32.0,28.41246705767383,0.0,0.1878404875209022
NCMAPSS,g4,2,0.05,weighted,10,0,0.1,30.5,28.41246705767383,0.0,0.1878404875209022
NCMAPSS,g4,2,0.1,static,10,0,0.0,30.5,28.41246705767383,0.0,0.28973665961010275
NCMAPSS,g4,2,0.1,weighted,10,0,0.0,25.0,28.41246705767383,0.0,0.28973665961010275
NCMAPSS,g4,2,0.2,static,10,0,0.0,20.5,28.41246705767383,0.0,0.4529822128134704
NCMAPSS,g4,2,0.2,weighted,10,0,0.0,19.5,28.41246705767383,0.0,0.4529822128134704
NCMAPSS,g5,0,0.05,static,10,0,0.0,27.0,30.832950617004247,0.0,0.1878404875209022
NCMAPSS,g5,0,0.05,weighted,10,0,0.0,27.0,30.832950617004247,0.0,0.1878404875209022
NCMAPSS,g5,0,0.1,static,10,0,0.0,26.5,30.832950617004247,0.0,0.28973665961010275
NCMAPSS,g5,0,0.1,weighted,10,0,0.0,24.5,30.832950617004247,0.0,0.28973665961010275
NCMAPSS,g5,0,0.2,static,10,1,0.0,22.5,30.832950617004247,0.1,0.4529822128134704
NCMAPSS,g5,0,0.2,weighted,10,1,0.0,19.5,30.832950617004247,0.1,0.4529822128134704
NCMAPSS,g5,1,0.05,static,10,0,0.0,29.0,30.84985818211789,0.0,0.1878404875209022
NCMAPSS,g5,1,0.05,weighted,10,0,0.0,26.0,30.84985818211789,0.0,0.1878404875209022
NCMAPSS,g5,1,0.1,static,10,0,0.0,24.0,30.84985818211789,0.0,0.28973665961010275
NCMAPSS,g5,1,0.1,weighted,10,0,0.0,23.5,30.84985818211789,0.0,0.28973665961010275
NCMAPSS,g5,1,0.2,static,10,0,0.0,18.5,30.84985818211789,0.0,0.4529822128134704
NCMAPSS,g5,1,0.2,weighted,10,2,0.0,15.5,30.84985818211789,0.2,0.4529822128134704
NCMAPSS,g5,2,0.05,static,10,0,0.0,29.5,24.665244997217567,0.0,0.1878404875209022
NCMAPSS,g5,2,0.05,weighted,10,1,0.1,23.5,24.665244997217567,0.1,0.1878404875209022
NCMAPSS,g5,2,0.1,static,10,0,0.0,25.0,24.665244997217567,0.0,0.28973665961010275
NCMAPSS,g5,2,0.1,weighted,10,1,0.0,19.0,24.665244997217567,0.1,0.28973665961010275
NCMAPSS,g5,2,0.2,static,10,1,0.0,18.5,24.665244997217567,0.1,0.4529822128134704
NCMAPSS,g5,2,0.2,weighted,10,1,0.0,15.0,24.665244997217567,0.1,0.4529822128134704
NCMAPSS,g6,0,0.05,static,10,0,0.0,31.0,28.992902554269932,0.0,0.1878404875209022
NCMAPSS,g6,0,0.05,weighted,10,0,0.1,34.0,28.992902554269932,0.0,0.1878404875209022
NCMAPSS,g6,0,0.1,static,10,0,0.0,28.5,28.992902554269932,0.0,0.28973665961010275
NCMAPSS,g6,0,0.1,weighted,10,0,0.0,27.5,28.992902554269932,0.0,0.28973665961010275
NCMAPSS,g6,0,0.2,static,10,2,0.0,17.5,28.992902554269932,0.2,0.4529822128134704
NCMAPSS,g6,0,0.2,weighted,10,2,0.0,15.5,28.992902554269932,0.2,0.4529822128134704
NCMAPSS,g6,1,0.05,static,10,0,0.0,36.0,31.243751026444812,0.0,0.1878404875209022
NCMAPSS,g6,1,0.05,weighted,10,0,0.0,34.0,31.243751026444812,0.0,0.1878404875209022
NCMAPSS,g6,1,0.1,static,10,0,0.0,30.0,31.243751026444812,0.0,0.28973665961010275
NCMAPSS,g6,1,0.1,weighted,10,0,0.0,27.5,31.243751026444812,0.0,0.28973665961010275
NCMAPSS,g6,1,0.2,static,10,0,0.0,23.5,31.243751026444812,0.0,0.4529822128134704
NCMAPSS,g6,1,0.2,weighted,10,0,0.0,22.0,31.243751026444812,0.0,0.4529822128134704
NCMAPSS,g6,2,0.05,static,10,0,0.0,21.5,23.466825434295178,0.0,0.1878404875209022
NCMAPSS,g6,2,0.05,weighted,10,0,0.1,24.0,23.466825434295178,0.0,0.1878404875209022
NCMAPSS,g6,2,0.1,static,10,0,0.0,19.0,23.466825434295178,0.0,0.28973665961010275
NCMAPSS,g6,2,0.1,weighted,10,0,0.0,18.0,23.466825434295178,0.0,0.28973665961010275
NCMAPSS,g6,2,0.2,static,10,0,0.0,16.5,23.466825434295178,0.0,0.4529822128134704
NCMAPSS,g6,2,0.2,weighted,10,0,0.0,16.5,23.466825434295178,0.0,0.4529822128134704
NCMAPSS,g7,0,0.05,static,15,2,0.0,27.0,31.05077393114329,0.13333333333333333,0.16254628677422756
NCMAPSS,g7,0,0.05,weighted,15,2,0.0,27.0,31.05077393114329,0.13333333333333333,0.16254628677422756
NCMAPSS,g7,0,0.1,static,15,5,0.0,23.5,31.05077393114329,0.3333333333333333,0.2549193338482967
NCMAPSS,g7,0,0.1,weighted,15,5,0.0,23.0,31.05077393114329,0.3333333333333333,0.2549193338482967
NCMAPSS,g7,0,0.2,static,15,5,0.0,15.0,31.05077393114329,0.3333333333333333,0.4065591117977289
NCMAPSS,g7,0,0.2,weighted,15,5,0.0,14.0,31.05077393114329,0.3333333333333333,0.4065591117977289
NCMAPSS,g7,1,0.05,static,15,3,0.0,26.0,28.968648190379458,0.2,0.16254628677422756
NCMAPSS,g7,1,0.05,weighted,15,3,0.0,25.0,28.968648190379458,0.2,0.16254628677422756
NCMAPSS,g7,1,0.1,static,15,5,0.0,20.0,28.968648190379458,0.3333333333333333,0.2549193338482967
NCMAPSS,g7,1,0.1,weighted,15,5,0.0,19.0,28.968648190379458,0.3333333333333333,0.2549193338482967
NCMAPSS,g7,1,0.2,static,15,5,0.0,12.5,28.968648190379458,0.3333333333333333,0.4065591117977289
NCMAPSS,g7,1,0.2,weighted,15,7,0.0,13.0,28.968648190379458,0.4666666666666667,0.4065591117977289
NCMAPSS,g7,2,0.05,static,15,3,0.0,27.0,27.302463623421293,0.2,0.16254628677422756
NCMAPSS,g7,2,0.05,weighted,15,3,0.06666666666666667,25.0,27.302463623421293,0.2,0.16254628677422756
NCMAPSS,g7,2,0.1,static,15,3,0.0,22.0,27.302463623421293,0.2,0.2549193338482967
NCMAPSS,g7,2,0.1,weighted,15,3,0.0,22.0,27.302463623421293,0.2,0.2549193338482967
NCMAPSS,g7,2,0.2,static,15,3,0.0,19.0,27.302463623421293,0.2,0.4065591117977289
NCMAPSS,g7,2,0.2,weighted,15,4,0.0,19.0,27.302463623421293,0.26666666666666666,0.4065591117977289
NCMAPSS,g8,0,0.05,static,10,1,0.0,17.0,20.559654706909775,0.1,0.1878404875209022
NCMAPSS,g8,0,0.05,weighted,10,0,0.2,19.5,20.559654706909775,0.0,0.1878404875209022
NCMAPSS,g8,0,0.1,static,10,3,0.0,14.5,20.559654706909775,0.3,0.28973665961010275
NCMAPSS,g8,0,0.1,weighted,10,2,0.0,14.0,20.559654706909775,0.2,0.28973665961010275
NCMAPSS,g8,0,0.2,static,10,9,0.0,6.0,20.559654706909775,0.9,0.4529822128134704
NCMAPSS,g8,0,0.2,weighted,10,6,0.0,10.0,20.559654706909775,0.6,0.4529822128134704
NCMAPSS,g8,1,0.05,static,10,1,0.0,23.0,27.090997315873516,0.1,0.1878404875209022
NCMAPSS,g8,1,0.05,weighted,10,1,0.0,23.0,27.090997315873516,0.1,0.1878404875209022
NCMAPSS,g8,1,0.1,static,10,4,0.0,15.0,27.090997315873516,0.4,0.28973665961010275
NCMAPSS,g8,1,0.1,weighted,10,3,0.0,15.0,27.090997315873516,0.3,0.28973665961010275
NCMAPSS,g8,1,0.2,static,10,7,0.0,8.0,27.090997315873516,0.7,0.4529822128134704
NCMAPSS,g8,1,0.2,weighted,10,7,0.0,8.0,27.090997315873516,0.7,0.4529822128134704
NCMAPSS,g8,2,0.05,static,10,0,0.0,18.0,25.53784297520399,0.0,0.1878404875209022
NCMAPSS,g8,2,0.05,weighted,10,0,0.1,18.0,25.53784297520399,0.0,0.1878404875209022
NCMAPSS,g8,2,0.1,static,10,5,0.0,13.5,25.53784297520399,0.5,0.28973665961010275
NCMAPSS,g8,2,0.1,weighted,10,3,0.0,15.5,25.53784297520399,0.3,0.28973665961010275
NCMAPSS,g8,2,0.2,static,10,9,0.0,7.0,25.53784297520399,0.9,0.4529822128134704
NCMAPSS,g8,2,0.2,weighted,10,9,0.0,7.0,25.53784297520399,0.9,0.4529822128134704
