Dataset,n,Estimate (%),Constant (%),Discordant (est./const.),"Difference, 90% CI (points)",TOST p (±5),Equivalent,SD of estimate / notice at alarm,Thm 1 bound / discordance (points),Lemma (iii) holds
PHM08,218,87.6,94.0,4/18,"-6.4 (-10.3, -3.1)",0.756,no,2.6 / 4.9,15.9 / 10.1,100%
FD001,100,86.0,85.0,6/5,"+1.0 (-4.9, +7.0)",0.126,no,3.0 / 5.3,19.1 / 11.0,100%
FD002,260,90.4,91.9,7/11,"-1.5 (-4.5, +1.2)",0.028,yes,2.4 / 5.2,13.6 / 6.9,100%
FD003,100,84.0,86.0,6/8,"-2.0 (-8.6, +4.5)",0.216,no,2.9 / 5.3,13.6 / 14.0,100%
FD004,249,79.1,85.1,6/21,"-6.0 (-9.7, -2.7)",0.694,no,2.3 / 18.0,15.2 / 10.8,100%
N-CMAPSS,99,52.5,56.6,13/17,"-4.0 (-13.3, +5.2)",0.431,no,3.2 / 11.0,28.1 / 30.3,100%
N-CMAPSS (held-out group),99,55.6,53.5,6/4,"+2.0 (-3.6, +7.9)",0.186,no,2.8 / 9.8,18.0 / 10.1,100%
Battery,123,95.1,85.4,13/1,"+9.8 (+5.4, +15.3)",0.964,no,6.3 / 12.9,8.9 / 11.4,100%
Battery (held-out group),123,54.5,53.7,7/6,"+0.8 (-4.3, +6.0)",0.089,no,7.3 / 24.4,7.1 / 10.6,100%
