CNA-DA vs,PHM08,FD001,FD002,FD003,FD004,N-CMAPSS,Battery,N-CMAPSS LOGO,Battery LOGO
Age replacement,15/0 (0.61),6/0 (0.86),12/0 (0.69),5/0 (0.82),12/0 (0.63),0/0 (1.17),16/0 (0.51),2/0 (1.03),15/0 (0.57)
"STW, window-tuned",4/0 (0.99),0/0 (1.12),4/0 (1.04),0/3 (1.15),0/1 (1.03),0/2 (1.10),0/4 (1.00),2/4 (1.09),0/16 (2.58)
"STW, cost-tuned (plain)",12/0 (0.87),4/0 (0.88),0/0 (0.97),0/0 (0.87),7/0 (0.83),3/0 (0.91),0/0 (0.87),7/1 (0.91),8/0 (0.90)
"STW, cost-tuned (1-SE)",4/0 (1.00),0/8 (1.37),1/5 (1.04),0/11 (1.45),0/4 (1.13),1/0 (1.06),0/0 (1.10),0/5 (1.02),0/16 (4.17)
"Kamariotis P1, p = 1/ρ",12/0 (0.62),7/0 (0.79),13/0 (0.69),9/2 (0.69),13/0 (0.64),12/1 (0.67),6/4 (0.80),14/0 (0.56),7/8 (1.12)
"Kamariotis P1, optimised",8/0 (0.99),8/0 (1.00),8/3 (1.00),0/4 (1.15),3/1 (1.03),0/3 (1.12),8/0 (0.99),1/0 (1.06),0/16 (2.41)
LB-near alarm (α = 0.10),16/0 (0.47),4/0 (0.84),11/0 (0.81),0/0 (0.88),16/0 (0.58),13/0 (0.63),11/0 (0.71),13/1 (0.53),8/4 (0.92)
"Capacity trend, window-tuned",–,–,–,–,–,–,0/12 (1.17),–,0/16 (5.48)
"Capacity trend, 1-SE",–,–,–,–,–,–,0/4 (1.15),–,0/16 (5.41)
CNA-DA on the capacity trend,–,–,–,–,–,–,0/0 (1.03),–,0/16 (3.76)
Mean excess over cheapest: CNA-DA,9%,63%,12%,84%,16%,41%,30%,33%,708%
… STW 1-SE,1%,0%,3%,5%,0%,41%,6%,35%,53%
… Kamariotis P1 opt.,4%,51%,7%,42%,13%,8%,27%,22%,188%
… STW window-tuned,2%,35%,3%,38%,11%,22%,30%,13%,214%
