Held-out group,Units,"CNA 0.10, other groups",CNA-DA,"Pilot m=10, α=0.10","Pilot m=5, α=0.20",STW window,STW 1-SE,Kamariotis P1 opt.,Trend 1-SE,CNA 0.10 on trend
Battery batch 1,36,0.00,0.00,0.095,0.167,0.00,0.00,0.00,0.00,0.00
Battery batch 2,43,0.74,0.45,0.094,0.165,0.35,0.00,0.12,0.00,0.56
Battery batch 3,44,0.61,0.36,0.084,0.167,0.06,0.02,0.17,0.00,0.02
N-CMAPSS subset 1,10,0.00,0.00,–,0.171,0.00,0.00,0.00,–,–
N-CMAPSS subset 2,9,0.00,0.00,–,0.170,0.00,0.00,0.00,–,–
N-CMAPSS subset 3,15,0.02,0.00,–,0.171,0.02,0.00,0.00,–,–
N-CMAPSS subset 4,10,0.33,0.10,–,0.165,0.07,0.10,0.07,–,–
N-CMAPSS subset 5,10,0.00,0.00,–,0.177,0.00,0.00,0.00,–,–
N-CMAPSS subset 6,10,0.00,0.00,–,0.165,0.00,0.00,0.00,–,–
N-CMAPSS subset 7,10,0.00,0.00,–,0.169,0.00,0.00,0.00,–,–
N-CMAPSS subset 8,15,0.29,0.18,–,0.169,0.11,0.18,0.11,–,–
N-CMAPSS subset 9,10,0.40,0.07,–,0.169,0.10,0.13,0.03,–,–
